Location,Area_SqFt,BHK,Bathrooms,Parking,Property_Age,Floor_Number,Total_Floors,Price,Price_Per_SqFt
Kondapur,2450.1,4,4,1.0,0,7,12,17733462.0,7237.9
Hitech City,1083.4,2,3,3.0,0,0,22,10409520.0,9608.2
Miyapur,1167.1,3,3,3.0,2,11,16,7162907.0,6137.6
LB Nagar,1674.2,3,3,0.0,20,1,15,5852338.0,3495.6
Nallagandla,591.6,1,2,1.0,15,0,4,3279886.0,5544.4
Hitech City,1088.3,2,2,1.0,0,11,19,11385068.0,10460.9
Banjara Hills,1173.8,2,2,1.0,5,4,9,16376339.0,13951.2
Ameerpet,2113.5,3,4,1.0,2,12,16,15087973.0,7139.0
Jubilee Hills,503.7,1,1,0.0,1,2,9,6552000.0,13007.8
Financial District,1609.0,3,3,2.0,7,0,3,14213585.0,8833.9
Ameerpet,1317.3,2,2,1.0,5,4,4,8784631.0,6668.8
Begumpet,1721.6,3,4,1.0,5,9,16,14550039.0,8451.7
Nizampet,1141.7,2,2,,1,3,8,6598925.0,5779.7
Nizampet,586.9,1,2,2.0,7,3,7,2947612.0,5022.0
Miyapur,1163.4,2,3,,2,0,2,6994171.0,6011.9
LB Nagar,1029.9,2,2,1.0,7,11,11,4338349.0,4212.4
Begumpet,1191.6,2,2,0.0,2,13,13,8369821.0,7024.1
Kondapur,1437.6,3,3,1.0,5,22,23,9923857.0,6902.9
Gachibowli,1347.8,2,2,1.0,5,3,24,12086036.0,8967.1
Kukatpally,1250.4,2,2,3.0,3,15,17,7708052.0,6164.3
Jubilee Hills,1416.9,2,3,1.0,2,2,4,20841794.0,14709.7
LB Nagar,1756.2,3,3,3.0,1,9,19,7535337.0,4290.7
Financial District,913.9,2,3,3.0,5,8,24,9048064.0,9900.0
Nallagandla,1222.0,2,3,2.0,7,0,12,7962712.0,6516.0
Tellapur,2535.7,4,4,3.0,25,13,19,16885606.0,6659.1
Shaikpet,1679.8,3,3,0.0,5,7,17,11389562.0,6780.2
Kondapur,1732.8,3,3,1.0,2,5,7,10815091.0,6241.4
Nizampet,1622.1,3,3,1.0,7,0,2,8740343.0,5388.3
Ameerpet,1155.8,2,2,3.0,20,5,22,6416602.0,5551.7
Financial District,1624.7,3,3,1.0,25,20,21,13566194.0,8349.8
Jubilee Hills,1179.5,2,3,2.0,5,17,25,16227605.0,13757.5
Begumpet,3222.4,5,6,2.0,7,5,12,22380656.0,6945.4
Ameerpet,1517.9,3,3,1.0,0,8,8,8556986.0,5637.2
Hitech City,2667.3,4,5,2.0,2,1,3,26273645.0,9850.2
Uppal,1295.9,3,3,0.0,0,6,7,5977302.0,4612.6
Kukatpally,1365.3,2,2,1.0,0,3,14,8497564.0,6223.8
Begumpet,1628.8,3,3,2.0,2,22,22,12677160.0,7783.2
Nallagandla,1343.3,3,3,1.0,20,0,2,7265799.0,5408.8
Kondapur,1977.8,3,3,1.0,1,13,23,14343866.0,7252.5
Gachibowli,1246.5,2,2,1.0,7,5,11,10866531.0,8717.8
Gachibowli,2300.5,4,4,2.0,7,1,17,20089730.0,8732.8
Bowenpally,2623.6,4,5,1.0,1,10,20,14821688.0,5649.4
Gachibowli,1749.3,3,3,1.0,1,1,15,16147062.0,9230.7
Uppal,1893.6,3,3,2.0,3,8,20,7978860.0,4213.6
Kondapur,1281.4,2,3,2.0,10,1,5,9727717.0,7591.6
Gachibowli,1296.0,3,4,1.0,20,3,6,8675942.0,6694.2
Bowenpally,1479.2,3,3,1.0,5,12,23,8157331.0,5514.7
Uppal,1112.6,2,3,3.0,5,15,16,5128325.0,4609.3
Gachibowli,1316.3,2,3,2.0,10,4,14,9979337.0,7581.5
Manikonda,3324.6,5,6,3.0,7,0,13,22945686.0,6901.8
Madhapur,1090.2,2,3,2.0,0,5,6,9432630.0,8652.2
Uppal,1707.4,3,3,1.0,7,11,20,7505091.0,4395.6
Kondapur,1108.3,2,2,0.0,1,6,10,7913245.0,7140.1
Jubilee Hills,1543.1,3,3,0.0,5,5,22,19609083.0,12707.3
Miyapur,2471.6,5,5,2.0,20,2,5,12254830.0,4958.2
Uppal,4073.9,5,6,1.0,7,2,23,18340817.0,4502.0
Ameerpet,1621.6,3,3,1.0,1,1,5,9854086.0,6076.7
Tellapur,1045.2,2,3,3.0,7,8,18,7347035.0,7029.0
Jubilee Hills,941.0,2,2,0.0,20,4,20,12150602.0,12912.6
Begumpet,1960.0,4,4,2.0,5,16,16,15612290.0,7965.3
Kukatpally,1717.5,3,4,2.0,5,0,4,10229243.0,5955.9
Ameerpet,676.7,1,2,2.0,5,4,22,4880061.0,7211.4
Manikonda,2213.6,4,4,,7,0,2,12023286.0,5431.5
Tellapur,1486.1,3,4,1.0,10,11,19,9652018.0,6495.0
Jubilee Hills,1853.3,3,3,1.0,0,4,16,28006391.0,15111.9
Kompally,1564.1,3,3,1.0,5,1,16,7465770.0,4773.1
LB Nagar,1821.5,3,3,1.0,7,1,5,7450255.0,4090.2
Bowenpally,1594.3,3,4,1.0,2,10,12,7757716.0,4866.0
Ameerpet,849.9,2,2,1.0,7,3,5,5859901.0,6895.1
Financial District,2429.1,4,5,1.0,15,9,19,21432313.0,8823.1
Madhapur,952.1,2,2,1.0,7,9,10,7380239.0,7751.6
Begumpet,1818.6,3,4,1.0,1,21,25,13936813.0,7663.6
Kompally,1525.9,3,4,0.0,2,2,8,6419177.0,4206.7
Begumpet,2201.1,4,4,1.0,10,6,11,16925202.0,7689.3
Bowenpally,1043.3,2,3,1.0,7,0,4,5121209.0,4908.7
Nizampet,1959.4,3,3,1.0,5,8,11,10971481.0,5599.3
Gachibowli,1277.8,2,2,3.0,7,0,2,12146659.0,9505.8
Madhapur,1314.1,2,2,2.0,0,6,10,11066412.0,8421.6
Financial District,1703.6,3,3,1.0,25,5,5,13094975.0,7686.9
Bowenpally,1811.5,3,4,1.0,5,11,14,10092814.0,5571.4
Gachibowli,1044.7,2,2,1.0,1,15,15,8279866.0,7925.8
Madhapur,1636.9,3,3,0.0,2,4,11,12352041.0,7545.9
Manikonda,3586.4,5,5,2.0,10,7,12,20927435.0,5835.2
Madhapur,1229.6,2,3,3.0,1,10,25,10656699.0,8666.5
Nallagandla,1242.2,2,3,0.0,10,8,12,7699389.0,6198.2
Gachibowli,1106.0,2,3,2.0,5,0,5,9179394.0,8299.3
Nizampet,1550.8,3,4,2.0,7,2,2,9149405.0,5899.6
Begumpet,1410.3,3,3,0.0,2,2,8,9232682.0,6546.5
Madhapur,1891.9,4,4,2.0,7,6,21,16571222.0,8759.0
Hitech City,3518.0,5,6,1.0,1,1,3,34474947.0,9799.6
Gachibowli,2586.4,4,4,2.0,1,14,25,22388300.0,8656.3
Tellapur,1254.5,2,3,1.0,7,1,5,7722297.0,6155.9
Kukatpally,1416.8,3,3,1.0,7,7,14,7989979.0,5639.5
Shaikpet,1671.7,3,4,2.0,7,0,11,11902803.0,7120.3
Nallagandla,1175.4,2,3,1.0,1,13,22,8101261.0,6892.5
Hitech City,1500.3,2,2,0.0,2,20,21,14561433.0,9705.4
Nallagandla,1295.1,2,3,1.0,5,10,18,8412890.0,6495.7
Miyapur,2430.2,4,4,0.0,2,5,12,12037381.0,4953.3
Shaikpet,1596.8,3,3,3.0,5,0,2,10196778.0,6385.9
Uppal,1134.2,2,2,0.0,5,2,9,4952707.0,4366.9
Shaikpet,1182.4,2,2,1.0,5,3,20,9042076.0,7647.2
Jubilee Hills,1165.1,2,2,2.0,5,2,2,16490265.0,14153.0
Shaikpet,2637.3,4,4,1.0,5,5,9,15032894.0,5700.0
Begumpet,1678.4,3,4,2.0,25,13,25,11542599.0,6877.3
Kukatpally,2549.8,5,5,1.0,10,18,22,14042494.0,5507.3
Ameerpet,919.6,2,3,2.0,3,1,11,6644776.0,7226.0
Financial District,1799.8,3,3,1.0,3,2,13,15403213.0,8558.5
LB Nagar,3063.7,5,5,3.0,5,17,18,14216519.0,4640.4
Uppal,1822.2,3,3,1.0,7,3,15,8539510.0,4686.4
Nizampet,1838.1,3,3,2.0,5,0,3,9996845.0,5438.6
Gachibowli,1557.1,3,3,1.0,20,2,7,11700759.0,7514.4
Tellapur,1136.4,2,2,2.0,3,15,15,9558623.0,8411.6
Banjara Hills,1102.0,2,3,1.0,3,3,9,15650616.0,14202.3
Bowenpally,1757.1,3,3,3.0,1,0,25,9559936.0,5440.7
Hitech City,1706.1,3,4,3.0,1,9,10,15761293.0,9238.0
Banjara Hills,1174.8,2,2,2.0,3,2,8,16146745.0,13744.0
Financial District,726.9,1,2,2.0,7,14,18,6802527.0,9358.4
Miyapur,1725.3,3,4,2.0,7,7,7,9716931.0,5632.1
Shaikpet,1735.1,3,3,1.0,20,14,15,10935592.0,6302.7
Kondapur,1144.5,2,3,2.0,2,6,11,9127301.0,7974.6
Bowenpally,1828.6,3,3,2.0,5,22,24,8522577.0,4660.6
Miyapur,1684.7,3,4,2.0,5,9,14,10544996.0,6259.1
Miyapur,1248.4,2,3,3.0,3,11,18,7356770.0,5892.7
Ameerpet,1835.8,4,5,1.0,1,7,15,10602576.0,5775.4
Shaikpet,883.2,2,3,1.0,20,2,6,4803982.0,5439.6
Madhapur,3293.5,5,6,3.0,10,2,5,27927587.0,8479.6
Tellapur,2622.1,4,4,,1,0,10,19990366.0,7623.7
Financial District,2442.2,4,4,1.0,5,9,18,25231795.0,10331.5
Financial District,1485.2,3,4,1.0,2,8,16,15143503.0,10196.3
Hitech City,1528.7,3,4,3.0,15,7,10,12431591.0,8132.3
Gachibowli,1458.8,3,3,2.0,0,5,19,12198497.0,8362.0
Gachibowli,1078.6,2,3,1.0,5,2,20,9218798.0,8547.2
Tellapur,1325.4,3,4,2.0,7,2,2,9137455.0,6894.1
Ameerpet,1749.5,3,4,1.0,10,4,8,11018918.0,6298.4
Kukatpally,3599.4,5,5,2.0,2,1,8,21743440.0,6040.8
Hitech City,1489.5,3,3,0.0,2,0,10,13986885.0,9390.5
Tellapur,1239.1,2,3,1.0,10,8,11,9549229.0,7706.7
Banjara Hills,1233.9,2,2,3.0,7,3,19,17427054.0,14123.7
Bowenpally,1603.7,3,3,0.0,15,15,15,8784299.0,5477.6
Begumpet,2985.4,5,6,0.0,0,6,7,23211332.0,7775.0
Begumpet,2268.8,4,5,1.0,15,10,16,14560810.0,6417.8
LB Nagar,2100.3,4,4,2.0,25,20,25,8198265.0,3903.3
Begumpet,980.6,2,2,3.0,3,6,7,8373016.0,8538.3
Banjara Hills,1160.2,2,2,2.0,5,8,9,15803523.0,13620.9
Bowenpally,1128.1,2,2,0.0,10,4,13,5039926.0,4467.6
Financial District,1376.1,2,2,1.0,2,21,23,15218638.0,11059.6
Banjara Hills,2176.9,4,4,0.0,3,14,15,27255656.0,12520.7
Madhapur,1258.4,2,3,0.0,5,8,25,10501319.0,8344.7
Bowenpally,1105.4,2,2,1.0,3,1,9,5713133.0,5168.5
Jubilee Hills,1601.1,3,3,0.0,3,1,3,21576508.0,13476.4
Kondapur,1276.9,2,2,2.0,20,2,4,8261786.0,6470.4
Madhapur,1942.2,3,3,3.0,20,14,21,16089937.0,8284.3
Kondapur,2076.9,3,4,1.0,0,10,11,17492165.0,8422.4
Shaikpet,599.2,1,2,1.0,25,4,5,3275860.0,5467.2
Tellapur,2144.6,4,4,0.0,7,0,6,13687828.0,6382.4
Financial District,961.0,2,2,1.0,15,4,18,7988769.0,8313.1
Hitech City,1655.7,3,3,1.0,5,1,22,16169566.0,9766.2
Hitech City,2252.4,4,4,1.0,20,2,13,18521700.0,8223.3
Nizampet,1553.1,3,4,1.0,7,11,11,8811662.0,5673.7
Kompally,3324.3,5,5,1.0,15,13,16,15252566.0,4588.1
Kondapur,990.5,2,2,3.0,2,4,6,7497388.0,7569.1
Jubilee Hills,1341.9,3,3,1.0,5,11,11,19714270.0,14691.0
Nallagandla,1778.5,3,4,1.0,1,4,12,10822797.0,6085.4
Begumpet,1890.5,3,4,,15,10,13,13297416.0,7033.9
LB Nagar,1156.7,2,3,0.0,1,4,7,4743427.0,4100.9
Gachibowli,1386.8,2,2,1.0,7,0,3,11904645.0,8584.4
Shaikpet,2606.9,5,5,1.0,5,12,24,18689311.0,7169.1
LB Nagar,1771.3,3,4,0.0,7,4,7,6726582.0,3797.5
Begumpet,1270.1,2,3,2.0,5,7,18,10072775.0,7930.9
Begumpet,1868.9,3,3,2.0,3,0,6,15261542.0,8166.1
Banjara Hills,3586.0,5,6,1.0,10,1,5,46512471.0,12970.7
Madhapur,1294.5,2,3,2.0,3,0,12,50669423.478641756,8657.9
Kondapur,564.5,1,1,2.0,3,0,2,3673929.0,6508.4
Bowenpally,1658.3,3,3,1.0,10,2,10,7921095.0,4776.8
Tellapur,1560.1,3,3,1.0,3,6,6,10494446.0,6727.0
Miyapur,1852.4,3,4,2.0,5,22,22,9135385.0,4931.5
Kukatpally,709.2,1,1,2.0,0,12,22,4615365.0,6507.9
Uppal,916.4,2,2,1.0,10,1,4,3824179.0,4173.2
Hitech City,1712.6,3,4,1.0,1,9,13,16249940.0,9488.4
Kondapur,1530.9,3,3,1.0,25,5,5,9150777.0,5977.3
Kondapur,2431.7,4,4,0.0,7,21,22,14688953.0,6040.7
Nallagandla,2007.6,4,4,2.0,10,4,18,12949415.0,6450.2
Hitech City,1109.3,2,3,0.0,7,2,2,10350226.0,9330.4
Shaikpet,1219.4,2,2,,1,6,6,8257862.0,6772.1
Financial District,1345.7,3,3,1.0,5,3,3,12690202.0,9430.3
Financial District,1527.7,3,3,2.0,0,13,25,17461036.0,11429.8
Uppal,1784.9,3,4,1.0,7,2,5,7624141.0,4271.5
Nallagandla,1060.4,2,2,1.0,0,3,6,6396600.0,6032.3
Tellapur,2427.7,4,4,1.0,7,11,24,18661971.0,7687.1
Banjara Hills,1148.3,2,2,1.0,0,4,6,16446950.0,14322.8
Begumpet,1023.7,2,2,2.0,3,7,13,8013259.0,7827.5
LB Nagar,1469.2,3,4,0.0,10,11,25,5906184.0,4020.0
Jubilee Hills,2940.1,4,4,2.0,1,11,17,46496622.0,15814.5
Madhapur,1055.9,2,2,1.0,2,2,2,7936528.0,7516.5
Financial District,1447.5,2,2,2.0,5,4,23,12650893.0,8739.9
LB Nagar,1089.5,2,3,2.0,10,6,17,4952405.0,4545.7
LB Nagar,2180.2,4,5,1.0,20,0,3,7765592.0,3561.9
Jubilee Hills,2980.3,4,5,1.0,5,5,10,41635701.0,13970.3
Nizampet,1220.1,2,2,1.0,5,5,19,6424510.0,5265.7
Kukatpally,1458.6,3,3,2.0,3,1,3,9054918.0,6207.8
Kukatpally,1353.8,3,3,1.0,0,2,15,8823862.0,6517.8
Kondapur,1653.1,3,4,2.0,7,19,21,11694541.0,7074.3
Hitech City,1443.3,3,4,1.0,1,5,8,13016576.0,9018.7
Kompally,1207.7,2,2,1.0,3,6,7,5939407.0,4917.9
Manikonda,1740.6,3,3,2.0,7,17,22,10062098.0,5780.8
Gachibowli,2818.3,5,5,1.0,15,20,24,22418002.0,7954.5
Hitech City,2502.1,4,5,1.0,15,4,11,18959123.0,7577.2
Manikonda,2615.3,4,4,1.0,15,4,9,13346712.0,5103.4
Kukatpally,1462.2,3,3,2.0,3,2,14,7548785.0,5162.8
Gachibowli,2048.7,3,3,0.0,7,2,14,16737729.0,8170.1
Financial District,544.9,1,1,2.0,7,10,20,4831878.0,8867.1
Gachibowli,1492.0,3,3,2.0,10,8,9,11895745.0,7973.0
Nallagandla,1105.5,2,3,2.0,7,17,24,7227263.0,6537.7
Manikonda,2701.8,4,5,2.0,7,9,12,19355419.0,7164.0
Begumpet,1035.6,2,2,1.0,3,19,19,8271056.0,7986.8
LB Nagar,1179.0,2,3,1.0,10,6,24,4797426.0,4068.9
Bowenpally,1443.8,2,2,3.0,10,6,15,7747473.0,5366.0
Miyapur,737.7,1,1,1.0,10,0,3,3576910.0,4848.5
Begumpet,1148.2,2,2,1.0,3,4,6,8850862.0,7708.8
Jubilee Hills,1762.0,3,4,2.0,7,6,6,21997404.0,12484.5
Tellapur,1608.6,3,4,1.0,5,6,15,10367193.0,6444.8
Banjara Hills,1188.4,2,2,2.0,0,13,18,19699456.0,16577.0
Kompally,1803.2,3,4,2.0,5,4,20,9828109.0,5450.3
Hitech City,1317.1,2,2,1.0,7,7,23,12066330.0,9161.4
Kondapur,531.0,1,2,0.0,5,4,5,4034591.0,7598.1
Kompally,1606.5,3,4,0.0,5,18,19,8048430.0,5009.9
Uppal,1870.9,3,4,2.0,5,12,17,8366009.0,4471.5
Hitech City,1028.9,2,2,0.0,10,10,16,9322772.0,9061.0
Nizampet,1141.3,2,2,2.0,25,6,12,5949711.0,5213.3
Nallagandla,3316.7,5,6,1.0,7,12,23,19442445.0,5862.1
Madhapur,1714.0,3,3,1.0,15,3,6,12423947.0,7248.6
Bowenpally,1681.0,3,4,0.0,20,0,4,7588200.0,4514.2
Hitech City,1720.2,3,3,2.0,7,4,5,13896788.0,8078.4
Miyapur,719.1,1,2,1.0,3,5,14,3846207.0,5348.4
Miyapur,1295.3,2,2,1.0,10,6,7,7599524.0,5866.9
Begumpet,669.3,1,1,3.0,0,7,13,5447989.0,8140.2
Kompally,1430.1,3,3,1.0,25,8,13,6259749.0,4377.0
Nallagandla,602.6,1,1,2.0,5,1,25,4325310.0,7177.4
Kukatpally,679.6,1,1,1.0,5,4,22,4525876.0,6659.6
Banjara Hills,1610.2,3,4,1.0,10,7,13,21730594.0,13495.3
Begumpet,1613.8,3,3,2.0,1,4,8,13556963.0,8400.7
LB Nagar,1807.5,3,3,1.0,7,13,21,8161015.0,4515.1
Nallagandla,1722.7,3,3,0.0,3,0,13,12143774.0,7049.2
Manikonda,1709.2,3,4,1.0,10,10,20,9752296.0,5705.9
Miyapur,1832.0,3,3,1.0,10,14,16,9439816.0,5152.7
Ameerpet,1538.4,4,4,1.0,7,2,14,10062859.0,6541.3
Shaikpet,1501.0,2,2,1.0,10,10,17,10140915.0,6756.0
Gachibowli,1504.3,3,4,2.0,5,0,17,12951927.0,8609.9
Nizampet,3641.1,5,5,2.0,3,4,24,21558344.0,5920.8
Financial District,1764.8,3,3,2.0,1,3,10,17520767.0,9928.1
Madhapur,1450.7,3,3,2.0,3,1,22,12947997.0,8925.3
Financial District,1851.8,4,4,0.0,7,3,4,16794647.0,9069.4
Banjara Hills,1372.9,2,3,1.0,3,3,6,18797501.0,13691.6
Kukatpally,2165.0,4,4,0.0,7,0,7,12517821.0,5781.9
LB Nagar,1079.7,2,3,2.0,5,6,7,4889118.0,4528.1
Financial District,1938.7,3,4,1.0,10,14,14,17747751.0,9154.6
Shaikpet,1574.9,3,3,1.0,3,2,4,9907000.0,6290.6
Kompally,1640.2,3,3,3.0,1,13,20,8645839.0,5271.1
Uppal,2532.8,4,5,1.0,5,24,24,12301969.0,4857.1
Uppal,2393.7,4,4,0.0,2,0,2,10120198.0,4227.8
Kompally,1441.4,3,4,0.0,20,1,9,5657275.0,3924.9
Nallagandla,1227.2,2,3,1.0,3,1,12,9285730.0,7566.8
Gachibowli,1141.3,2,3,1.0,0,0,4,8885623.0,7785.7
Banjara Hills,2480.3,4,4,1.0,3,14,16,43016424.0,17343.2
Nallagandla,1101.8,2,3,1.0,10,3,20,6646104.0,6031.8
Kondapur,1250.4,2,3,1.0,2,8,24,8825872.0,7058.6
Jubilee Hills,1275.1,2,2,0.0,7,2,9,17190909.0,13481.5
Manikonda,3115.4,5,5,1.0,2,16,25,17132897.0,5499.3
Nizampet,1709.0,3,3,1.0,3,10,11,9653532.0,5648.7
Nallagandla,1179.4,2,2,1.0,5,6,10,7076778.0,6000.2
Nizampet,1637.3,3,4,1.0,3,11,20,8598435.0,5251.5
Tellapur,2513.1,4,4,2.0,20,0,6,16370222.0,6514.0
Kompally,775.8,1,1,1.0,3,4,19,4135269.0,5330.7
Uppal,1832.1,3,3,1.0,10,2,3,7760102.0,4235.6
Nallagandla,1696.0,3,3,1.0,1,2,8,11809749.0,6963.3
LB Nagar,1691.6,3,4,3.0,15,2,10,7553423.0,4465.4
Kukatpally,1541.4,3,3,1.0,3,23,24,9751308.0,6326.5
Madhapur,2121.6,4,5,1.0,2,1,13,19821634.0,9342.6
Financial District,1946.2,3,3,2.0,0,3,23,19806980.0,10177.2
Jubilee Hills,1399.2,3,4,0.0,10,9,16,19547983.0,13971.3
Shaikpet,1538.7,3,3,1.0,7,1,6,10023767.0,6514.5
Ameerpet,1146.4,2,3,1.0,5,23,25,7646948.0,6670.7
Financial District,3032.4,5,5,1.0,1,5,19,29238187.0,9641.8
Begumpet,1659.1,3,3,1.0,5,3,7,12081766.0,7282.0
Shaikpet,2270.4,4,4,1.0,5,0,6,15743009.0,6934.1
Bowenpally,1547.8,3,4,1.0,15,2,14,6976240.0,4507.2
Bowenpally,1429.3,3,4,1.0,1,2,25,7991295.0,5591.1
Nizampet,1149.0,3,4,2.0,7,25,25,6212274.0,5406.7
Uppal,1085.8,2,2,1.0,2,1,22,4857002.0,4473.3
Kukatpally,1074.7,2,3,1.0,0,19,25,6888264.0,6409.3
Nallagandla,2404.1,4,4,2.0,5,5,5,15419850.0,6414.0
Kukatpally,1067.8,2,2,1.0,5,20,20,7254004.0,6793.4
Kompally,2067.9,3,3,2.0,5,7,10,9387192.0,4539.6
LB Nagar,542.0,1,1,1.0,2,4,6,2484624.0,4584.2
Begumpet,2037.5,3,4,2.0,1,15,22,16137631.0,7920.3
Miyapur,2053.2,4,5,0.0,25,9,9,8687398.0,4231.2
Bowenpally,1316.9,2,2,0.0,20,0,10,5172487.0,3927.8
Hitech City,1605.9,3,4,1.0,7,2,7,13132904.0,8177.7
Financial District,1867.2,3,4,0.0,1,7,7,20111393.0,10771.1
Banjara Hills,763.5,1,2,0.0,0,7,14,11122046.0,14567.3
Begumpet,1111.5,2,2,1.0,2,6,23,9064429.0,8155.3
Kondapur,1160.9,2,3,1.0,7,16,23,8440029.0,7270.3
Manikonda,1521.5,3,4,1.0,7,20,21,9778491.0,6426.8
Begumpet,1421.2,3,4,1.0,5,1,15,10579966.0,7444.5
Shaikpet,2033.9,4,4,1.0,1,5,19,15293562.0,7519.5
Bowenpally,714.4,1,1,1.0,3,8,20,3539481.0,4954.8
Banjara Hills,1186.2,2,2,2.0,3,2,13,17077389.0,14396.3
Gachibowli,1160.8,2,3,2.0,7,10,16,9662617.0,8324.0
Nizampet,1059.2,2,3,3.0,2,18,21,5960885.0,5627.9
Uppal,1622.4,3,4,1.0,3,15,16,7472490.0,4605.9
Shaikpet,1593.3,3,3,1.0,7,8,10,10775181.0,6762.8
Madhapur,1595.9,3,4,1.0,2,7,25,13766058.0,8625.7
Kondapur,1169.1,2,2,1.0,0,2,12,8423790.0,7205.5
Nizampet,653.2,1,1,2.0,0,5,6,3315623.0,5076.0
Banjara Hills,632.2,1,1,1.0,5,19,23,8421233.0,13321.2
Kukatpally,2269.9,4,5,1.0,2,7,18,13578172.0,5981.9
Miyapur,1117.2,2,2,0.0,2,2,2,6127637.0,5484.8
Kondapur,1286.4,2,3,2.0,0,7,12,9029416.0,7018.9
Jubilee Hills,1465.0,3,3,2.0,7,1,3,19691228.0,13441.1
Nizampet,1512.4,3,4,3.0,10,17,21,8137806.0,5380.8
Kukatpally,3121.0,5,5,1.0,1,10,11,18978572.0,6080.9
Nizampet,1153.0,2,3,1.0,7,0,2,6069879.0,5264.6
Begumpet,2227.4,4,5,2.0,0,17,18,16003945.0,7185.0
Gachibowli,1315.6,3,4,1.0,20,4,15,9290832.0,7062.2
Madhapur,1125.1,2,2,1.0,0,4,7,10264156.0,9122.8
Tellapur,1090.8,2,3,1.0,20,11,17,6908471.0,6333.6
Kukatpally,1487.2,3,4,1.0,20,2,3,8392131.0,5643.1
Tellapur,1399.0,2,2,1.0,7,17,21,9430180.0,6740.7
Miyapur,552.5,1,1,2.0,10,4,23,3032514.0,5489.0
Financial District,2298.0,4,4,1.0,7,20,21,23065017.0,10036.9
Financial District,517.0,1,2,3.0,3,17,22,5137753.0,9937.0
Hitech City,2434.5,4,4,3.0,1,12,25,24442542.0,10040.2
Nallagandla,2608.5,5,5,1.0,10,12,20,18680431.0,7161.2
Kondapur,2689.5,4,4,1.0,1,8,9,18943958.0,7043.8
Ameerpet,1099.5,2,2,0.0,20,0,6,5999128.0,5456.4
Financial District,1274.1,2,2,2.0,5,12,18,13096103.0,10278.5
Gachibowli,1380.4,2,2,0.0,3,7,11,13914577.0,10080.4
Kondapur,1146.1,2,3,0.0,1,5,13,8328394.0,7266.6
Uppal,1781.9,3,3,1.0,2,13,17,8647434.0,4852.8
Ameerpet,2135.1,4,4,2.0,0,9,11,15981877.0,7485.4
Banjara Hills,2456.9,4,4,1.0,7,14,21,34528421.0,14053.7
Gachibowli,1425.4,2,2,3.0,15,6,9,13567304.0,9518.2
Madhapur,2600.1,4,5,1.0,10,5,10,21409650.0,8234.0
Madhapur,1796.0,3,3,1.0,2,3,16,16062570.0,8943.5
Hitech City,1141.7,2,2,2.0,10,0,2,10046679.0,8799.9
Tellapur,791.9,1,2,1.0,10,2,4,5092917.0,6431.3
Miyapur,1175.8,2,3,1.0,2,18,23,6939883.0,5902.1
Gachibowli,683.2,1,2,3.0,7,15,21,5956894.0,8718.6
Tellapur,511.5,1,1,1.0,7,0,2,3427695.0,6701.9
Kompally,1505.7,3,3,1.0,7,1,3,6568367.0,4362.2
Begumpet,1072.9,2,3,2.0,7,17,21,8482997.0,7906.9
Manikonda,2292.5,4,5,1.0,5,4,10,13726250.0,5987.5
Shaikpet,1284.5,3,3,1.0,1,1,4,8343086.0,6495.4
Manikonda,1706.6,3,3,2.0,0,5,10,10084365.0,5909.2
LB Nagar,1946.7,3,3,0.0,25,9,16,7527380.0,3866.7
Nallagandla,1338.2,3,3,1.0,15,2,2,8272679.0,6182.2
Manikonda,1364.0,3,3,1.0,3,0,8,9216352.0,6756.9
Nallagandla,1628.3,3,4,1.0,7,5,17,10786032.0,6624.2
Bowenpally,1484.8,3,4,0.0,10,14,16,8170123.0,5502.5
Hitech City,1996.4,3,4,1.0,7,6,9,19069612.0,9551.9
Bowenpally,2279.5,4,4,0.0,20,12,12,10375554.0,4551.6
Shaikpet,1969.8,3,3,3.0,15,6,7,13370996.0,6788.1
Uppal,1831.5,3,3,1.0,2,7,15,8051748.0,4396.2
Uppal,1377.5,3,4,1.0,15,1,2,5459328.0,3963.1
Gachibowli,1604.3,3,4,1.0,7,3,9,14539025.0,9062.6
Shaikpet,1541.2,3,3,0.0,2,5,8,11093682.0,7198.1
Hitech City,1285.1,2,2,1.0,20,15,22,9541237.0,7424.6
Gachibowli,2523.3,4,4,2.0,0,11,13,24100581.0,9551.4
Manikonda,1382.5,3,4,2.0,2,4,24,8041555.0,5816.7
Hitech City,1370.8,3,3,1.0,20,2,7,9943921.0,7254.1
Nizampet,1722.8,3,4,2.0,15,0,4,8175317.0,4745.5
Nallagandla,1013.7,2,3,1.0,1,7,18,7113644.0,7017.6
Banjara Hills,1516.1,3,3,1.0,3,2,11,22689229.0,14965.6
Kompally,1304.4,2,2,1.0,2,6,8,7350165.0,5634.9
Begumpet,1048.3,2,3,1.0,5,0,16,7359234.0,7020.2
Jubilee Hills,1865.0,3,3,1.0,3,0,23,28768397.0,15425.3
Banjara Hills,660.4,1,1,3.0,3,25,25,10206240.0,15455.0
Bowenpally,1268.5,2,2,1.0,3,16,18,6769742.0,5337.0
Kukatpally,854.4,1,2,2.0,2,8,23,4940318.0,5782.1
Jubilee Hills,1597.2,3,3,1.0,5,18,20,24345069.0,15242.8
Banjara Hills,1105.0,2,2,1.0,0,1,17,15746249.0,14249.7
Tellapur,2534.2,4,5,0.0,7,1,14,13905190.0,5487.1
Banjara Hills,1501.3,3,4,1.0,7,2,5,20207446.0,13459.6
LB Nagar,695.4,1,1,2.0,15,1,10,2671591.0,3842.1
Begumpet,520.5,1,1,1.0,3,16,21,4558946.0,8759.1
Financial District,1927.9,3,3,1.0,15,15,18,18015796.0,9344.9
Financial District,1754.9,3,3,2.0,2,10,14,18129755.0,10330.8
Ameerpet,999.6,2,2,1.0,20,10,13,5308642.0,5310.6
Begumpet,1444.0,3,3,1.0,20,5,18,9545689.0,6610.5
Begumpet,1489.0,3,3,2.0,5,12,15,12167237.0,8171.3
Hitech City,2256.8,4,5,2.0,10,11,21,21886603.0,9698.1
Jubilee Hills,1719.2,3,3,2.0,2,13,25,23200303.0,13494.6
Tellapur,2025.6,3,3,2.0,10,7,7,12391354.0,6117.5
LB Nagar,2976.1,4,4,1.0,25,10,12,10012335.0,3364.3
Uppal,1007.6,2,2,1.0,0,4,4,4960989.0,4923.5
Manikonda,1176.7,2,3,2.0,1,15,21,7520339.0,6391.0
Uppal,1889.6,4,5,1.0,5,11,22,7775637.0,4115.0
Shaikpet,1773.9,3,3,0.0,3,17,19,13367097.0,7535.6
Kukatpally,1420.8,2,3,1.0,2,0,20,8601820.0,6054.1
Kondapur,1761.5,3,3,2.0,15,1,15,10830551.0,6148.7
LB Nagar,1255.3,3,4,2.0,7,12,14,4773711.0,3802.7
Banjara Hills,1726.5,3,3,1.0,3,19,23,24771764.0,14348.0
Tellapur,662.8,1,2,1.0,7,6,12,4459147.0,6727.6
Ameerpet,2254.1,4,5,1.0,10,2,4,13591712.0,6029.9
LB Nagar,1269.6,2,3,3.0,10,3,15,5968135.0,4701.0
Kondapur,1974.1,3,4,1.0,5,1,3,13003232.0,6586.9
Kondapur,1125.6,2,2,1.0,1,3,6,7275532.0,6463.7
Financial District,3408.6,5,5,0.0,15,3,18,26327353.0,7723.7
Nizampet,696.4,1,1,1.0,15,22,25,3335427.0,4789.4
Banjara Hills,2534.9,4,4,1.0,10,7,15,37645495.0,14850.9
Financial District,659.1,1,1,3.0,3,9,24,6483508.0,9837.2
Banjara Hills,1757.3,3,4,2.0,15,14,16,26427868.0,15039.0
Kondapur,1653.3,3,3,2.0,5,2,7,11480207.0,6943.9
Kondapur,1108.0,2,3,1.0,5,0,9,7984130.0,7205.9
Bowenpally,1412.8,2,2,1.0,2,7,8,8172409.0,5784.7
Nizampet,1692.9,3,3,1.0,1,5,14,8519007.0,5032.1
Banjara Hills,2681.4,4,4,1.0,10,1,4,39650113.0,14787.2
Financial District,2641.8,4,4,1.0,25,4,10,19127463.0,7240.4
LB Nagar,1190.9,2,3,2.0,1,0,2,5423304.0,4554.1
Begumpet,1012.0,2,3,3.0,7,12,16,7469382.0,7380.6
Kondapur,707.9,1,2,2.0,5,1,8,5445992.0,7693.3
Kompally,2134.6,4,4,1.0,20,11,11,8896203.0,4167.7
LB Nagar,1042.7,2,2,1.0,10,7,9,4390077.0,4210.2
Miyapur,1087.9,2,3,1.0,10,20,22,6474714.0,5951.6
Tellapur,2123.4,4,4,2.0,5,0,10,14111026.0,6645.6
Financial District,1012.5,2,2,0.0,7,5,18,8434860.0,8331.0
Uppal,1270.5,2,2,1.0,3,10,18,5241366.0,4125.3
Hitech City,3536.4,5,6,1.0,2,7,9,35415746.0,10014.6
Jubilee Hills,1152.6,2,3,3.0,3,3,7,17493550.0,15176.9
Nallagandla,1009.6,2,2,1.0,20,1,4,5964042.0,5907.0
Manikonda,1937.4,4,4,1.0,1,16,17,13541470.0,6989.4
Begumpet,1571.8,3,4,2.0,3,6,13,12796082.0,8141.0
Hitech City,997.6,2,2,1.0,3,16,21,9902442.0,9926.4
LB Nagar,1181.6,2,2,1.0,2,14,21,5910500.0,5001.9
Kompally,1292.5,3,3,0.0,1,3,24,7080007.0,5477.8
Shaikpet,1159.2,2,3,1.0,5,16,21,8852188.0,7636.3
Tellapur,2266.1,4,4,1.0,1,5,14,15951783.0,7039.2
Gachibowli,768.3,1,1,2.0,5,6,13,6915743.0,9001.6
Nizampet,1716.2,3,4,3.0,2,14,22,9700537.0,5652.4
Banjara Hills,660.1,1,1,1.0,7,0,2,8667791.0,13131.0
Manikonda,1209.3,2,2,1.0,3,16,16,8111843.0,6708.0
Bowenpally,1706.0,3,3,2.0,5,14,15,9074523.0,5319.2
Tellapur,2186.4,4,4,1.0,20,4,7,13700220.0,6266.0
Bowenpally,1238.4,2,2,1.0,7,17,19,6569153.0,5304.7
Hitech City,1582.2,3,3,1.0,7,11,12,14565960.0,9206.3
Financial District,705.7,1,1,2.0,10,6,18,5550380.0,7864.6
Kukatpally,3812.9,5,5,1.0,2,14,16,23447965.0,6149.7
Hitech City,1563.2,3,3,2.0,0,7,9,13945197.0,8920.8
Begumpet,1694.6,3,4,1.0,10,17,19,13242784.0,7814.7
Gachibowli,1978.1,4,5,2.0,0,25,25,15795004.0,7984.9
Kompally,1150.4,2,2,1.0,5,4,10,6224091.0,5410.4
Manikonda,1605.3,3,3,0.0,25,3,5,7914672.0,4930.3
Bowenpally,1909.0,3,4,3.0,3,10,17,9713044.0,5088.1
Nizampet,3228.2,5,6,2.0,1,8,10,17240823.0,5340.7
Manikonda,1508.4,3,3,1.0,1,7,14,9000743.0,5967.0
Ameerpet,1779.5,3,4,1.0,10,2,15,11304872.0,6352.8
LB Nagar,1144.6,2,3,3.0,2,1,18,5106133.0,4461.1
Miyapur,637.7,1,2,2.0,20,10,13,3200343.0,5018.9
Begumpet,1016.0,2,2,0.0,0,7,16,8593507.0,8457.9
Kondapur,956.7,2,2,1.0,1,3,18,7034428.0,7353.0
Tellapur,2269.5,4,4,2.0,0,13,17,15581143.0,6865.6
Manikonda,1721.9,3,4,1.0,7,18,21,11257850.0,6538.0
Nizampet,1770.5,3,3,1.0,2,1,5,9840479.0,5558.1
Ameerpet,1193.3,2,2,2.0,2,3,23,8329846.0,6980.5
LB Nagar,2023.4,4,4,1.0,7,8,21,8077961.0,3992.3
Hitech City,1167.7,2,2,0.0,0,1,13,10281919.0,8805.0
Nizampet,3542.9,5,6,1.0,5,2,3,20846352.0,5884.0
LB Nagar,1954.9,3,3,1.0,0,7,12,9514255.0,4867.0
Jubilee Hills,1180.0,2,2,1.0,5,11,12,16550050.0,14025.3
Jubilee Hills,1781.0,3,4,1.0,0,7,12,28624546.0,16071.9
Shaikpet,1560.3,3,4,1.0,7,1,17,11110277.0,7120.7
LB Nagar,1048.5,2,3,1.0,7,5,10,4583587.0,4371.4
Manikonda,989.3,2,2,2.0,1,1,17,6557111.0,6628.3
Banjara Hills,1314.9,2,3,1.0,10,3,20,18105068.0,13768.7
Banjara Hills,1686.6,3,3,1.0,0,4,15,25948311.0,15385.2
Shaikpet,1201.9,2,2,2.0,25,13,23,7219380.0,6006.5
Ameerpet,2588.6,5,6,1.0,5,12,24,17542776.0,6776.9
Ameerpet,1313.8,2,2,0.0,10,16,17,8853442.0,6739.0
Nizampet,2277.0,4,4,2.0,7,14,15,9626044.0,4227.5
Kukatpally,578.5,1,1,0.0,5,3,9,3648512.0,6306.5
Financial District,2667.7,4,4,2.0,25,6,9,21213860.0,7952.2
Jubilee Hills,1145.7,2,2,2.0,25,2,15,14063105.0,12275.2
Jubilee Hills,875.7,2,2,2.0,5,0,17,12329822.0,14079.2
Financial District,1493.7,3,3,1.0,10,18,20,14304668.0,9576.3
Madhapur,1243.8,2,3,1.0,5,5,14,11039369.0,8875.7
Kukatpally,1142.6,2,2,1.0,0,15,20,6771331.0,5926.4
Kondapur,2911.7,5,5,1.0,20,2,3,17818294.0,6119.5
Uppal,1484.1,3,4,2.0,10,21,21,6263509.0,4220.3
Begumpet,1078.4,2,2,2.0,5,2,12,9300579.0,8624.8
Gachibowli,620.8,1,2,2.0,2,3,23,5384736.0,8673.7
Kukatpally,1971.5,4,4,1.0,10,10,19,12262081.0,6219.7
Begumpet,1130.5,2,2,1.0,0,2,18,9476188.0,8382.2
Ameerpet,1192.5,2,2,1.0,7,19,23,7539238.0,6322.1
Madhapur,1963.2,3,3,1.0,1,1,8,15546681.0,7919.1
Madhapur,2068.5,4,5,0.0,7,3,23,15724387.0,7601.7
Jubilee Hills,590.0,1,1,1.0,2,10,21,8627658.0,14623.3
Kompally,1296.6,2,2,1.0,5,9,15,6620977.0,5106.6
Ameerpet,2099.7,3,4,2.0,2,0,8,13158002.0,6266.5
Nizampet,1325.1,2,2,1.0,25,0,11,5876243.0,4434.5
Manikonda,2137.2,4,4,1.0,7,11,22,13849879.0,6480.4
Shaikpet,1603.6,3,3,1.0,0,3,12,12043587.0,7510.3
Shaikpet,1044.4,2,2,3.0,5,24,24,7666552.0,7340.6
Ameerpet,2217.8,4,4,1.0,0,4,23,13149425.0,5929.0
Gachibowli,1344.2,3,4,0.0,3,2,16,11452651.0,8520.0
Uppal,1759.9,3,3,2.0,20,1,4,6157117.0,3498.6
LB Nagar,1859.0,3,4,1.0,2,6,22,9773628.0,5257.5
Begumpet,1125.5,3,3,1.0,3,17,18,9671855.0,8593.6
Miyapur,3447.7,5,6,1.0,0,6,7,20453265.0,5932.4
Gachibowli,2207.9,4,4,0.0,0,14,20,18169505.0,8229.4
Nallagandla,1165.2,2,3,1.0,3,4,14,7981856.0,6850.0
LB Nagar,1235.7,2,2,1.0,20,12,16,5078720.0,4110.1
Shaikpet,1846.1,3,3,2.0,25,11,14,11317547.0,6130.7
Nallagandla,1784.0,3,3,1.0,10,2,2,11923085.0,6683.4
LB Nagar,2344.1,4,4,1.0,5,13,14,10102893.0,4310.0
Ameerpet,1307.5,3,3,1.0,3,10,20,9512633.0,7275.7
Kukatpally,1307.7,2,2,1.0,5,12,24,6919630.0,5291.5
Miyapur,1316.2,2,2,1.0,7,8,14,6860853.0,5212.4
Tellapur,1429.9,3,3,1.0,5,1,10,9450690.0,6609.3
Shaikpet,1122.1,2,2,1.0,1,4,4,7970668.0,7103.0
Financial District,580.6,1,1,1.0,2,10,18,5561818.0,9579.1
Banjara Hills,2645.9,4,4,2.0,20,1,2,32927360.0,12444.9
Uppal,1221.4,2,2,1.0,5,5,22,5212989.0,4268.0
Nallagandla,944.5,2,2,1.0,10,3,16,5835509.0,6178.4
Tellapur,1628.7,3,3,2.0,7,3,14,11670417.0,7165.3
Manikonda,1571.3,3,4,1.0,0,10,22,10032617.0,6384.9
Financial District,1799.5,4,5,0.0,5,23,23,16268526.0,9040.3
Kondapur,3414.9,5,5,2.0,10,19,19,25021237.0,7327.0
Miyapur,800.2,1,2,,1,5,12,4251332.0,5312.5
LB Nagar,1550.7,3,3,1.0,10,8,25,5716300.0,3686.2
Hitech City,2608.8,4,4,2.0,7,16,20,22679614.0,8693.5
Ameerpet,1592.2,3,3,2.0,15,12,14,9255631.0,5813.2
Kondapur,2144.1,4,5,3.0,7,16,24,16469957.0,7681.7
Kompally,1442.8,3,3,2.0,15,2,15,6604607.0,4577.6
Ameerpet,1316.0,2,3,3.0,2,8,8,9078035.0,6898.1
Nizampet,1817.4,3,3,2.0,1,6,9,10635007.0,5851.7
Jubilee Hills,1580.6,3,3,2.0,5,3,19,24557500.0,15537.2
Gachibowli,1479.7,3,4,2.0,7,3,4,14335508.0,9688.2
Kompally,1456.3,3,4,2.0,1,13,19,8593133.0,5900.7
Shaikpet,655.7,1,2,1.0,2,12,16,4831609.0,7368.9
Nallagandla,1158.3,2,3,2.0,2,1,3,7894563.0,6815.7
Begumpet,1188.8,2,2,2.0,5,5,7,7499922.0,6308.9
Tellapur,788.5,2,3,1.0,5,21,22,5033686.0,6383.5
Financial District,2419.1,4,4,1.0,0,4,5,24759926.0,10235.3
Kondapur,1259.5,2,2,0.0,1,1,6,8918697.0,7081.4
Banjara Hills,594.3,1,1,0.0,10,2,2,7933295.0,13350.0
Jubilee Hills,1439.2,3,3,2.0,7,8,11,19998301.0,13895.8
Hitech City,2228.8,4,5,1.0,7,17,25,19669168.0,8825.0
Nizampet,1840.2,3,4,2.0,7,1,3,9959323.0,5412.0
Hitech City,3323.7,5,6,1.0,5,0,15,29415957.0,8850.4
LB Nagar,2370.5,4,5,1.0,20,18,25,8056518.0,3398.7
Madhapur,1003.2,2,2,0.0,1,2,24,7747769.0,7723.1
Kukatpally,1727.1,4,4,3.0,0,16,24,11194465.0,6481.5
Madhapur,1214.1,2,2,1.0,1,1,13,9682146.0,7974.9
Financial District,1988.5,3,3,1.0,5,0,17,18190169.0,9147.5
Hitech City,2254.6,4,4,1.0,3,5,5,20400303.0,9048.1
Kompally,1975.1,3,3,1.0,15,8,23,9480023.0,4799.7
LB Nagar,1601.8,3,4,1.0,1,12,24,6737863.0,4206.5
Kondapur,1260.0,2,2,2.0,5,2,2,9253318.0,7344.0
Madhapur,1057.5,2,3,1.0,1,8,10,9541982.0,9022.9
Kondapur,2626.2,4,4,1.0,2,6,7,19520951.0,7433.1
Manikonda,1320.8,2,2,1.0,1,9,16,8750142.0,6624.9
Uppal,1968.5,3,3,2.0,1,10,15,9958973.0,5059.1
Shaikpet,1715.9,3,3,1.0,3,2,2,9803825.0,5713.4
Manikonda,1511.0,3,3,1.0,1,0,2,9276206.0,6139.0
Gachibowli,1903.5,4,5,1.0,1,15,19,16533856.0,8686.0
Tellapur,1583.4,3,3,0.0,15,3,11,8582705.0,5420.4
Gachibowli,1691.3,3,3,0.0,5,23,25,14399975.0,8514.2
Begumpet,1877.0,4,5,2.0,3,11,15,14717029.0,7840.8
Bowenpally,1215.2,3,4,1.0,10,2,18,5931210.0,4881.0
Kukatpally,2426.1,4,4,1.0,0,0,23,16132967.0,6649.7
Bowenpally,637.6,1,1,1.0,7,15,21,3169920.0,4971.5
Kondapur,1369.8,3,3,2.0,5,3,4,9901115.0,7228.3
Hitech City,1632.7,3,3,2.0,5,13,14,15927874.0,9755.6
Banjara Hills,1105.3,3,3,0.0,3,6,14,15950592.0,14431.0
Bowenpally,1974.5,4,5,1.0,10,3,3,9800309.0,4963.5
Hitech City,1205.5,2,2,1.0,1,11,19,11164760.0,9261.5
LB Nagar,1845.8,4,4,2.0,3,10,22,9060342.0,4908.6
Gachibowli,1584.9,3,3,1.0,7,0,6,13232389.0,8349.2
Begumpet,1171.4,2,3,2.0,7,7,11,7807206.0,6664.7
Financial District,1273.9,2,2,0.0,5,9,11,11271157.0,8847.5
Bowenpally,1192.9,2,2,,1,4,11,5537997.0,4642.3
Hitech City,1484.8,3,3,1.0,0,8,13,14638926.0,9859.2
Banjara Hills,1698.1,3,3,2.0,1,11,11,21995317.0,12953.0
Kompally,2508.0,4,4,0.0,15,6,24,11684468.0,4659.0
Nallagandla,863.3,2,3,0.0,5,5,19,5402617.0,6258.4
Uppal,1152.5,2,3,1.0,5,19,19,5589185.0,4849.7
Miyapur,1153.1,2,3,0.0,5,6,12,5710672.0,4952.4
Banjara Hills,887.1,2,3,1.0,20,1,3,9781459.0,11025.8
Begumpet,1141.6,2,2,1.0,2,7,25,8358800.0,7322.2
Miyapur,1175.7,2,2,1.0,5,2,11,6842257.0,5819.9
Shaikpet,1971.0,3,3,1.0,20,7,22,11722825.0,5947.8
Shaikpet,2555.8,4,4,1.0,15,1,13,18266035.0,7146.9
Kukatpally,1874.0,3,4,0.0,3,11,25,11458292.0,6114.5
Ameerpet,710.4,1,1,1.0,1,12,21,4866543.0,6850.6
Nallagandla,1013.1,2,3,2.0,7,15,16,6528351.0,6443.6
Hitech City,1345.6,3,4,0.0,2,12,17,12417912.0,9228.8
Nizampet,1571.4,3,4,1.0,25,4,9,7054540.0,4489.3
Manikonda,752.3,1,2,0.0,5,19,23,4671911.0,6210.4
Financial District,1173.1,2,2,3.0,2,2,2,11793947.0,10054.1
Nallagandla,1778.6,3,3,1.0,2,5,13,12483636.0,7018.9
Hitech City,2263.4,4,4,1.0,7,4,10,19009360.0,8398.5
Shaikpet,2058.0,3,3,1.0,5,1,14,14451939.0,7022.2
Begumpet,1028.2,2,3,1.0,20,2,25,6007659.0,5842.8
Kompally,2384.9,4,5,1.0,7,3,10,10654971.0,4467.6
Kondapur,1155.3,2,3,1.0,5,23,24,9530067.0,8248.9
Bowenpally,1914.9,3,4,1.0,5,13,13,10655852.0,5564.6
Hitech City,1806.6,3,4,1.0,1,3,22,17150556.0,9493.2
Miyapur,1180.8,2,2,3.0,5,16,16,7516329.0,6365.5
Shaikpet,2629.6,4,4,1.0,7,12,20,19984428.0,7599.8
Miyapur,1083.2,2,3,1.0,25,8,11,4754189.0,4389.1
Nizampet,522.8,1,1,,5,0,2,2676383.0,5119.3
Kondapur,1627.5,3,3,0.0,1,7,21,11916238.0,7321.9
Madhapur,1752.0,3,3,1.0,5,0,12,12289297.0,7014.5
Hitech City,1826.9,3,4,1.0,7,13,17,16343866.0,8946.4
LB Nagar,1698.2,3,3,1.0,3,0,2,6682032.0,3934.7
Financial District,2011.2,4,5,1.0,0,19,21,17543390.0,8722.8
Miyapur,1128.0,2,2,2.0,0,2,3,6582279.0,5835.5
Uppal,2037.0,3,4,2.0,0,2,3,10366483.0,5089.2
Hitech City,1732.9,3,4,1.0,15,3,9,13747498.0,7933.3
Madhapur,1139.5,2,2,1.0,0,11,20,9695509.0,8508.9
Shaikpet,1065.7,2,2,1.0,3,2,16,7598321.0,7129.9
Uppal,1025.7,2,3,1.0,1,5,8,4888622.0,4765.9
Shaikpet,2362.1,4,5,2.0,2,5,9,16150229.0,6837.2
Banjara Hills,1137.3,2,2,2.0,2,2,20,15226028.0,13387.3
Shaikpet,1254.8,2,3,1.0,2,5,12,8769464.0,6988.7
Ameerpet,1338.5,3,3,1.0,2,9,19,7920862.0,5917.9
Madhapur,1951.4,3,3,1.0,10,8,8,15022557.0,7698.3
Uppal,1701.9,3,3,1.0,10,3,3,6846289.0,4022.7
Begumpet,639.2,1,1,1.0,20,4,4,4431843.0,6933.9
Miyapur,1508.3,3,4,0.0,7,5,21,7564826.0,5015.6
Uppal,1015.6,2,2,1.0,25,2,4,3893622.0,3833.9
Hitech City,1122.8,2,2,1.0,10,5,5,9129565.0,8130.9
Kompally,564.7,1,1,1.0,25,3,14,2403174.0,4255.6
Banjara Hills,1294.4,2,2,2.0,2,7,13,19969576.0,15427.2
Gachibowli,1864.6,3,4,1.0,10,12,17,17330659.0,9294.5
Financial District,1820.4,3,4,1.0,7,2,3,14622835.0,8032.7
Tellapur,508.9,1,2,1.0,7,1,3,3243416.0,6373.0
Ameerpet,1730.0,3,3,2.0,10,19,23,11383215.0,6579.8
Begumpet,1704.8,3,4,1.0,5,1,8,13636014.0,7998.8
Madhapur,1149.7,2,2,1.0,3,1,13,10115108.0,8798.4
Jubilee Hills,1101.1,2,2,2.0,2,6,6,19162010.0,17403.1
Kondapur,2115.9,4,4,0.0,2,4,11,15530379.0,7339.7
Madhapur,1213.9,2,2,3.0,15,6,20,7331363.0,6039.7
Hitech City,1742.8,3,4,3.0,0,0,2,18080389.0,10374.5
Kondapur,3387.1,5,6,1.0,7,0,8,25371480.0,7490.6
Kukatpally,1627.2,3,4,2.0,3,0,6,9645699.0,5927.8
Banjara Hills,1512.5,3,4,1.0,20,1,4,16281926.0,10764.7
Gachibowli,1305.2,2,3,1.0,2,15,16,12868123.0,9858.9
Jubilee Hills,683.5,1,2,3.0,5,1,3,9537706.0,13954.8
Madhapur,1436.9,3,4,1.0,3,5,8,11967482.0,8328.4
Tellapur,2452.3,4,4,2.0,3,8,17,18057926.0,7363.6
Begumpet,1814.2,3,4,1.0,3,6,8,14493201.0,7988.8
Nallagandla,2649.9,4,4,1.0,5,12,25,17615559.0,6647.7
Uppal,1219.6,2,3,2.0,7,10,10,5687971.0,4663.9
Kompally,1236.6,2,2,1.0,3,4,4,6707894.0,5424.4
Madhapur,1691.0,3,4,2.0,5,15,25,13790267.0,8155.3
LB Nagar,1689.5,3,3,1.0,1,6,15,7447936.0,4408.4
Kukatpally,1081.3,2,2,,20,3,25,5540432.0,5123.7
Ameerpet,1036.9,2,3,1.0,3,2,2,6921728.0,6675.6
Uppal,2256.2,4,4,2.0,1,14,17,11840814.0,5248.1
Banjara Hills,2481.5,4,5,1.0,1,3,17,35530729.0,14318.0
Ameerpet,1092.4,2,2,1.0,1,3,22,7154383.0,6549.3
Hitech City,1063.2,2,2,1.0,2,3,5,9225979.0,8677.9
Kondapur,683.0,1,1,,3,3,3,3925446.0,5747.5
Ameerpet,1434.0,3,4,1.0,10,1,6,8994262.0,6272.1
Ameerpet,1351.0,3,3,1.0,0,10,11,9073194.0,6716.1
Bowenpally,3444.7,5,5,2.0,2,13,19,17129337.0,4972.7
Begumpet,1239.3,2,2,1.0,0,2,8,10124244.0,8169.1
Uppal,2526.0,4,4,0.0,10,3,14,10709169.0,4239.6
Kompally,1608.3,3,4,1.0,25,8,14,6757598.0,4201.7
Manikonda,1067.7,2,2,2.0,3,9,10,6515296.0,6102.2
Banjara Hills,2748.0,5,5,3.0,15,1,10,39888140.0,14515.1
Nallagandla,1823.4,3,3,1.0,5,11,11,12836955.0,7040.3
Manikonda,1559.0,3,4,0.0,3,2,24,8851907.0,5678.0
Nizampet,725.2,1,1,1.0,15,0,13,3520310.0,4854.1
Hitech City,1419.6,3,3,0.0,0,20,23,15166101.0,10683.7
Shaikpet,1207.7,2,3,3.0,1,8,9,8039525.0,6656.6
Uppal,1072.2,2,2,0.0,5,17,20,5009698.0,4672.3
Manikonda,1525.4,3,4,1.0,25,7,8,7993793.0,5240.4
Gachibowli,1675.8,3,3,2.0,0,6,12,14352707.0,8564.7
Jubilee Hills,1753.6,3,3,3.0,5,0,2,23329539.0,13303.8
Madhapur,1259.6,2,2,1.0,2,5,15,11602698.0,9211.4
Madhapur,1686.1,3,4,1.0,1,4,14,14881377.0,8825.7
Nallagandla,1115.5,2,2,2.0,20,2,3,6224765.0,5580.5
Madhapur,1333.3,2,3,1.0,2,4,13,10107344.0,7580.4
Financial District,1278.5,2,3,1.0,15,8,14,11913501.0,9318.2
Banjara Hills,542.3,1,1,3.0,10,3,4,7063904.0,13025.9
Manikonda,2079.2,4,5,1.0,2,1,3,12757838.0,6135.9
Uppal,1193.0,2,3,1.0,1,0,2,5120963.0,4292.6
Manikonda,1073.9,2,2,2.0,7,2,21,6521854.0,6073.1
Miyapur,2360.6,4,5,1.0,20,2,6,10023203.0,4246.0
Bowenpally,1181.7,2,2,1.0,2,8,9,6116614.0,5176.2
Financial District,518.9,1,2,2.0,7,3,7,5198691.0,10018.1
Shaikpet,1050.2,2,2,,5,4,6,7497495.0,7139.3
Uppal,1493.4,3,4,1.0,10,3,4,6353282.0,4254.2
LB Nagar,1967.7,3,3,1.0,5,19,19,8564594.0,4352.7
Miyapur,1165.8,2,2,1.0,1,17,24,6815603.0,5846.3
Nizampet,3311.3,5,5,1.0,2,7,11,18953267.0,5723.8
Shaikpet,1186.0,2,2,1.0,1,13,19,9192680.0,7750.7
Begumpet,1777.8,3,3,1.0,15,7,8,11925817.0,6708.1
Nizampet,2177.6,4,4,1.0,20,16,23,10135534.0,4654.4
Uppal,1140.8,2,2,1.0,2,10,22,5803235.0,5087.1
Ameerpet,888.9,2,2,1.0,5,2,9,5309492.0,5973.0
Bowenpally,1411.5,3,3,1.0,2,0,3,6853612.0,4855.6
Madhapur,1056.8,2,2,1.0,10,12,16,9140082.0,8648.8
Kompally,1740.9,3,3,1.0,2,13,18,8782941.0,5045.2
Tellapur,1367.1,2,2,0.0,1,1,6,9582422.0,7009.1
Nallagandla,1575.1,3,3,0.0,25,15,18,8687453.0,5515.5
Kondapur,1489.5,3,3,1.0,10,10,19,9994829.0,6710.1
Miyapur,634.5,1,2,1.0,10,11,12,3258075.0,5134.7
Banjara Hills,1190.8,2,2,1.0,5,0,4,16691909.0,14016.8
Financial District,1015.8,2,3,1.0,7,9,22,9912044.0,9758.2
Kukatpally,3168.3,5,6,0.0,10,3,6,20259970.0,6394.7
Kompally,1711.7,3,4,1.0,3,16,18,8146894.0,4759.7
Kukatpally,1175.5,2,2,2.0,5,0,8,7454439.0,6341.7
Kompally,1119.3,2,2,1.0,1,5,9,5487461.0,4902.4
Jubilee Hills,2314.8,4,4,2.0,20,13,19,32288123.0,13948.7
Shaikpet,2495.5,4,5,1.0,20,0,2,15171112.0,6079.5
Banjara Hills,960.0,2,2,2.0,7,6,8,11741411.0,12230.3
Kompally,1156.7,2,2,0.0,5,9,16,4846114.0,4189.5
LB Nagar,1010.2,2,2,2.0,1,1,3,3867931.0,3829.0
Uppal,1766.3,3,3,2.0,10,8,13,8583105.0,4859.4
Uppal,2030.5,4,4,1.0,0,14,22,8815393.0,4341.4
Kompally,1150.4,2,3,0.0,2,0,3,6208946.0,5397.0
Begumpet,822.0,1,2,1.0,3,5,16,6811851.0,8286.6
Miyapur,1658.2,3,3,1.0,3,0,6,9926401.0,5986.4
Tellapur,2764.4,5,5,3.0,2,17,21,20053373.0,7254.1
Financial District,1180.6,2,2,2.0,3,2,12,11059616.0,9367.7
Bowenpally,1173.4,2,2,1.0,7,0,18,7010317.0,5974.3
Begumpet,1468.7,3,3,1.0,5,4,22,11715803.0,7977.1
Manikonda,1466.0,3,3,1.0,3,0,10,9873324.0,6734.7
Nallagandla,1059.3,2,2,2.0,5,4,8,6784886.0,6405.2
Kompally,1566.1,3,3,1.0,2,3,14,7669906.0,4897.5
Madhapur,2097.4,4,4,3.0,5,6,8,17082388.0,8144.7
Kondapur,2311.8,4,4,3.0,7,0,5,16987987.0,7348.4
Miyapur,808.9,2,2,1.0,1,0,16,3954203.0,4888.2
LB Nagar,1964.8,4,5,2.0,5,20,24,9142471.0,4653.1
Nizampet,2497.5,4,4,1.0,3,7,7,15310900.0,6130.4
Financial District,3485.0,5,5,1.0,10,1,2,29788305.0,8547.6
Bowenpally,3194.4,5,5,,15,17,18,13700396.0,4288.9
LB Nagar,3314.4,5,5,1.0,2,1,5,16329065.0,4926.8
Miyapur,1114.7,2,2,2.0,10,1,8,5723243.0,5134.4
Begumpet,1645.9,3,3,1.0,3,1,6,12476472.0,7580.2
Ameerpet,1770.7,3,4,3.0,15,4,13,9403406.0,5310.6
Madhapur,1453.3,3,3,1.0,2,3,9,12015276.0,8267.8
Uppal,997.2,2,2,,0,13,18,5405264.0,5420.2
Kondapur,577.6,1,2,3.0,7,9,18,4495439.0,7782.7
Financial District,2315.9,4,4,3.0,10,9,24,20610542.0,8899.6
Kukatpally,1656.4,3,3,1.0,1,2,20,10634725.0,6420.2
Shaikpet,1205.0,2,2,1.0,5,6,12,8298043.0,6886.4
Bowenpally,1173.5,2,2,1.0,3,6,21,5994152.0,5107.7
Manikonda,2224.5,4,4,2.0,10,6,14,13391582.0,6020.2
Uppal,1727.7,3,3,1.0,15,2,3,7164979.0,4147.0
Begumpet,1797.3,3,3,3.0,7,0,6,14588465.0,8116.7
Miyapur,1606.2,3,4,1.0,1,4,7,8568526.0,5334.6
Kondapur,2299.7,4,4,2.0,7,0,7,17347864.0,7543.4
Gachibowli,1206.2,2,3,2.0,2,11,11,11137807.0,9233.6
Kukatpally,1502.1,2,2,2.0,7,13,18,9558768.0,6363.8
Hitech City,2905.8,5,5,1.0,1,5,5,24252907.0,8346.4
LB Nagar,972.9,2,3,1.0,3,3,25,4587769.0,4715.7
Bowenpally,685.9,1,1,1.0,5,0,20,3530395.0,5147.2
Banjara Hills,1700.4,3,3,1.0,0,10,14,24101170.0,14174.0
Kompally,1292.1,2,3,1.0,1,12,13,6770160.0,5239.8
Kukatpally,2121.6,3,3,2.0,5,9,11,13969453.0,6584.5
Kukatpally,2347.4,4,4,0.0,7,5,6,13521812.0,5760.4
Jubilee Hills,1033.5,2,2,1.0,10,5,17,14880737.0,14398.6
Madhapur,1911.5,3,3,2.0,7,1,11,15505314.0,8111.6
Kondapur,1690.3,3,4,3.0,0,6,10,14025917.0,8297.6
Nallagandla,998.6,2,3,2.0,0,12,12,7515291.0,7525.5
LB Nagar,1382.9,3,3,1.0,3,1,21,5780111.0,4179.7
Kukatpally,1037.5,2,2,1.0,3,0,3,5993461.0,5777.0
LB Nagar,2173.4,4,5,1.0,10,1,2,8685496.0,3996.3
Hitech City,1199.8,2,2,1.0,5,0,15,11234998.0,9363.9
Bowenpally,1652.6,3,3,1.0,2,2,12,8440905.0,5107.6
LB Nagar,2198.8,4,4,1.0,5,0,20,10058274.0,4574.4
Manikonda,1367.2,2,2,1.0,3,0,18,8665588.0,6338.3
Nallagandla,1041.3,2,2,1.0,3,11,19,6579543.0,6318.6
Manikonda,2073.3,4,4,1.0,2,2,2,12685722.0,6118.7
Gachibowli,2686.3,4,4,1.0,15,10,16,21702942.0,8079.1
Manikonda,1180.8,2,3,0.0,2,3,3,6665581.0,5644.9
Jubilee Hills,1763.9,3,4,2.0,15,2,10,25376172.0,14386.7
Gachibowli,899.5,2,2,0.0,3,5,10,7742360.0,8607.8
Banjara Hills,2813.9,5,5,1.0,2,9,10,36656714.0,13027.1
Kompally,1360.5,3,3,1.0,10,11,17,6916149.0,5083.5
Ameerpet,2520.7,4,4,1.0,5,3,16,13786737.0,5469.3
LB Nagar,2346.2,4,5,1.0,3,0,2,10915645.0,4652.4
Ameerpet,1099.0,2,2,1.0,7,4,4,6481510.0,5897.8
Bowenpally,1285.9,3,3,2.0,0,10,18,6711096.0,5218.9
LB Nagar,2112.3,4,4,3.0,5,22,23,9643726.0,4565.6
Miyapur,1770.5,3,3,1.0,7,7,22,9137779.0,5161.0
Ameerpet,1865.5,4,5,1.0,3,2,7,10935405.0,5861.9
Kukatpally,1101.0,2,2,1.0,0,15,16,6437910.0,5847.4
Kondapur,2601.4,4,4,2.0,7,21,25,17152552.0,6593.5
Uppal,2105.7,4,5,1.0,2,2,10,9139702.0,4340.5
Nallagandla,938.6,2,3,1.0,1,7,23,6826634.0,7272.8
Gachibowli,1524.4,3,3,3.0,20,3,7,10541316.0,6914.9
Nizampet,2885.4,4,4,1.0,15,1,15,13494949.0,4677.0
Bowenpally,2087.1,4,4,1.0,0,2,4,9648031.0,4622.6
Miyapur,703.7,1,2,1.0,3,2,6,3706085.0,5266.9
LB Nagar,1032.6,2,2,2.0,7,11,16,4325186.0,4188.6
Ameerpet,675.0,1,2,0.0,3,8,13,3918384.0,5805.4
Nizampet,1726.0,3,3,1.0,0,12,18,10265782.0,5947.7
Nizampet,1148.3,2,2,2.0,15,14,17,6432207.0,5601.4
Jubilee Hills,1576.1,3,4,0.0,10,7,12,21208745.0,13456.7
LB Nagar,612.4,1,1,2.0,7,0,12,2757308.0,4502.6
Uppal,1120.0,2,3,2.0,15,6,16,5058202.0,4516.3
Begumpet,1063.6,2,2,1.0,3,21,21,8461316.0,7955.5
Uppal,1251.5,2,3,2.0,2,24,24,6137238.0,4904.0
Tellapur,1041.4,2,2,2.0,5,1,10,6617814.0,6354.6
Financial District,1541.7,3,4,1.0,3,14,20,15980938.0,10366.0
Financial District,2382.6,4,4,0.0,1,2,3,21387346.0,8976.5
Ameerpet,1119.7,2,3,1.0,10,8,20,6505170.0,5809.8
Nizampet,1535.6,3,4,1.0,1,9,10,8271951.0,5386.7
Hitech City,1385.5,3,4,1.0,3,6,6,14341654.0,10351.1
LB Nagar,1172.9,2,2,3.0,0,3,4,6231356.0,5313.0
Bowenpally,2256.5,4,5,1.0,5,5,10,10662984.0,4725.4
Shaikpet,2899.9,4,4,1.0,0,11,16,18564882.0,6401.8
Ameerpet,1704.1,3,3,1.0,1,0,4,10054234.0,5900.1
Tellapur,1517.7,3,3,1.0,5,0,2,10192336.0,6715.6
Bowenpally,604.6,1,1,1.0,0,7,14,2939177.0,4861.1
Kukatpally,1540.5,3,3,2.0,7,11,18,9150891.0,5940.3
Manikonda,1731.1,3,3,1.0,20,5,11,9218146.0,5325.1
LB Nagar,1439.8,2,2,3.0,10,6,6,5877777.0,4082.3
Financial District,1160.6,2,3,2.0,0,11,11,10979924.0,9460.6
Nizampet,1293.3,2,2,1.0,0,17,18,7399653.0,5721.4
Kukatpally,1672.3,3,3,2.0,0,8,12,11391419.0,6812.0
Nizampet,1489.4,3,4,1.0,10,1,21,7658164.0,5141.6
Financial District,1652.8,3,3,1.0,7,21,22,17009428.0,10291.1
Banjara Hills,1160.3,2,2,1.0,5,1,3,17289816.0,14900.8
Shaikpet,1862.3,3,3,2.0,3,12,25,14231363.0,7641.8
Kukatpally,2680.5,4,4,1.0,25,17,25,12953098.0,4832.4
Miyapur,1094.2,2,2,1.0,5,0,3,5537060.0,5060.2
Bowenpally,1259.9,2,3,2.0,2,2,6,7080310.0,5619.7
Begumpet,2258.9,4,4,1.0,1,2,10,17665614.0,7820.5
Gachibowli,913.1,2,3,1.0,1,12,17,7437455.0,8145.1
Tellapur,2225.1,4,4,1.0,0,14,16,16381954.0,7362.4
Kompally,1748.6,3,3,2.0,5,13,18,9046909.0,5173.9
Shaikpet,1770.0,3,3,1.0,7,9,15,11837545.0,6687.9
Begumpet,3820.5,5,6,0.0,5,0,16,29389447.0,7692.5
Hitech City,2239.9,4,5,1.0,5,1,5,20373300.0,9095.6
Ameerpet,2117.8,4,5,1.0,2,4,23,14629779.0,6907.9
Begumpet,494.9,1,2,1.0,1,1,8,3272003.0,6610.9
Bowenpally,1179.4,2,3,1.0,0,0,2,6139992.0,5206.2
Nallagandla,1299.7,3,4,2.0,10,0,7,8293176.0,6380.7
Jubilee Hills,1641.0,3,3,1.0,1,3,15,22153421.0,13499.6
Bowenpally,1625.7,3,4,1.0,3,5,6,8330366.0,5124.2
Manikonda,1455.7,3,3,3.0,0,0,3,8504000.0,5841.9
Nallagandla,935.0,2,3,0.0,1,9,11,7655021.0,8187.3
Miyapur,1739.5,3,4,1.0,3,6,11,9639476.0,5541.5
Hitech City,1213.1,2,3,1.0,7,12,18,12602363.0,10388.5
Kukatpally,925.7,2,3,3.0,2,2,18,4787843.0,5172.3
Hitech City,1017.4,2,3,2.0,2,2,2,9721163.0,9554.9
Gachibowli,1051.8,2,3,1.0,1,1,3,9395435.0,8932.4
Miyapur,914.0,2,2,1.0,3,2,14,4791525.0,5242.5
Kondapur,977.5,2,3,1.0,7,0,12,6684678.0,6838.4
Kompally,2970.8,5,6,0.0,10,13,16,12778488.0,4301.4
Kukatpally,1990.9,4,5,1.0,5,2,6,12636128.0,6346.8
Hitech City,1235.8,3,3,0.0,3,11,14,11324248.0,9163.4
Jubilee Hills,3107.9,4,4,1.0,0,7,11,44182028.0,14215.9
Begumpet,1376.4,3,3,1.0,1,1,4,9085970.0,6601.0
Begumpet,2030.7,4,4,1.0,10,2,2,14916848.0,7345.5
Financial District,1046.5,2,2,1.0,0,1,15,9474017.0,9052.9
Jubilee Hills,1217.4,2,2,2.0,1,8,22,20709454.0,17011.8
Financial District,1469.3,3,3,3.0,25,18,23,12211900.0,8311.3
Kompally,1791.2,3,3,1.0,3,11,18,9050261.0,5052.6
Uppal,1852.4,3,3,,5,0,15,7934856.0,4283.5
Nizampet,2338.1,4,4,0.0,0,18,18,12100764.0,5175.4
Nizampet,1041.7,2,3,1.0,10,21,25,6148138.0,5902.1
Nizampet,1300.2,2,2,0.0,15,3,9,6153184.0,4732.4
Hitech City,2477.8,4,4,1.0,7,0,2,21489601.0,8672.9
Nizampet,669.8,1,2,1.0,2,8,11,3502469.0,5229.2
Financial District,1275.2,2,3,3.0,10,0,3,12810274.0,10045.7
Shaikpet,1388.5,3,3,1.0,2,0,12,10085219.0,7263.6
Kondapur,1202.9,2,2,2.0,10,9,21,8641722.0,7183.8
Nallagandla,1247.0,2,3,3.0,3,0,5,8041361.0,6448.4
Gachibowli,1656.9,3,3,2.0,10,4,4,12060726.0,7279.1
Kondapur,1843.2,3,4,0.0,15,1,23,11826640.0,6416.4
Uppal,3765.9,5,5,1.0,2,10,12,18856904.0,5007.2
LB Nagar,1930.4,3,4,2.0,5,7,14,8042726.0,4166.5
Ameerpet,1492.2,3,3,2.0,10,16,19,9384986.0,6289.5
Shaikpet,2168.9,4,4,2.0,2,17,20,17250483.0,7953.7
Shaikpet,1593.6,3,4,1.0,7,0,7,11117893.0,6976.6
Kondapur,1776.8,3,4,1.0,0,11,17,13302804.0,7486.8
Bowenpally,2125.8,4,5,1.0,7,11,25,11189874.0,5263.8
Nallagandla,1699.4,3,3,1.0,2,4,4,11340656.0,6673.4
Kompally,2344.8,4,5,3.0,0,4,24,11572888.0,4935.5
Bowenpally,1528.0,3,3,0.0,1,10,23,7508283.0,4913.7
Nizampet,2156.3,4,4,2.0,1,6,8,12099659.0,5611.3
Gachibowli,1306.4,2,2,2.0,15,6,6,9209733.0,7049.7
Nizampet,1847.2,3,3,1.0,5,0,2,9646045.0,5222.0
Gachibowli,831.0,1,1,0.0,10,10,12,7111910.0,8557.9
Bowenpally,1755.7,3,4,1.0,15,0,12,9205028.0,5243.1
Nallagandla,1829.0,3,3,0.0,5,3,9,10608415.0,5800.0
Kondapur,770.8,1,1,2.0,0,6,15,5984601.0,7764.2
Kompally,1702.3,3,3,3.0,0,15,23,9216590.0,5414.1
Banjara Hills,1127.5,2,3,1.0,5,2,5,14587958.0,12937.8
Tellapur,1265.5,2,2,,10,7,9,7836626.0,6192.5
Ameerpet,1704.6,3,4,1.0,3,11,21,10826159.0,6351.2
Banjara Hills,2257.3,4,5,2.0,5,5,11,30015835.0,13297.3
Shaikpet,2427.6,4,4,1.0,7,0,8,14664743.0,6040.9
Shaikpet,1036.4,2,3,1.0,7,0,2,6797856.0,6559.2
Ameerpet,2507.5,4,5,2.0,3,1,11,15207978.0,6064.9
Madhapur,648.7,1,1,2.0,0,2,2,5741060.0,8850.0
Uppal,1166.2,2,3,1.0,1,6,7,5529300.0,4741.3
Miyapur,1265.3,2,2,2.0,2,4,6,6736811.0,5324.3
Shaikpet,945.4,2,2,,20,10,12,5686302.0,6014.5
Shaikpet,1368.0,2,2,2.0,20,8,13,8105475.0,5925.2
Hitech City,1097.4,2,2,2.0,1,2,2,9158330.0,8345.8
Gachibowli,2270.8,4,4,1.0,10,1,12,19684641.0,8668.6
Begumpet,2434.5,4,4,2.0,1,8,11,18977979.0,7795.4
Kondapur,2288.9,4,4,1.0,2,10,10,14279997.0,6238.8
Kukatpally,890.6,2,2,1.0,3,0,5,5826858.0,6542.8
Kondapur,1794.0,3,3,1.0,15,15,19,12766859.0,7116.3
LB Nagar,962.2,2,3,0.0,5,4,4,3505117.0,3642.8
Financial District,928.5,2,2,1.0,5,2,24,8077195.0,8699.4
LB Nagar,1840.2,3,4,1.0,3,1,4,7894185.0,4290.0
Jubilee Hills,1264.4,2,2,3.0,1,22,24,19165002.0,15156.8
Begumpet,2632.0,4,4,2.0,7,9,10,20370020.0,7739.3
Nizampet,1393.8,2,3,1.0,0,16,20,7345446.0,5269.9
Hitech City,1703.1,3,3,0.0,10,12,24,13688374.0,8037.2
Begumpet,1153.8,2,2,1.0,5,15,24,8101096.0,7021.5
Manikonda,1559.9,3,4,3.0,25,6,11,8213640.0,5265.4
Uppal,1067.1,2,3,1.0,7,6,8,4692681.0,4397.4
Hitech City,1137.3,2,2,0.0,2,4,20,9420920.0,8283.5
Uppal,1117.0,2,2,0.0,2,4,23,5232255.0,4684.3
Financial District,1586.9,3,4,2.0,3,7,23,13997668.0,8820.7
Nallagandla,1689.9,3,3,3.0,7,3,20,11519927.0,6817.0
Shaikpet,1282.3,2,2,2.0,5,19,25,9869949.0,7697.0
Ameerpet,2375.2,4,4,2.0,15,2,5,12957060.0,5455.1
Miyapur,1619.9,3,4,1.0,15,6,11,9198596.0,5678.5
Financial District,990.7,2,3,1.0,0,6,9,11173393.0,11278.4
Madhapur,528.5,1,2,2.0,15,1,4,4361077.0,8252.4
Begumpet,2118.5,4,4,,15,0,20,14661679.0,6920.8
Gachibowli,1842.7,3,3,1.0,2,6,23,16582510.0,8998.9
Hitech City,863.4,2,2,1.0,3,0,3,7570717.0,8768.9
Banjara Hills,1548.5,3,4,1.0,3,16,24,23637449.0,15264.7
Nallagandla,1624.9,3,3,1.0,15,3,17,10171571.0,6259.7
Nizampet,1720.8,3,3,2.0,0,2,2,9436357.0,5483.6
Miyapur,975.2,2,2,2.0,10,9,15,5427029.0,5565.2
Ameerpet,2296.2,4,4,2.0,2,15,20,14914129.0,6495.0
Ameerpet,1028.7,2,3,1.0,0,10,14,7072400.0,6875.0
Hitech City,1222.0,2,3,1.0,7,2,6,11638917.0,9524.8
Hitech City,1486.2,3,4,1.0,3,5,11,15334132.0,10317.8
Bowenpally,1581.7,3,4,1.0,2,3,19,7974850.0,5041.9
Tellapur,2387.2,4,4,2.0,1,15,15,16838842.0,7053.7
Uppal,1063.2,2,2,1.0,0,2,20,3990140.0,3752.8
Jubilee Hills,2282.4,4,4,1.0,2,0,9,36327531.0,15916.1
Uppal,1057.4,2,3,1.0,1,11,11,4712512.0,4456.6
Madhapur,998.4,2,2,1.0,7,15,25,7774688.0,7787.0
Kukatpally,1606.2,3,4,1.0,20,2,3,7766088.0,4835.0
Manikonda,2379.5,4,4,1.0,7,11,16,15229295.0,6400.1
Manikonda,2172.7,4,4,1.0,1,10,11,14720405.0,6775.1
Begumpet,1366.2,3,3,2.0,5,4,22,10329268.0,7560.6
Hitech City,747.3,1,1,2.0,3,4,6,7171782.0,9597.3
Financial District,1949.8,4,5,1.0,25,4,9,17091359.0,8765.5
Miyapur,554.6,1,2,2.0,3,10,15,3542087.0,6386.9
Kondapur,1193.4,2,2,0.0,1,0,14,9008498.0,7548.7
Banjara Hills,1273.6,2,3,1.0,0,11,14,16808508.0,13197.8
Manikonda,1622.2,3,3,2.0,15,5,9,9179075.0,5658.3
Banjara Hills,1147.6,2,2,1.0,1,1,2,15721920.0,13699.6
Madhapur,3485.8,5,6,3.0,7,2,19,29972842.0,8598.5
Financial District,2470.1,4,4,1.0,7,8,9,23153552.0,9373.4
Kompally,1777.6,3,4,1.0,20,5,16,7207806.0,4054.7
Gachibowli,2691.5,4,4,3.0,5,10,19,23114657.0,8588.1
Ameerpet,1623.7,3,4,2.0,10,7,13,9171857.0,5648.9
Kondapur,1221.8,2,3,1.0,10,2,7,8255190.0,6756.5
Kukatpally,2899.8,4,5,2.0,3,5,17,15073459.0,5198.1
Gachibowli,1588.9,3,4,1.0,1,0,2,15219758.0,9578.9
LB Nagar,1810.6,3,3,1.0,2,2,25,9065939.0,5007.2
Kondapur,972.1,2,3,2.0,2,11,23,7400068.0,7612.8
Nizampet,1690.5,3,3,3.0,7,10,10,8349512.0,4939.2
Hitech City,1873.0,3,4,1.0,20,12,14,15094488.0,8058.9
Kompally,1662.1,3,3,1.0,25,2,16,6026528.0,3625.9
LB Nagar,2046.4,4,5,1.0,5,5,16,8513320.0,4160.2
Hitech City,1147.1,2,2,1.0,2,14,21,9414772.0,8207.3
Begumpet,1232.4,2,2,1.0,7,13,15,8575606.0,6958.5
Tellapur,1038.4,2,3,1.0,10,8,14,6433655.0,6195.8
Begumpet,1742.4,3,3,3.0,20,13,18,11866915.0,6810.8
Kondapur,1207.9,2,2,0.0,0,12,21,9058831.0,7499.4
Tellapur,1700.8,3,4,1.0,3,12,14,13881623.0,8161.8
Nallagandla,1140.8,2,2,2.0,0,3,13,7728951.0,6775.2
LB Nagar,2188.2,4,4,1.0,1,0,2,9938656.0,4541.9
Financial District,996.6,2,3,1.0,10,16,18,8769101.0,8799.2
Uppal,1847.4,3,3,1.0,20,2,19,7695632.0,4165.6
LB Nagar,1144.4,2,3,2.0,1,7,11,4809607.0,4202.6
Nallagandla,1963.3,3,4,0.0,3,8,12,11795411.0,6007.9
Gachibowli,1485.6,3,4,1.0,15,19,25,11575654.0,7792.1
Gachibowli,1188.4,2,2,2.0,10,11,24,10560169.0,8886.3
Miyapur,3155.5,5,5,1.0,25,14,17,15175696.0,4809.3
Manikonda,1771.8,3,3,2.0,7,19,25,11566336.0,6528.2
Kukatpally,1146.7,2,2,1.0,20,5,10,5525554.0,4818.7
Hitech City,1028.4,2,3,1.0,1,18,19,9116060.0,8864.3
Financial District,2245.6,4,4,2.0,10,6,6,18084011.0,8053.1
Begumpet,1211.0,2,3,2.0,0,4,12,9190488.0,7589.3
Jubilee Hills,1444.7,2,2,2.0,15,7,11,20101699.0,13914.0
Miyapur,1515.2,3,3,1.0,3,20,24,8796521.0,5805.7
Jubilee Hills,1607.1,3,4,2.0,5,4,15,25013930.0,15564.6
Jubilee Hills,2364.6,4,5,2.0,10,7,8,32906760.0,13916.2
Uppal,1728.6,3,3,3.0,10,2,4,7341675.0,4247.1
Manikonda,1590.2,3,3,1.0,5,8,10,10161213.0,6390.1
Bowenpally,1478.9,3,4,1.0,1,11,20,8007319.0,5414.3
Miyapur,1484.2,3,3,1.0,1,1,14,7037067.0,4741.3
Financial District,3164.5,5,5,1.0,5,1,24,29427660.0,9299.4
Financial District,582.6,1,2,1.0,1,12,21,5649264.0,9696.3
Nizampet,3101.3,5,6,1.0,7,4,24,17113052.0,5518.0
Kondapur,1408.2,2,2,0.0,5,2,18,9214813.0,6543.6
Kondapur,2150.9,3,4,2.0,2,1,2,14750405.0,6857.7
Miyapur,1654.4,3,3,2.0,10,1,3,9644708.0,5829.7
Ameerpet,1416.8,2,3,1.0,2,1,22,9190764.0,6487.0
Miyapur,1206.5,2,2,1.0,3,12,12,7292918.0,6044.9
Tellapur,2418.3,4,4,1.0,3,7,12,16871728.0,6976.6
Nizampet,1357.7,3,3,0.0,5,3,21,7847773.0,5780.2
Financial District,1685.6,3,4,1.0,10,9,23,15860658.0,9409.6
Financial District,1001.2,2,2,0.0,7,10,21,8821545.0,8810.5
Jubilee Hills,670.9,1,2,2.0,5,11,23,8817046.0,13142.0
Madhapur,1055.3,2,2,2.0,2,12,14,9972072.0,9449.9
Uppal,1633.7,3,3,3.0,5,19,21,7738714.0,4737.0
Ameerpet,400.0,1,1,2.0,5,3,7,2504901.0,6262.3
Kondapur,3537.5,5,5,2.0,0,12,17,28265332.0,7990.1
Kondapur,1090.8,2,3,2.0,5,2,5,8373160.0,7676.2
Kondapur,1289.4,2,2,1.0,2,11,20,8685163.0,6736.0
Madhapur,2178.0,3,4,0.0,5,3,3,17434815.0,8004.8
Banjara Hills,667.9,1,2,1.0,0,0,6,9669260.0,14476.1
Nizampet,635.4,1,1,,0,8,15,4010255.0,6311.3
Kondapur,1214.0,2,3,2.0,15,2,9,8308767.0,6844.2
Shaikpet,2408.0,4,4,2.0,1,9,16,16523801.0,6862.0
Begumpet,1206.7,2,2,0.0,2,11,17,8358388.0,6926.8
Madhapur,499.3,1,1,1.0,1,11,25,3826407.0,7664.1
Kondapur,1518.9,3,4,1.0,2,0,3,11035309.0,7265.1
Hitech City,1968.4,3,4,1.0,5,1,19,19146450.0,9727.1
Tellapur,630.6,1,2,1.0,10,8,13,4261462.0,6757.6
Gachibowli,2007.3,3,3,1.0,15,11,12,16098872.0,8020.2
Nizampet,1219.1,2,3,1.0,0,7,9,6168399.0,5059.7
Jubilee Hills,834.6,2,3,2.0,2,18,24,12235712.0,14661.2
Gachibowli,2427.2,4,4,2.0,0,5,8,18985493.0,7822.0
Gachibowli,2315.4,4,4,1.0,10,8,16,18364712.0,7931.6
Kukatpally,802.3,1,1,2.0,5,6,12,5138708.0,6404.6
Bowenpally,1346.1,3,3,1.0,7,12,23,7671906.0,5699.2
Kondapur,1270.6,2,3,1.0,7,11,13,8782203.0,6911.6
Kompally,2336.3,4,4,1.0,7,3,5,12736596.0,5451.5
Ameerpet,1288.5,2,2,0.0,2,14,18,7181445.0,5573.3
Banjara Hills,1176.9,3,3,1.0,10,13,25,16739272.0,14222.7
Bowenpally,976.4,2,3,1.0,2,10,11,5733399.0,5872.0
Banjara Hills,1279.8,3,4,,15,9,21,15514362.0,12122.9
Nizampet,1385.9,2,3,3.0,1,21,22,8501621.0,6134.4
Shaikpet,1084.1,2,2,1.0,20,3,3,6357535.0,5864.6
Manikonda,1221.8,2,3,1.0,5,15,16,7782293.0,6369.3
Ameerpet,1073.7,2,3,1.0,15,4,18,6530715.0,6082.5
Kukatpally,1920.5,3,4,2.0,10,6,14,10728058.0,5585.9
Madhapur,1881.2,3,3,1.0,3,3,6,14452486.0,7682.5
Uppal,1503.0,3,3,2.0,5,21,21,7031487.0,4678.3
Hitech City,1407.1,3,3,1.0,3,16,25,13101440.0,9310.9
Nizampet,2501.4,4,5,1.0,5,0,4,12197007.0,4876.0
Ameerpet,1986.4,3,3,1.0,3,6,18,11622253.0,5850.9
Nizampet,3321.4,5,5,2.0,20,16,18,16679747.0,5021.8
Hitech City,1304.8,3,4,1.0,7,15,19,12032924.0,9222.4
Shaikpet,2956.6,4,4,1.0,7,8,9,20698181.0,7000.6
Gachibowli,1429.7,2,2,1.0,5,11,14,14187518.0,9923.4
Kukatpally,1520.2,3,3,1.0,1,2,15,8580446.0,5644.4
Kompally,1114.5,2,2,1.0,2,3,6,5673858.0,5090.8
Kukatpally,1850.8,3,3,3.0,0,0,4,13417014.0,7249.5
Nallagandla,1196.4,2,3,2.0,10,0,6,7058845.0,5900.0
Nizampet,3155.6,5,5,2.0,5,2,7,18006830.0,5706.3
Miyapur,1653.9,3,3,2.0,1,15,25,8814099.0,5329.4
Kompally,2300.6,4,5,2.0,5,1,6,10834436.0,4709.4
Nallagandla,1840.7,4,4,1.0,10,13,13,12575072.0,6831.7
Manikonda,1309.9,3,4,2.0,3,7,7,8382214.0,6399.1
Miyapur,1043.1,2,2,2.0,1,10,21,6333731.0,6072.2
Miyapur,1300.4,2,3,1.0,20,4,15,6727230.0,5173.2
Kompally,1166.9,2,2,1.0,10,19,20,5589770.0,4790.4
Madhapur,1087.0,2,2,1.0,7,15,16,9234719.0,8495.8
Bowenpally,568.1,1,1,1.0,2,6,6,2749576.0,4840.1
Ameerpet,1021.9,2,2,1.0,0,7,7,7103345.0,6951.1
Hitech City,2174.3,4,5,2.0,7,7,13,20178258.0,9280.4
Manikonda,2138.9,3,3,2.0,7,5,7,11904414.0,5565.6
Financial District,2225.1,4,4,2.0,5,5,6,20222817.0,9088.5
Banjara Hills,1560.6,3,3,1.0,7,3,11,19761301.0,12662.3
Kukatpally,2700.2,4,5,1.0,15,0,3,13316174.0,4931.5
Shaikpet,1583.5,3,4,1.0,3,2,2,11206592.0,7077.1
Gachibowli,1178.8,2,2,1.0,7,7,10,9639871.0,8177.5
Financial District,679.2,1,2,1.0,3,0,24,6863259.0,10104.8
Nallagandla,2358.9,4,5,1.0,15,4,7,13635640.0,5780.4
Uppal,2134.6,4,5,1.0,7,7,11,10141964.0,4751.2
Nizampet,2213.4,3,4,2.0,0,18,18,12655772.0,5717.9
Nallagandla,1774.8,3,4,2.0,2,1,11,10010025.0,5640.2
Kondapur,777.8,1,1,1.0,2,16,23,6070004.0,7804.2
Hitech City,1751.7,3,3,1.0,3,3,18,13823280.0,7891.4
Madhapur,1115.6,2,2,1.0,15,2,14,8305706.0,7445.2
Banjara Hills,1393.6,2,3,1.0,5,12,18,23871417.0,17129.8
Ameerpet,1729.4,3,3,2.0,2,15,18,11925535.0,6895.9
Nizampet,1478.5,3,3,1.0,3,15,15,8520722.0,5763.1
LB Nagar,748.2,1,1,1.0,10,7,9,3432989.0,4588.0
Ameerpet,1091.9,2,2,2.0,7,9,19,7177528.0,6573.7
Hitech City,1920.4,3,4,2.0,20,6,14,15430076.0,8034.9
Ameerpet,1789.6,3,3,2.0,10,6,17,11175909.0,6245.1
Uppal,765.1,1,2,1.0,0,2,17,3308771.0,4324.4
Begumpet,651.8,1,1,1.0,1,0,6,4137121.0,6347.7
Kondapur,1141.0,2,3,0.0,20,11,15,6874009.0,6024.7
Bowenpally,1029.9,2,3,1.0,1,12,12,5741711.0,5575.3
Ameerpet,722.1,1,1,1.0,10,9,18,4828414.0,6687.0
Nizampet,1684.9,3,3,1.0,15,0,3,8228400.0,4883.5
Banjara Hills,635.5,1,2,1.0,3,8,10,9268775.0,14585.2
Kondapur,723.6,1,1,0.0,3,21,24,5093304.0,7038.4
Manikonda,2380.4,4,4,1.0,20,4,6,12077312.0,5073.6
Jubilee Hills,1416.2,2,2,2.0,0,4,13,21611288.0,15260.3
Miyapur,742.3,1,1,1.0,15,1,24,3601908.0,4852.7
Jubilee Hills,530.5,1,2,2.0,0,15,22,7670848.0,14461.0
Madhapur,1051.8,2,2,1.0,10,9,14,8287981.0,7880.1
Banjara Hills,1061.7,2,2,1.0,5,7,11,16597339.0,15633.4
Kukatpally,1314.1,2,3,1.0,1,0,9,8392828.0,6386.7
Nizampet,1204.7,2,3,1.0,3,15,16,6827917.0,5667.7
Nizampet,1337.3,2,2,1.0,25,2,9,5868101.0,4388.1
Gachibowli,1750.4,3,3,2.0,20,2,11,12784028.0,7303.5
Tellapur,668.4,1,1,1.0,3,22,22,3540299.0,5297.0
Financial District,1390.0,3,3,1.0,2,4,11,13848354.0,9962.6
Begumpet,2447.0,4,5,1.0,2,0,4,17030049.0,6959.7
Bowenpally,1841.1,3,3,2.0,3,20,23,10625873.0,5771.4
Hitech City,1240.5,3,3,0.0,2,12,21,11433275.0,9217.0
Financial District,1452.5,3,3,2.0,25,2,15,10611844.0,7305.7
Nizampet,1051.8,2,3,1.0,1,2,2,5926502.0,5634.5
Jubilee Hills,1434.9,2,3,1.0,25,0,13,17154934.0,11955.4
Kompally,966.3,2,3,1.0,2,1,14,4975158.0,5148.4
Gachibowli,627.2,1,2,2.0,1,1,11,5594067.0,8918.4
Ameerpet,1551.0,3,3,1.0,1,3,4,10212677.0,6584.5
Gachibowli,1968.4,3,3,1.0,7,5,9,17043788.0,8658.9
Hitech City,1902.8,3,4,1.0,7,8,14,17222292.0,9051.2
Kondapur,1930.2,4,5,1.0,25,9,20,12726702.0,6593.4
Jubilee Hills,692.3,1,1,2.0,7,1,16,9916217.0,14322.9
Kukatpally,1329.3,2,3,1.0,10,1,12,7913050.0,5952.9
Uppal,1314.8,3,3,1.0,1,3,6,5999286.0,4562.8
Nallagandla,1663.6,3,4,0.0,1,0,2,11374560.0,6837.1
Nallagandla,1552.4,3,3,2.0,15,6,6,9203794.0,5928.8
Financial District,2125.8,4,4,2.0,5,2,11,21033602.0,9894.5
Kondapur,1654.3,3,3,2.0,2,4,11,12609325.0,7622.0
Kondapur,1222.6,3,3,1.0,10,15,23,8164922.0,6678.1
Begumpet,1625.9,3,3,2.0,7,14,25,13506763.0,8307.1
Kondapur,1800.2,3,3,1.0,10,5,10,12263687.0,6812.2
Ameerpet,2124.2,4,4,2.0,3,17,20,14484070.0,6818.5
Kondapur,2773.0,4,5,3.0,15,3,3,18804220.0,6781.1
Nizampet,918.2,2,2,2.0,25,8,8,3657715.0,3983.7
Gachibowli,1074.2,2,2,1.0,1,3,3,8655946.0,8058.0
Nizampet,1930.2,3,4,1.0,15,6,7,8961095.0,4642.5
Gachibowli,1030.9,2,2,1.0,5,11,17,9752072.0,9459.8
Kompally,3442.3,5,6,3.0,5,3,10,18375194.0,5338.1
Nallagandla,1176.4,2,3,1.0,15,19,23,6657331.0,5659.2
Ameerpet,1631.8,3,3,2.0,5,1,3,10147856.0,6218.7
Miyapur,1141.3,2,2,2.0,7,3,4,5912155.0,5180.1
Banjara Hills,2950.1,5,5,,15,13,14,38618245.0,13090.3
Bowenpally,1003.0,2,3,1.0,5,14,20,5269352.0,5253.5
LB Nagar,1782.5,4,5,2.0,10,12,20,7285914.0,4087.4
Shaikpet,2217.3,3,3,1.0,7,1,8,13733741.0,6193.9
Kompally,967.8,2,2,2.0,20,18,24,4302115.0,4445.1
Hitech City,1509.6,3,4,1.0,1,13,16,16434302.0,10886.3
Begumpet,633.8,1,1,1.0,10,16,18,5108075.0,8059.3
Kompally,2263.6,4,4,1.0,2,5,6,11758901.0,5194.8
Uppal,2323.6,4,5,2.0,15,0,5,9385846.0,4039.3
Tellapur,1668.3,3,3,1.0,3,13,15,11535482.0,6914.5
Manikonda,1191.5,2,3,0.0,25,0,3,6289675.0,5278.8
Jubilee Hills,2948.5,5,6,2.0,5,11,18,41126227.0,13948.1
Jubilee Hills,1361.3,2,3,1.0,0,3,20,20899525.0,15352.4
Ameerpet,2211.3,4,4,1.0,3,1,17,15666282.0,7084.8
Uppal,950.7,2,2,2.0,7,3,14,4344586.0,4569.7
Banjara Hills,2068.3,4,4,1.0,5,0,16,27486703.0,13289.4
Banjara Hills,2040.7,3,3,0.0,7,0,15,28331236.0,13883.3
Shaikpet,673.3,1,1,1.0,5,3,15,4331082.0,6432.5
Jubilee Hills,1025.7,2,2,1.0,7,6,9,13182352.0,12852.5
LB Nagar,1161.8,2,2,1.0,2,14,20,4574699.0,3937.6
Kompally,1313.2,2,3,3.0,0,0,3,7322567.0,5576.1
Ameerpet,2200.0,4,5,1.0,15,0,7,12665664.0,5757.2
Kondapur,1130.0,2,2,1.0,7,19,25,7609239.0,6733.8
Kompally,1554.1,3,3,2.0,3,13,21,8133211.0,5233.3
Shaikpet,1588.1,3,4,1.0,2,7,21,12088143.0,7611.9
Ameerpet,1193.0,2,3,1.0,7,2,13,7233553.0,6063.4
Ameerpet,1659.0,3,3,1.0,15,3,3,9256074.0,5579.3
Uppal,793.7,2,3,1.0,7,7,12,3369005.0,4244.6
Madhapur,1585.3,3,3,1.0,7,2,5,14186867.0,8948.8
Uppal,1144.7,2,2,0.0,5,7,19,4969577.0,4341.2
LB Nagar,1174.4,2,3,1.0,2,10,20,5375229.0,4577.0
Financial District,1117.8,2,3,2.0,7,16,16,11927815.0,10671.1
Madhapur,1398.2,3,4,1.0,2,4,6,11572528.0,8276.8
Nizampet,2171.9,4,5,1.0,3,19,21,14054687.0,6471.1
Gachibowli,1517.0,3,4,0.0,3,0,25,14539709.0,9584.5
Kondapur,1624.8,3,3,1.0,25,9,21,8731231.0,5373.6
Gachibowli,1222.0,2,3,2.0,7,23,24,10622657.0,8693.1
Kompally,2368.7,4,5,2.0,20,3,7,9936251.0,4194.8
Financial District,3630.8,5,6,2.0,7,10,10,32686539.0,9002.6
LB Nagar,749.3,1,1,3.0,3,12,21,3503206.0,4675.5
Jubilee Hills,1027.3,2,3,1.0,5,2,7,14496258.0,14110.5
Nizampet,1863.1,3,4,1.0,1,6,7,9697536.0,5205.1
Begumpet,2244.1,4,5,1.0,10,18,19,16980999.0,7566.9
Miyapur,569.3,1,1,2.0,1,7,22,3675715.0,6456.6
Kukatpally,1038.2,2,3,1.0,10,13,15,6226430.0,5997.1
Ameerpet,600.9,1,1,1.0,5,17,22,3661155.0,6093.2
Nizampet,1028.6,2,3,1.0,3,5,21,5730465.0,5571.3
Nallagandla,1226.6,2,2,1.0,20,14,15,7319396.0,5967.2
Banjara Hills,1522.0,3,4,1.0,2,5,6,20143792.0,13235.5
Tellapur,1270.9,2,3,3.0,15,1,2,8200141.0,6452.1
Madhapur,1392.3,3,4,1.0,25,0,7,8551876.0,6142.2
Begumpet,1391.8,2,2,1.0,10,0,3,10569585.0,7594.4
Financial District,1769.6,3,4,1.0,1,20,22,17511209.0,9895.6
Miyapur,2329.7,4,5,1.0,0,2,11,14206923.0,6098.1
Nallagandla,1410.5,2,2,3.0,7,16,20,8717365.0,6180.3
Banjara Hills,1187.8,2,2,1.0,15,3,8,16188497.0,13628.7
Nizampet,1191.4,2,3,2.0,0,3,16,6575563.0,5519.1
Madhapur,1449.1,2,2,2.0,15,10,21,10216706.0,7050.5
Kondapur,1114.8,2,2,1.0,5,1,3,7956813.0,7137.6
Kompally,1412.9,3,3,2.0,20,1,7,5261326.0,3723.7
Tellapur,1241.3,2,3,0.0,0,6,13,7887133.0,6353.9
Uppal,1848.6,4,4,0.0,5,4,14,7969619.0,4311.3
Kompally,651.2,1,2,3.0,1,2,8,3321961.0,5101.4
Banjara Hills,1861.5,3,4,1.0,5,18,18,27921957.0,14999.6
Ameerpet,1265.4,2,3,1.0,0,7,12,7826572.0,6184.9
Tellapur,1892.4,4,4,0.0,2,2,6,13600336.0,7186.7
Begumpet,1600.6,3,4,2.0,1,8,23,14104658.0,8812.0
Begumpet,1880.4,4,4,,2,24,24,12808790.0,6811.9
Bowenpally,1426.0,2,2,1.0,5,9,14,7092968.0,4974.0
Tellapur,1673.0,3,4,1.0,7,5,22,11055727.0,6608.5
Madhapur,1858.3,4,5,1.0,0,4,19,14904924.0,8020.9
Madhapur,1993.1,4,5,1.0,5,12,20,15296606.0,7674.9
Kompally,1399.5,2,3,1.0,1,0,3,7933473.0,5669.0
Shaikpet,1258.7,2,2,2.0,5,1,3,8865346.0,7043.1
Kompally,1534.7,3,3,1.0,7,5,13,7178490.0,4677.6
LB Nagar,1265.7,2,2,2.0,5,0,13,5284412.0,4175.2
Madhapur,1143.0,2,2,1.0,7,5,10,9643907.0,8437.3
Nizampet,2084.3,3,3,1.0,1,8,19,12166712.0,5837.3
Jubilee Hills,1934.7,4,5,2.0,10,14,17,27315541.0,14118.9
Uppal,989.2,2,2,2.0,15,2,19,3605316.0,3644.7
Hitech City,663.8,1,1,1.0,2,21,23,5877538.0,8854.6
Miyapur,1972.8,3,3,1.0,3,5,10,11027300.0,5589.8
Nallagandla,1592.5,3,3,1.0,5,17,23,9649107.0,6059.2
Nallagandla,1717.9,3,3,1.0,2,4,8,11129945.0,6478.7
Begumpet,2673.3,4,4,1.0,5,0,11,16302118.0,6098.2
Kompally,1440.5,3,3,1.0,7,6,24,7132765.0,4951.4
Ameerpet,1105.3,2,2,2.0,3,11,21,7307640.0,6611.4
Kondapur,3123.7,5,5,1.0,20,1,17,19297128.0,6177.7
Tellapur,600.3,1,2,0.0,20,15,15,3861581.0,6432.5
Kondapur,2136.9,4,4,0.0,0,6,18,16126263.0,7546.7
Ameerpet,1081.6,2,3,0.0,7,8,8,6928713.0,6405.8
Madhapur,1115.3,2,2,3.0,5,13,16,9883743.0,8862.1
Jubilee Hills,1116.8,2,3,1.0,25,8,8,13515618.0,12102.0
Ameerpet,2466.6,4,4,1.0,10,3,12,16173628.0,6557.0
Uppal,1961.3,3,3,2.0,0,2,9,8137494.0,4148.9
Madhapur,2260.2,4,4,1.0,7,3,11,19417401.0,8590.9
Ameerpet,1000.1,2,3,1.0,7,4,9,6311351.0,6310.9
Nallagandla,1785.6,3,4,1.0,3,2,3,11097805.0,6215.2
Ameerpet,1378.3,3,3,0.0,2,12,17,8715459.0,6323.5
Miyapur,1150.4,2,3,2.0,10,9,11,6612998.0,5748.3
Kompally,762.8,2,2,2.0,7,0,11,3807580.0,4991.5
Kondapur,727.2,1,1,1.0,20,6,16,4999415.0,6875.0
Banjara Hills,610.0,1,1,2.0,2,2,4,8132772.0,13333.5
Gachibowli,1836.2,3,4,1.0,3,3,3,15820350.0,8615.8
Shaikpet,1163.8,2,2,1.0,1,13,20,9671371.0,8309.9
Begumpet,1156.4,2,3,1.0,15,14,22,7161763.0,6193.3
LB Nagar,750.8,1,1,1.0,0,6,17,3246751.0,4324.4
Kondapur,1650.2,4,5,2.0,2,4,12,12421318.0,7527.3
Bowenpally,2221.5,3,3,1.0,1,16,25,12541680.0,5645.6
Manikonda,1172.3,2,2,0.0,7,6,18,7799359.0,6652.8
Miyapur,1477.1,3,4,1.0,25,2,14,7109736.0,4813.3
Shaikpet,1350.8,2,2,2.0,0,0,5,8500243.0,6292.9
Banjara Hills,1505.1,3,4,2.0,5,0,13,20236236.0,13445.4
Nallagandla,618.2,1,1,1.0,5,19,24,4012046.0,6489.9
LB Nagar,1483.6,3,4,2.0,1,10,24,6514156.0,4390.8
Nizampet,1693.3,3,4,0.0,1,1,8,8886757.0,5248.2
Miyapur,1245.7,2,2,0.0,10,17,18,7399351.0,5939.8
Financial District,2134.3,4,4,0.0,2,6,9,20899083.0,9791.8
Banjara Hills,2313.6,4,5,1.0,2,1,18,32339564.0,13978.2
Financial District,2498.0,4,5,1.0,2,10,21,24170649.0,9676.0
Uppal,2746.3,4,4,2.0,2,4,20,11992160.0,4366.7
LB Nagar,2247.5,4,4,2.0,0,5,11,10704568.0,4762.9
Bowenpally,2515.3,4,5,1.0,20,3,21,10426138.0,4145.0
Kompally,1807.7,3,4,1.0,2,7,9,10179532.0,5631.2
Hitech City,933.4,2,3,0.0,7,3,16,8357120.0,8953.8
Nallagandla,2523.5,4,4,2.0,5,9,18,17660523.0,6998.4
Uppal,1270.3,2,3,1.0,5,17,23,6009634.0,4731.0
Begumpet,1663.6,3,3,2.0,0,17,24,14464890.0,8694.8
Hitech City,1493.3,4,4,1.0,5,6,7,12047309.0,8067.4
Uppal,1490.5,3,3,1.0,7,3,13,6442767.0,4322.6
Miyapur,1995.4,3,4,2.0,3,8,10,11660430.0,5843.7
Miyapur,1530.6,3,4,2.0,5,1,6,8699291.0,5683.4
Ameerpet,3618.2,5,6,1.0,7,0,8,19459516.0,5378.2
Madhapur,1677.8,3,3,0.0,2,2,3,13140316.0,7831.7
Bowenpally,1117.9,2,2,1.0,5,2,5,5952516.0,5324.9
Nallagandla,1610.4,3,3,1.0,3,7,22,9692899.0,6018.8
Financial District,2056.1,3,4,2.0,0,14,15,20416382.0,9929.4
Financial District,1669.8,3,3,,25,5,17,13382231.0,8014.3
Madhapur,1393.5,2,2,2.0,5,0,11,10360675.0,7435.1
Hitech City,2729.2,5,6,1.0,20,4,14,21082602.0,7724.8
Hitech City,3751.0,5,5,2.0,7,0,10,29854915.0,7959.2
Miyapur,1732.2,3,3,1.0,7,6,7,9466724.0,5465.1
LB Nagar,1809.6,3,3,2.0,1,13,18,7584185.0,4191.0
Gachibowli,1610.7,3,3,2.0,10,10,17,13237904.0,8218.7
Miyapur,1774.5,3,3,2.0,0,0,5,9103242.0,5129.9
Hitech City,1279.4,2,3,1.0,5,18,18,11599187.0,9066.2
Ameerpet,2011.5,3,3,1.0,5,3,11,11461123.0,5697.9
Kukatpally,3096.9,5,6,2.0,10,7,23,18211878.0,5880.6
Tellapur,1264.5,2,3,2.0,15,3,17,7994301.0,6322.0
Gachibowli,1707.5,3,4,2.0,2,19,19,14304951.0,8377.7
Nizampet,2293.7,4,4,1.0,20,20,23,10767405.0,4694.4
Miyapur,1581.9,3,4,1.0,3,17,22,9186465.0,5807.1
Tellapur,2141.6,4,4,1.0,7,12,24,12675430.0,5918.6
Tellapur,2182.5,4,5,1.0,1,2,14,13456001.0,6165.5
Uppal,1859.5,3,3,1.0,2,0,6,8405147.0,4520.2
Uppal,1506.3,3,4,1.0,3,0,7,6269494.0,4162.1
Kukatpally,1717.1,3,3,1.0,15,5,6,9119436.0,5311.0
Uppal,1745.7,4,4,1.0,1,13,14,8683004.0,4973.9
Gachibowli,2111.3,4,4,1.0,1,12,24,18012467.0,8531.4
Financial District,1761.8,3,3,1.0,25,4,7,14241910.0,8083.6
Tellapur,1169.6,2,2,1.0,2,20,22,8053783.0,6886.0
Banjara Hills,1645.3,3,3,2.0,1,5,5,23083568.0,14029.7
Hitech City,1736.6,3,3,1.0,5,7,17,14785737.0,8514.1
Manikonda,1219.5,2,3,1.0,7,1,9,7694180.0,6309.4
Bowenpally,1621.2,3,3,1.0,15,5,15,7867362.0,4852.7
Financial District,1219.0,2,2,1.0,5,2,3,11460523.0,9401.3
Shaikpet,1848.7,4,4,1.0,15,18,21,10675622.0,5774.7
Jubilee Hills,1313.5,2,2,2.0,1,2,5,19167070.0,14592.9
Tellapur,674.5,1,2,1.0,0,1,11,4590192.0,6805.8
Hitech City,1385.6,3,4,1.0,25,16,22,10173305.0,7342.4
Tellapur,2503.3,4,4,2.0,3,2,15,16479195.0,6583.1
Miyapur,1104.0,2,3,1.0,7,0,22,5323738.0,4822.1
Hitech City,1718.4,3,3,1.0,2,12,14,16188693.0,9420.8
LB Nagar,1023.9,2,2,2.0,25,1,9,3862142.0,3772.1
Nallagandla,1192.1,2,2,1.0,5,9,21,8366903.0,7018.6
Hitech City,1223.2,2,2,2.0,5,1,4,11628706.0,9506.9
Miyapur,1445.0,3,4,1.0,15,7,24,7744821.0,5359.9
Jubilee Hills,1446.2,3,3,1.0,10,1,14,21672473.0,14985.8
Bowenpally,1777.3,4,5,2.0,10,18,23,11557738.0,6503.1
Gachibowli,1040.4,2,3,2.0,3,4,4,7204557.0,6925.1
Shaikpet,1112.8,2,2,3.0,1,13,21,8295316.0,7454.4
Miyapur,2199.6,4,4,1.0,2,12,18,13016645.0,5917.8
Manikonda,1391.7,2,2,1.0,10,4,7,7731428.0,5555.6
Bowenpally,1865.1,3,3,1.0,3,9,21,8413303.0,4510.9
Nizampet,2561.7,4,5,2.0,1,2,10,15105432.0,5896.6
Jubilee Hills,1407.6,2,3,1.0,5,13,16,20487829.0,14554.8
Jubilee Hills,2121.2,3,3,3.0,3,13,21,32660513.0,15396.8
Financial District,1209.8,2,3,2.0,0,1,17,11374360.0,9401.7
Shaikpet,1562.6,3,4,1.0,7,9,13,11088846.0,7096.3
LB Nagar,1063.8,2,2,1.0,7,3,8,4744901.0,4460.2
Hitech City,1140.5,2,2,1.0,0,5,5,9847826.0,8635.0
Bowenpally,1806.8,3,3,2.0,5,1,6,9609831.0,5318.6
LB Nagar,1112.0,2,2,2.0,3,2,5,5182802.0,4660.9
Manikonda,576.2,1,2,1.0,3,18,25,3726195.0,6466.5
Kondapur,657.7,1,1,1.0,5,6,8,4813169.0,7318.1
Gachibowli,1466.7,3,3,2.0,7,12,22,14067004.0,9591.0
Tellapur,1766.0,3,3,1.0,7,6,7,12074470.0,6837.2
Ameerpet,1099.5,2,3,2.0,7,2,20,6771824.0,6158.9
Financial District,2097.3,4,5,0.0,10,17,23,18451266.0,8797.5
Tellapur,2678.3,4,4,,5,15,17,21186756.0,7910.6
Shaikpet,1210.3,2,3,2.0,1,5,9,9101511.0,7520.0
Tellapur,1464.1,3,3,1.0,3,9,19,10800442.0,7377.0
Uppal,1699.0,3,4,3.0,3,11,16,8709383.0,5126.3
Nallagandla,1140.5,2,3,,0,0,15,7735726.0,6782.8
Nizampet,1189.5,2,2,1.0,2,2,18,6254943.0,5258.4
Banjara Hills,1237.1,2,2,2.0,1,8,13,17365913.0,14037.6
Nallagandla,971.5,2,2,2.0,20,6,10,5807828.0,5978.5
Kondapur,1141.8,2,3,1.0,5,5,8,8050087.0,7050.5
Manikonda,1202.9,2,3,3.0,3,1,3,7149717.0,5943.7
Hitech City,836.3,1,1,1.0,7,1,3,7940544.0,9494.9
Gachibowli,1532.0,2,2,1.0,1,0,11,12881013.0,8407.8
Madhapur,791.9,2,3,2.0,10,1,14,6201152.0,7830.3
LB Nagar,1451.8,3,3,1.0,2,19,20,7067033.0,4867.8
Jubilee Hills,770.1,1,1,3.0,15,14,23,10324893.0,13407.5
Madhapur,2079.2,4,5,,7,2,17,16899748.0,8128.0
Bowenpally,1933.8,3,4,1.0,0,9,16,10707741.0,5537.2
Gachibowli,621.0,1,1,1.0,25,8,13,4105852.0,6611.3
Gachibowli,2360.8,4,4,1.0,10,3,18,20293236.0,8596.0
Kompally,1399.6,3,4,0.0,7,0,5,7695889.0,5498.6
Bowenpally,1277.1,2,3,1.0,5,3,25,6018804.0,4712.8
Financial District,1088.1,2,2,1.0,5,19,22,10292616.0,9459.7
Ameerpet,1181.1,2,2,2.0,10,6,6,7350426.0,6223.4
Tellapur,2684.0,4,5,2.0,5,6,8,17956734.0,6690.2
Gachibowli,1656.2,3,4,2.0,25,2,9,11583010.0,6993.9
LB Nagar,635.9,1,1,3.0,20,12,19,2592736.0,4077.1
Tellapur,1517.2,3,4,2.0,7,0,14,10745621.0,7082.4
Hitech City,2559.4,4,5,1.0,5,8,9,24346560.0,9512.6
Miyapur,1103.6,2,2,1.0,7,4,5,6050908.0,5482.9
Hitech City,604.0,1,1,1.0,5,2,3,5419460.0,8972.8
Begumpet,1602.1,3,3,1.0,10,7,12,10321602.0,6442.6
Kukatpally,2894.4,5,6,2.0,10,14,23,19334485.0,6679.9
Gachibowli,1299.5,2,3,2.0,7,11,19,11020949.0,8480.7
Gachibowli,3444.6,5,6,1.0,0,5,5,29016962.0,8424.0
Nizampet,1861.9,4,5,1.0,0,4,8,9969637.0,5354.4
Hitech City,1774.7,3,4,1.0,1,19,22,17478919.0,9849.0
LB Nagar,1962.1,4,4,2.0,25,2,12,6582719.0,3355.0
Banjara Hills,2127.7,4,5,1.0,0,4,6,29983103.0,14092.1
Jubilee Hills,876.9,2,3,1.0,2,0,11,14645956.0,16702.1
Bowenpally,1587.8,3,4,1.0,3,4,10,8794479.0,5538.9
LB Nagar,1512.8,3,3,1.0,1,22,22,6731407.0,4449.6
Madhapur,1591.7,3,3,2.0,15,0,3,11785584.0,7404.4
Ameerpet,590.8,1,1,2.0,7,2,2,3641235.0,6163.0
Financial District,1351.2,2,2,2.0,15,15,19,12295936.0,9100.3
Nallagandla,1058.5,2,3,2.0,2,15,19,6949079.0,6564.8
Miyapur,1319.1,3,3,1.0,2,2,2,8306276.0,6296.9
Gachibowli,1866.6,4,5,1.0,1,3,3,16429790.0,8802.2
Kondapur,2774.8,4,4,1.0,25,4,11,16164827.0,5825.6
Begumpet,1836.9,3,4,1.0,3,1,2,13837479.0,7532.9
Madhapur,1524.1,3,3,1.0,0,11,12,12795182.0,8395.3
Financial District,3045.0,5,5,1.0,1,8,20,31556417.0,10363.4
Financial District,2549.0,4,4,2.0,0,6,18,27663124.0,10852.5
Bowenpally,717.8,1,1,1.0,5,5,10,3270463.0,4556.3
Madhapur,1880.5,3,4,1.0,2,3,18,14777254.0,7858.2
Shaikpet,1263.2,2,3,1.0,3,1,2,8435172.0,6677.7
Begumpet,2464.5,4,4,1.0,10,10,11,18599061.0,7546.8
LB Nagar,1459.6,2,3,1.0,20,4,12,5092013.0,3488.7
Uppal,2101.5,3,3,1.0,1,2,7,9032694.0,4298.2
Manikonda,2071.9,4,4,1.0,10,0,22,12195987.0,5886.5
Financial District,1575.6,3,3,1.0,1,5,8,14478831.0,9189.7
Tellapur,1000.7,2,2,1.0,5,13,13,6861644.0,6857.0
Hitech City,1730.7,3,3,1.0,3,23,25,16944690.0,9790.5
Ameerpet,2216.2,4,4,1.0,10,4,5,11873298.0,5357.6
Uppal,1901.4,3,4,1.0,15,6,10,7586010.0,3989.7
Gachibowli,1315.0,3,3,2.0,1,9,14,12521828.0,9522.4
Kukatpally,1097.4,2,3,0.0,0,8,14,7023443.0,6400.2
Banjara Hills,2502.6,4,4,1.0,5,8,25,37059174.0,14808.0
Manikonda,2046.9,3,3,1.0,0,1,7,12793247.0,6250.1
Jubilee Hills,1634.9,3,3,0.0,5,8,10,25142480.0,15378.6
Uppal,1131.0,2,3,2.0,15,1,18,4192489.0,3706.9
Tellapur,585.6,1,2,1.0,0,0,8,4194307.0,7162.2
Uppal,3631.4,5,6,1.0,10,13,17,16883111.0,4649.2
Hitech City,1937.4,3,3,2.0,3,1,2,16927396.0,8737.0
Shaikpet,2548.2,4,4,2.0,25,5,12,16836331.0,6607.2
Kompally,1976.8,3,3,1.0,25,3,5,8574274.0,4337.3
Kondapur,1338.2,2,2,1.0,15,9,11,9329487.0,6971.8
Manikonda,762.5,2,3,1.0,2,14,16,4963577.0,6509.9
Madhapur,2311.1,4,5,1.0,7,5,9,16052952.0,6945.9
Manikonda,2203.8,4,4,0.0,3,4,11,14577070.0,6614.5
Begumpet,2259.9,4,4,2.0,7,0,24,16161661.0,7151.5
LB Nagar,1275.2,2,2,2.0,1,8,14,6004235.0,4708.6
Gachibowli,2353.4,4,4,0.0,0,10,19,19830364.0,8426.1
Jubilee Hills,1231.9,2,2,1.0,5,8,11,18242330.0,14808.7
Tellapur,1866.1,4,4,0.0,5,3,3,11812916.0,6330.2
Jubilee Hills,1256.8,2,2,1.0,3,15,18,18297214.0,14559.1
Ameerpet,2563.9,4,4,2.0,0,5,16,18704911.0,7295.4
Banjara Hills,1779.5,3,3,3.0,2,10,20,24995385.0,14046.3
Bowenpally,1676.1,3,3,1.0,1,1,15,8902907.0,5311.7
Ameerpet,1160.5,3,3,3.0,0,9,20,8275342.0,7131.1
Gachibowli,1322.7,3,3,1.0,1,10,17,12105204.0,9151.7
Banjara Hills,1533.0,3,4,1.0,1,0,7,23728210.0,15478.1
Manikonda,1344.8,3,4,3.0,0,20,21,9706959.0,7218.0
Manikonda,568.0,1,1,3.0,2,1,6,3254108.0,5729.3
Miyapur,1623.6,3,3,0.0,5,4,13,8856516.0,5454.8
Shaikpet,1618.3,3,3,2.0,5,5,5,12164767.0,7517.2
Jubilee Hills,1315.8,3,3,2.0,25,2,23,15138286.0,11505.3
Kondapur,1087.2,2,2,1.0,7,8,19,7499071.0,6897.8
Uppal,1379.8,3,3,1.0,10,5,8,5004910.0,3627.3
Shaikpet,1161.2,2,2,1.0,0,1,6,8048263.0,6930.9
Uppal,1537.7,3,4,2.0,2,13,22,7477765.0,4862.9
Begumpet,2446.5,4,4,3.0,7,4,7,16740901.0,6842.8
Uppal,955.4,2,2,1.0,25,20,24,3466969.0,3628.9
Ameerpet,3928.1,5,5,2.0,7,3,6,21769983.0,5542.1
Nizampet,1412.6,3,3,2.0,0,12,17,8289634.0,5868.5
Hitech City,1897.9,3,3,0.0,0,5,6,18175991.0,9577.0
Madhapur,1180.9,2,3,1.0,15,8,9,8218147.0,6959.3
Uppal,1302.9,2,3,1.0,10,4,7,6242663.0,4791.2
Jubilee Hills,2663.2,4,5,0.0,5,13,15,37904155.0,14232.5
Bowenpally,1657.7,3,3,1.0,0,18,25,7867651.0,4746.1
Uppal,2345.3,4,5,1.0,2,7,9,10843749.0,4623.7
Financial District,2473.4,4,5,1.0,3,6,19,24554705.0,9927.4
Ameerpet,1781.6,3,4,1.0,5,3,5,11514975.0,6463.3
Hitech City,2906.1,4,5,2.0,15,2,12,22431777.0,7718.8
Tellapur,1907.3,3,3,2.0,10,8,23,12623678.0,6618.5
LB Nagar,1478.4,3,3,1.0,5,5,6,6119643.0,4139.3
Uppal,2001.5,3,3,2.0,10,4,8,8718788.0,4356.1
Nallagandla,1804.4,3,3,1.0,15,8,13,10028338.0,5557.6
Jubilee Hills,2351.3,4,5,1.0,2,2,3,34845732.0,14819.8
Financial District,1886.5,3,3,1.0,15,9,18,17989178.0,9536.0
Bowenpally,1313.8,2,2,2.0,7,4,4,7612644.0,5794.4
Kompally,1530.5,3,3,1.0,20,13,23,7434427.0,4857.6
Begumpet,1363.2,2,2,2.0,10,3,10,10097860.0,7407.5
Tellapur,2289.9,4,4,2.0,10,2,19,13673993.0,5971.4
Kukatpally,1121.8,2,2,1.0,1,9,11,7812917.0,6964.8
Bowenpally,1657.7,3,3,2.0,7,3,6,7978808.0,4813.3
Miyapur,2424.4,4,5,2.0,5,3,3,13512303.0,5573.4
Kukatpally,1405.4,2,3,3.0,5,2,16,8967423.0,6380.8
Gachibowli,1825.3,3,3,1.0,15,7,11,16181898.0,8865.1
Tellapur,1562.7,3,3,1.0,1,4,24,9961931.0,6374.8
Gachibowli,2632.3,4,5,1.0,3,2,5,24286695.0,9226.3
Gachibowli,1339.8,2,2,1.0,20,1,18,10148200.0,7574.3
Kukatpally,1417.8,3,3,1.0,3,9,23,8870091.0,6256.3
Gachibowli,1562.7,3,3,1.0,0,20,22,13854111.0,8865.7
Jubilee Hills,1719.7,4,4,1.0,10,6,6,22186849.0,12901.7
Jubilee Hills,1033.7,2,2,1.0,2,0,2,15953729.0,15433.1
Nizampet,1530.6,3,3,2.0,1,4,7,8560472.0,5592.7
Tellapur,1606.5,3,3,3.0,1,14,15,11248079.0,7001.6
LB Nagar,987.5,2,2,1.0,7,9,10,4080660.0,4132.3
Shaikpet,2064.5,4,5,0.0,7,3,13,13976648.0,6770.0
Financial District,1170.7,2,2,1.0,2,8,20,11423718.0,9757.7
Hitech City,910.9,2,3,2.0,0,0,17,8293888.0,9105.0
Begumpet,1580.3,3,3,1.0,2,17,18,11759371.0,7441.1
Uppal,1108.2,2,3,1.0,15,10,15,5029091.0,4538.2
Nallagandla,2165.1,3,4,1.0,2,3,17,15661943.0,7233.8
Tellapur,2126.3,4,4,0.0,2,3,3,17129986.0,8056.1
Uppal,869.6,2,3,1.0,3,17,21,4512230.0,5189.1
Jubilee Hills,2207.6,4,4,2.0,15,0,6,30163510.0,13663.2
Manikonda,2380.5,4,4,3.0,25,8,11,13070117.0,5490.5
Financial District,2461.6,4,5,2.0,7,5,6,19334309.0,7854.5
Banjara Hills,950.4,2,2,1.0,2,13,18,15461199.0,16267.5
Shaikpet,581.8,1,2,0.0,5,3,7,3509619.0,6032.4
Begumpet,2014.2,4,4,2.0,7,12,14,16137067.0,8011.5
Tellapur,1310.3,2,3,1.0,3,16,16,9327420.0,7118.6
Manikonda,1176.6,3,4,0.0,1,13,21,8480128.0,7207.6
Banjara Hills,1373.8,2,3,1.0,5,13,23,18858281.0,13726.9
Ameerpet,1222.9,2,2,1.0,0,8,9,7399014.0,6050.5
Begumpet,2179.7,4,5,1.0,0,0,4,16720666.0,7670.9
LB Nagar,2297.2,4,4,1.0,10,9,21,9647748.0,4199.8
Ameerpet,2065.5,4,5,1.0,0,8,10,13996415.0,6776.4
Kompally,1654.8,4,5,1.0,15,6,12,8276120.0,5001.3
Kompally,1570.6,3,3,2.0,1,9,24,7322919.0,4662.6
Jubilee Hills,1442.9,3,3,2.0,3,0,19,19283876.0,13365.1
Hitech City,1209.7,2,3,1.0,7,5,16,10834390.0,8956.5
Manikonda,1278.7,3,3,1.0,7,3,8,7975691.0,6237.6
Nallagandla,1111.0,2,3,3.0,2,14,16,7742674.0,6969.2
Madhapur,1699.9,3,3,2.0,1,3,19,14980327.0,8812.5
Begumpet,2572.9,4,5,1.0,1,13,16,21224633.0,8249.4
Ameerpet,2090.7,4,5,1.0,2,13,15,13714842.0,6560.1
LB Nagar,1128.6,2,2,1.0,2,20,23,4954707.0,4390.2
Begumpet,1317.0,2,2,2.0,20,0,18,8687259.0,6596.4
Kompally,1623.5,3,3,1.0,2,1,5,7619173.0,4693.0
Tellapur,1761.2,3,3,1.0,1,11,16,12787065.0,7260.3
Tellapur,2000.0,3,4,3.0,0,12,12,14137701.0,7068.8
Tellapur,2894.2,5,5,1.0,10,15,24,17100498.0,5908.6
Bowenpally,2141.4,4,4,0.0,1,5,11,12071149.0,5637.0
Madhapur,2332.7,4,4,1.0,0,12,22,18461784.0,7914.4
Begumpet,1186.1,2,3,1.0,3,4,20,8173746.0,6891.2
Financial District,1112.5,2,2,0.0,1,12,14,9580644.0,8611.8
Gachibowli,2183.6,4,4,1.0,5,14,17,20367881.0,9327.5
Banjara Hills,1043.6,2,2,0.0,2,6,8,15687375.0,15032.3
Uppal,1608.4,3,4,2.0,1,9,10,7575463.0,4710.1
Madhapur,1529.4,3,4,2.0,7,7,22,12035171.0,7869.1
Manikonda,2260.7,4,4,1.0,7,1,13,14364274.0,6353.9
LB Nagar,746.9,1,1,2.0,20,16,18,2874382.0,3848.4
Hitech City,3605.1,5,6,1.0,1,6,18,35879594.0,9952.5
LB Nagar,1146.5,2,3,2.0,15,5,24,4627518.0,4036.2
Shaikpet,695.8,1,1,2.0,7,2,7,4424322.0,6358.5
Financial District,636.2,1,1,1.0,7,2,4,5869137.0,9225.8
Manikonda,1555.4,3,3,1.0,10,13,14,8803857.0,5660.0
Tellapur,1856.9,4,4,1.0,1,13,24,12451318.0,6705.5
Nallagandla,1052.6,2,2,1.0,5,14,17,6868572.0,6525.3
Kompally,1621.4,3,3,1.0,7,15,22,7346462.0,4531.0
Hitech City,1129.4,2,2,1.0,10,9,17,9178470.0,8126.5
Nallagandla,1608.7,3,3,1.0,2,1,4,10871231.0,6757.7
Tellapur,2983.8,5,5,2.0,3,7,14,19616689.0,6574.4
Ameerpet,926.0,2,3,0.0,2,9,9,5305548.0,5729.4
Tellapur,1374.0,3,3,1.0,20,10,14,8414629.0,6124.1
LB Nagar,1203.6,2,2,2.0,5,4,19,4887645.0,4061.0
Nizampet,946.5,2,3,1.0,15,6,9,4197616.0,4434.7
Hitech City,2610.7,4,4,2.0,1,4,7,24303268.0,9309.2
Gachibowli,1438.6,2,2,1.0,3,3,14,12608534.0,8764.4
Ameerpet,1900.3,3,3,1.0,5,12,13,13037410.0,6860.7
Miyapur,999.8,2,2,0.0,25,3,16,5320797.0,5322.0
Hitech City,1483.3,3,4,2.0,1,0,2,12554178.0,8463.9
Kompally,2033.6,4,4,2.0,5,1,6,10514897.0,5170.7
Nallagandla,1748.9,3,4,2.0,3,1,3,12256825.0,7008.3
Begumpet,1374.6,3,4,1.0,3,0,15,10519597.0,7652.7
Nizampet,1219.3,2,2,1.0,10,5,7,6201057.0,5085.6
Tellapur,2653.7,4,5,1.0,10,1,8,14767593.0,5565.0
Kondapur,1955.4,3,3,1.0,0,4,4,16895313.0,8640.4
Begumpet,1113.4,2,2,1.0,5,12,12,7767534.0,6976.1
Kondapur,959.0,2,3,1.0,1,7,15,7226559.0,7535.5
Ameerpet,3288.3,5,5,1.0,2,18,20,23417175.0,7121.4
Nallagandla,2155.6,4,4,2.0,3,5,13,13662300.0,6337.9
Shaikpet,2355.7,4,4,1.0,0,1,3,16990049.0,7212.2
Banjara Hills,1529.2,3,3,1.0,20,3,14,19886071.0,13004.0
Banjara Hills,2636.2,4,4,2.0,0,11,20,42112158.0,15974.7
Nizampet,1108.6,2,2,1.0,0,1,7,6380715.0,5755.7
Ameerpet,631.5,1,2,1.0,5,13,20,4161666.0,6590.1
Financial District,1196.4,2,3,2.0,0,3,6,11294359.0,9440.5
Nizampet,1631.7,3,3,2.0,2,10,13,8901503.0,5455.3
Kondapur,2909.9,5,6,1.0,7,18,24,19964100.0,6860.8
Kukatpally,1853.9,3,3,3.0,3,14,21,13230651.0,7136.5
Kompally,1044.1,2,2,3.0,1,10,12,6080321.0,5823.3
Madhapur,1257.4,2,3,1.0,3,2,12,10313842.0,8202.8
Hitech City,1172.7,2,2,1.0,20,0,20,8670427.0,7393.7
Begumpet,1880.8,4,4,2.0,2,17,20,15527237.0,8255.7
Miyapur,1555.4,3,3,0.0,0,0,10,8735623.0,5616.3
Manikonda,2022.5,4,4,1.0,0,11,17,15285230.0,7557.6
Begumpet,1097.2,2,3,2.0,5,9,17,8507807.0,7754.0
Kukatpally,1676.4,3,3,1.0,5,3,3,11152123.0,6652.5
Banjara Hills,1433.0,2,3,1.0,15,12,18,18811601.0,13127.1
Ameerpet,1635.8,3,3,1.0,0,6,12,10958258.0,6699.0
Bowenpally,1540.0,2,2,0.0,10,13,22,8355081.0,5425.2
Kondapur,629.8,1,2,1.0,3,13,14,4623280.0,7340.7
Nallagandla,2828.6,4,4,1.0,2,15,19,18995572.0,6715.5
Begumpet,1619.1,3,3,3.0,5,2,3,13121814.0,8104.6
Madhapur,1993.3,4,5,0.0,15,10,12,13548811.0,6797.0
Madhapur,1679.2,3,3,3.0,10,13,17,12913093.0,7689.9
Begumpet,2248.3,4,4,1.0,10,17,19,16326651.0,7261.8
Bowenpally,1513.5,3,4,3.0,25,13,17,6617025.0,4371.9
Kompally,973.4,2,3,2.0,10,5,14,4383525.0,4503.3
Hitech City,996.9,2,3,2.0,5,0,14,8793874.0,8820.9
Kondapur,1310.4,2,2,0.0,2,5,20,10017561.0,7644.8
Jubilee Hills,1334.8,2,3,3.0,1,9,25,20671399.0,15486.5
Madhapur,2170.7,4,5,1.0,5,9,19,64861194.627654135,8292.6
Financial District,2691.7,4,5,2.0,25,7,11,19078440.0,7088.0
Shaikpet,1032.6,2,3,0.0,10,9,18,6471180.0,6266.9
Miyapur,1956.4,4,4,2.0,25,2,3,9157457.0,4680.9
Gachibowli,647.7,1,2,1.0,3,15,22,5944128.0,9177.6
Kukatpally,1740.0,3,3,1.0,15,3,23,9231882.0,5305.6
Manikonda,1367.9,2,3,1.0,0,3,3,7916252.0,5787.1
Kompally,1159.9,2,2,2.0,3,15,24,6619308.0,5706.6
Uppal,1143.6,2,2,2.0,15,4,9,4724085.0,4130.8
Ameerpet,1699.2,3,3,1.0,15,2,2,9589995.0,5644.0
Banjara Hills,1318.9,3,3,1.0,15,7,24,15834508.0,12005.8
Nizampet,1628.6,3,3,1.0,7,12,12,8596237.0,5278.4
LB Nagar,1909.3,3,4,1.0,5,7,24,7547248.0,3952.8
Gachibowli,1621.3,3,3,0.0,3,15,18,12975345.0,8002.9
Hitech City,1808.9,3,3,3.0,1,12,13,19843391.0,10970.1
Shaikpet,1661.5,3,3,2.0,0,1,9,12839588.0,7727.7
Uppal,1388.4,3,3,1.0,5,3,7,6241135.0,4495.2
Bowenpally,1630.7,3,3,0.0,2,9,19,9049044.0,5549.1
Madhapur,1194.9,2,2,2.0,0,0,7,10925075.0,9143.2
Kondapur,2610.7,4,4,2.0,10,2,6,15899658.0,6090.2
Banjara Hills,1057.6,2,3,0.0,3,3,8,13838773.0,13084.9
Bowenpally,2157.6,4,4,2.0,0,2,10,11761137.0,5451.0
Nallagandla,1391.5,3,3,3.0,0,0,13,8882555.0,6383.5
Manikonda,2646.0,5,5,2.0,15,2,10,14973458.0,5658.8
Manikonda,1604.1,3,4,1.0,2,2,3,9906052.0,6175.5
Kondapur,600.5,1,1,0.0,5,14,20,4216344.0,7020.8
Hitech City,634.5,1,1,1.0,2,2,23,5708485.0,8997.1
Shaikpet,1936.0,3,3,3.0,15,9,16,11212218.0,5791.5
Jubilee Hills,1505.9,3,3,1.0,20,1,3,18226587.0,12103.3
Madhapur,987.0,2,2,1.0,7,2,18,7466198.0,7564.6
Jubilee Hills,1487.7,3,3,1.0,3,4,10,21336862.0,14342.2
Kompally,1724.7,3,3,1.0,2,5,14,8161518.0,4732.2
LB Nagar,1888.6,3,3,1.0,5,5,8,8552827.0,4528.7
Gachibowli,2062.1,3,3,2.0,1,19,20,18319105.0,8883.7
Kondapur,1856.8,3,3,1.0,1,2,3,12883070.0,6938.2
Shaikpet,1963.3,4,4,1.0,3,2,2,12337328.0,6284.1
Uppal,1123.4,2,3,1.0,0,0,2,4696472.0,4180.6
Bowenpally,1217.3,2,3,2.0,15,12,15,6797316.0,5584.0
Ameerpet,2178.9,4,5,0.0,2,10,11,13414812.0,6156.6
Uppal,1200.0,2,2,1.0,2,12,20,6042356.0,5035.2
Manikonda,559.1,1,2,1.0,7,6,9,3699913.0,6617.7
Bowenpally,1375.7,2,2,1.0,2,1,3,7125341.0,5179.4
Nizampet,1094.4,2,3,1.0,3,5,19,5825296.0,5322.8
Gachibowli,2099.3,3,4,1.0,1,7,10,18385522.0,8758.1
Uppal,1972.7,4,5,2.0,15,1,20,7965862.0,4038.0
Manikonda,1856.8,3,3,2.0,15,2,3,11313506.0,6093.0
Jubilee Hills,1133.1,2,2,2.0,0,5,24,17299706.0,15267.0
Uppal,3020.8,5,5,2.0,0,19,24,14288229.0,4729.9
Hitech City,1102.2,2,2,1.0,3,3,8,10411765.0,9446.0
Nizampet,1423.8,4,5,0.0,7,5,5,7034812.0,4941.0
Jubilee Hills,1408.3,3,4,2.0,10,11,15,23971367.0,17021.8
Shaikpet,1593.5,3,3,0.0,1,12,12,12336805.0,7741.8
Bowenpally,1270.5,2,2,2.0,7,5,23,6661851.0,5243.4
Nallagandla,1435.1,3,4,1.0,1,5,9,8598249.0,5991.5
Nizampet,1586.3,3,3,1.0,7,8,8,8326946.0,5249.2
Miyapur,1141.0,2,3,2.0,20,5,21,6014798.0,5271.7
Manikonda,1131.9,2,3,1.0,15,10,17,6185367.0,5464.8
Kondapur,626.2,1,1,1.0,1,0,8,4737111.0,7564.4
Jubilee Hills,2274.8,3,4,1.0,2,18,21,36242174.0,15932.1
Kondapur,1532.9,3,4,0.0,15,8,8,11156425.0,7278.1
Miyapur,1983.1,4,4,1.0,5,0,4,10288984.0,5188.4
Shaikpet,1734.4,3,3,1.0,5,7,14,11186421.0,6449.8
Kukatpally,1061.0,2,2,1.0,7,6,9,5788219.0,5455.4
Kukatpally,1681.2,3,3,1.0,10,1,22,9656862.0,5744.0
Hitech City,2174.0,4,4,1.0,7,6,13,20477893.0,9419.6
Jubilee Hills,1161.9,2,3,1.0,3,15,15,18499654.0,15922.5
LB Nagar,3434.8,5,6,1.0,10,4,5,14804451.0,4310.1
Hitech City,1788.0,3,3,0.0,10,4,4,15474442.0,8654.6
Shaikpet,1275.1,2,2,1.0,25,3,4,7347300.0,5762.0
Gachibowli,1678.3,3,4,2.0,15,10,12,15251506.0,9087.7
LB Nagar,1756.9,3,3,1.0,3,8,17,7128402.0,4057.4
Kondapur,1939.0,4,4,0.0,15,6,8,13503681.0,6964.1
LB Nagar,1806.4,3,3,2.0,0,0,13,8028097.0,4444.3
Jubilee Hills,1932.9,4,4,1.0,1,8,8,29060143.0,15034.3
LB Nagar,1516.7,3,3,0.0,15,9,20,5858615.0,3862.7
Kondapur,3965.6,5,5,1.0,10,5,20,27904029.0,7036.6
Miyapur,857.1,2,2,1.0,7,1,10,4484278.0,5231.9
Kukatpally,2040.0,3,3,1.0,3,5,11,11815377.0,5792.0
Gachibowli,3108.0,5,5,1.0,1,11,16,27264007.0,8772.3
LB Nagar,1195.1,2,3,3.0,10,1,8,4806759.0,4022.0
Ameerpet,1233.5,2,2,1.0,15,1,4,6804965.0,5516.8
Madhapur,1551.2,3,4,1.0,3,16,22,13492538.0,8698.1
Banjara Hills,1168.0,2,3,2.0,7,4,15,15924650.0,13634.1
Tellapur,977.7,2,2,1.0,2,3,20,6379793.0,6525.4
Ameerpet,1493.7,3,3,0.0,2,7,22,10211313.0,6836.5
Jubilee Hills,2463.2,4,5,3.0,10,1,10,34221813.0,13893.2
LB Nagar,1147.3,2,2,3.0,3,21,23,4828106.0,4208.4
Gachibowli,1073.1,2,2,1.0,5,10,23,7677006.0,7154.1
Kukatpally,1428.5,3,4,2.0,7,1,2,8306978.0,5815.3
Nallagandla,1096.4,2,2,1.0,1,5,17,7724152.0,7045.1
Banjara Hills,1486.9,2,2,2.0,2,1,2,21998104.0,14794.7
Nizampet,1658.6,3,3,1.0,1,24,25,9556137.0,5761.5
Manikonda,1319.6,3,3,1.0,7,7,10,8447231.0,6401.5
Madhapur,1209.6,2,3,1.0,3,0,9,10131299.0,8376.0
Nizampet,1081.2,2,2,1.0,25,0,5,4477842.0,4141.7
Uppal,3334.7,5,5,2.0,25,6,11,11669456.0,3499.4
Kukatpally,1580.0,3,3,2.0,15,5,17,8614666.0,5452.3
Kondapur,1867.7,3,4,2.0,5,14,14,13885113.0,7434.4
Miyapur,626.3,1,1,2.0,1,1,20,3690064.0,5892.0
Jubilee Hills,547.1,1,1,2.0,5,21,22,8925161.0,16312.1
Miyapur,1063.0,2,3,1.0,5,2,3,5121399.0,4817.7
Ameerpet,2305.2,4,4,1.0,3,6,6,14426779.0,6258.3
Nallagandla,1117.8,2,3,2.0,7,7,13,8348038.0,7468.5
Miyapur,2123.2,4,4,1.0,5,1,2,12247132.0,5768.3
Uppal,1297.6,2,2,2.0,1,12,17,6217068.0,4791.3
Begumpet,1846.8,3,3,0.0,7,9,25,13120844.0,7104.8
Kompally,2233.0,4,5,2.0,20,2,15,9762871.0,4372.0
Kondapur,2433.4,4,4,1.0,1,15,15,20255565.0,8323.9
Tellapur,3209.3,5,5,2.0,5,16,21,22110873.0,6889.7
Kukatpally,1132.6,2,2,,2,3,3,6495508.0,5735.2
Kompally,1560.3,3,4,1.0,3,4,6,8519129.0,5459.9
LB Nagar,1802.2,3,4,3.0,1,1,10,8134292.0,4513.6
Kondapur,1165.2,2,2,1.0,3,4,10,9136676.0,7841.5
Manikonda,1127.0,2,2,1.0,1,7,9,6557324.0,5818.3
Uppal,1299.6,2,2,1.0,1,4,17,5961319.0,4587.1
Nizampet,1792.3,3,3,1.0,25,1,14,7659640.0,4273.7
Kompally,1243.1,2,2,2.0,25,2,3,5142017.0,4136.3
Bowenpally,1361.7,3,4,,5,4,12,8275364.0,6077.1
Nallagandla,1352.3,2,2,2.0,2,6,8,9590010.0,7091.7
Gachibowli,2328.0,4,4,2.0,7,13,17,19061314.0,8187.9
Kukatpally,1749.7,3,3,1.0,3,3,20,9422857.0,5385.5
Miyapur,1049.1,2,2,1.0,7,8,25,5035577.0,4799.9
Gachibowli,2840.6,4,4,1.0,7,9,12,23215443.0,8172.7
Financial District,990.6,2,2,1.0,5,0,3,8736303.0,8818.9
Nizampet,1211.8,2,2,2.0,7,8,22,5773635.0,4764.5
Tellapur,1652.5,3,4,1.0,15,4,4,10944347.0,6622.9
Ameerpet,1015.3,2,3,2.0,2,22,24,6536639.0,6438.0
Tellapur,1553.3,3,4,1.0,15,9,21,9557472.0,6153.0
Miyapur,611.0,1,1,1.0,3,6,16,3530649.0,5778.6
Miyapur,2364.7,4,4,0.0,10,15,20,12971455.0,5485.5
Miyapur,1438.2,3,3,0.0,1,1,9,7722456.0,5369.4
Banjara Hills,1547.2,3,3,1.0,5,1,8,21116640.0,13648.6
Banjara Hills,2515.5,4,4,1.0,7,14,23,32117901.0,12767.9
Gachibowli,684.6,1,1,1.0,2,10,17,5364208.0,7835.3
Kompally,1179.2,2,3,2.0,7,3,17,6094096.0,5168.2
Uppal,1231.5,2,3,1.0,7,3,8,5492567.0,4460.2
Hitech City,2559.3,4,5,2.0,15,13,13,19655318.0,7679.9
Shaikpet,1738.9,3,3,1.0,10,2,24,11512260.0,6620.3
Gachibowli,1555.1,3,4,2.0,10,1,3,13233373.0,8509.5
Nizampet,2031.6,4,4,1.0,5,3,12,10365023.0,5101.8
Jubilee Hills,2157.6,4,5,1.0,5,3,4,28795819.0,13346.0
Kukatpally,1159.7,2,2,0.0,10,3,3,6404517.0,5522.6
Nizampet,1134.7,2,3,1.0,2,0,23,6406396.0,5645.7
Gachibowli,1621.2,3,3,2.0,15,0,18,12422116.0,7662.3
Nallagandla,1425.4,3,4,1.0,5,2,2,8825239.0,6191.3
Manikonda,1197.9,3,4,3.0,0,1,5,7721813.0,6446.0
Kondapur,2247.5,4,4,2.0,25,10,24,13548781.0,6028.5
Financial District,1337.3,2,2,1.0,3,10,21,13748817.0,10280.7
Madhapur,2281.2,4,5,1.0,10,2,12,17874833.0,7835.8
Kondapur,1105.7,2,2,0.0,2,12,19,8106830.0,7332.2
Jubilee Hills,1584.4,3,4,1.0,0,17,25,24649814.0,15558.2
Ameerpet,1175.5,2,3,1.0,20,3,19,6880071.0,5852.7
Ameerpet,1440.7,2,3,1.0,0,14,22,8584491.0,5958.5
Miyapur,1513.4,3,3,1.0,15,4,4,7407271.0,4894.3
Banjara Hills,1513.5,2,2,0.0,5,13,13,19828412.0,13100.8
Banjara Hills,1220.3,2,3,0.0,5,9,14,18381548.0,15062.7
Madhapur,875.0,2,2,1.0,20,6,8,5772813.0,6597.8
Jubilee Hills,1098.1,2,2,1.0,2,1,12,16274746.0,14820.5
Banjara Hills,1183.1,2,2,0.0,0,5,6,15945490.0,13477.5
Nallagandla,2856.9,4,4,1.0,2,12,23,19186250.0,6715.7
Tellapur,1490.3,3,3,2.0,3,17,20,10432978.0,7000.6
Madhapur,1149.5,2,3,2.0,20,15,17,8738084.0,7601.8
Gachibowli,1753.3,3,3,0.0,7,1,8,13462259.0,7678.3
Kondapur,1278.7,3,4,2.0,15,12,25,9058888.0,7084.6
Hitech City,1640.4,3,3,1.0,7,20,24,14588166.0,8893.3
Uppal,1307.7,2,2,1.0,5,9,25,5904411.0,4515.1
Hitech City,1210.0,2,2,3.0,5,11,13,12320863.0,10182.6
LB Nagar,1292.1,2,3,1.0,7,19,22,5468548.0,4232.4
Uppal,3731.7,5,6,2.0,3,3,6,16562372.0,4438.3
Ameerpet,1911.0,4,5,1.0,20,8,16,10737279.0,5618.8
Financial District,1449.8,2,3,3.0,2,5,15,14575656.0,10053.5
Kukatpally,927.8,2,3,1.0,5,3,19,6020377.0,6488.6
Nallagandla,3162.4,5,5,2.0,7,24,24,22386620.0,7079.1
Nallagandla,987.6,2,3,2.0,2,4,5,7317610.0,7409.6
LB Nagar,960.8,2,3,1.0,2,0,2,4632982.0,4821.9
Nallagandla,867.9,2,2,1.0,2,2,2,5887148.0,6783.2
Begumpet,1458.1,3,4,0.0,3,8,12,10414783.0,7142.6
Kondapur,1405.0,3,4,3.0,0,0,7,10256739.0,7300.2
Miyapur,2931.7,5,6,1.0,7,1,3,15583772.0,5315.6
Nallagandla,632.3,1,1,2.0,3,3,24,3658677.0,5786.1
Manikonda,1579.0,3,3,1.0,7,1,2,10128857.0,6414.6
Madhapur,1729.7,3,4,1.0,1,9,24,13869343.0,8018.5
Kompally,2052.4,3,3,3.0,15,1,18,9298804.0,4530.6
Begumpet,1741.8,3,4,1.0,0,1,2,12297702.0,7060.3
Uppal,1559.7,3,4,1.0,0,8,17,7658497.0,4910.3
Kukatpally,2448.1,4,4,1.0,7,7,18,15224028.0,6218.7
Manikonda,1459.8,3,3,2.0,5,2,24,8508943.0,5829.0
Jubilee Hills,1766.9,3,3,1.0,15,5,12,25323131.0,14332.0
Kondapur,1160.6,2,2,1.0,3,3,16,8008183.0,6899.9
Madhapur,1378.3,3,4,1.0,7,11,21,10402044.0,7547.1
Banjara Hills,1180.9,2,3,1.0,0,6,7,16262148.0,13770.4
Nizampet,1513.3,3,4,0.0,7,3,15,7692359.0,5083.1
Kompally,1498.4,2,2,1.0,5,1,4,7489627.0,4998.5
LB Nagar,940.1,2,3,1.0,1,8,16,4348324.0,4625.2
Tellapur,690.1,1,1,2.0,3,24,24,5672979.0,8221.1
Begumpet,1634.3,3,4,2.0,10,9,22,12253917.0,7498.0
Madhapur,1383.6,3,4,1.0,3,8,14,11833534.0,8553.0
Miyapur,1750.6,3,4,2.0,10,7,10,8386176.0,4790.3
Shaikpet,1147.9,2,2,1.0,3,12,24,9203680.0,8017.6
Tellapur,1277.3,2,2,2.0,2,18,23,8249787.0,6459.0
Financial District,2560.3,4,5,1.0,5,5,10,24684624.0,9641.2
Begumpet,1479.6,3,3,1.0,5,10,19,11097908.0,7500.5
Nallagandla,2214.3,4,5,2.0,2,14,19,15543430.0,7019.5
Uppal,3115.8,5,5,1.0,1,6,6,15550691.0,4990.9
Madhapur,3585.3,5,5,1.0,7,0,2,26036645.0,7262.0
Nallagandla,1642.1,3,3,1.0,0,2,2,11886180.0,7238.3
Bowenpally,1884.1,4,5,1.0,2,9,15,10343549.0,5489.9
Hitech City,1111.6,2,3,1.0,7,0,25,9784881.0,8802.8
Miyapur,1869.9,3,4,3.0,3,1,6,11041820.0,5905.1
Nizampet,1022.0,2,2,1.0,0,2,3,5240050.0,5127.1
Kompally,1495.0,3,3,1.0,15,1,17,6852764.0,4583.9
Uppal,3697.3,5,5,1.0,10,8,14,16524760.0,4469.4
Kondapur,3555.2,5,5,3.0,25,2,13,23527817.0,6617.9
Gachibowli,1866.5,3,3,2.0,5,4,4,12947508.0,6937.0
Ameerpet,1281.1,2,3,1.0,3,4,23,8316105.0,6491.6
Uppal,1577.6,3,3,0.0,15,22,24,6557768.0,4156.9
Ameerpet,1574.2,3,3,1.0,7,2,7,8609988.0,5469.3
Miyapur,1091.5,2,2,0.0,25,12,13,5237124.0,4798.2
Jubilee Hills,1060.6,2,2,1.0,7,15,21,15012125.0,14154.1
Banjara Hills,1794.4,3,3,1.0,7,8,10,23964044.0,13354.9
Gachibowli,2507.0,4,5,1.0,15,10,20,17462489.0,6965.5
Madhapur,4104.0,5,5,1.0,7,0,7,30290498.0,7380.8
Bowenpally,1482.8,3,3,1.0,15,22,23,7313573.0,4932.4
Nallagandla,1561.6,3,4,1.0,20,0,25,8866897.0,5678.2
Madhapur,745.8,1,1,3.0,0,3,15,7464739.0,10008.7
Tellapur,569.8,1,2,2.0,7,13,20,4086176.0,7171.4
Kukatpally,789.2,1,1,1.0,10,1,3,4370503.0,5537.9
Tellapur,1486.2,2,2,0.0,10,0,3,8901126.0,5989.3
Kompally,1697.7,3,3,2.0,7,2,21,8651742.0,5096.1
Begumpet,750.2,1,1,1.0,20,3,4,4739746.0,6318.3
Hitech City,1716.6,3,3,2.0,7,21,21,16672190.0,9712.1
Madhapur,1336.2,2,2,1.0,3,0,16,12022929.0,8997.8
Nallagandla,1198.6,2,3,1.0,1,1,3,7085676.0,5911.8
Kondapur,1032.2,2,2,1.0,3,7,18,8568489.0,8301.5
Banjara Hills,1758.7,3,3,1.0,3,16,20,24614161.0,13995.4
Gachibowli,1878.6,3,3,2.0,0,11,24,17406121.0,9265.7
Miyapur,2220.0,4,4,0.0,7,3,5,11866327.0,5345.3
Bowenpally,1485.2,3,4,1.0,1,3,3,8672081.0,5838.9
Madhapur,2365.5,4,5,1.0,10,4,7,17937782.0,7583.1
Hitech City,1564.1,3,3,2.0,5,12,18,12621575.0,8069.5
Begumpet,2493.4,4,4,1.0,0,2,4,19144768.0,7678.3
Manikonda,1497.9,2,2,1.0,2,1,5,10161286.0,6783.7
Uppal,1214.2,2,2,1.0,10,3,18,5086345.0,4189.2
Madhapur,2966.2,5,5,2.0,15,11,15,23028811.0,7763.8
Miyapur,2300.9,4,4,1.0,10,12,18,11838259.0,5145.1
Banjara Hills,1253.8,2,2,,15,4,6,15700798.0,12522.7
Banjara Hills,1608.4,3,3,1.0,2,15,18,22762852.0,14152.7
Shaikpet,1084.1,2,2,1.0,2,4,7,7450810.0,6872.7
Kondapur,1353.7,2,2,1.0,3,14,14,11288782.0,8339.1
Gachibowli,1142.4,2,2,1.0,2,8,19,8653427.0,7574.9
LB Nagar,1854.4,3,4,1.0,1,17,23,8985123.0,4845.2
Madhapur,1116.4,2,2,1.0,20,7,23,7824513.0,7008.9
Banjara Hills,1071.1,2,2,1.0,3,6,13,17054275.0,15921.9
Jubilee Hills,1940.5,3,4,0.0,20,11,14,23603606.0,12163.4
Manikonda,2645.6,4,4,1.0,7,6,6,15581122.0,5889.5
Bowenpally,3367.0,5,5,1.0,7,15,15,19757721.0,5868.0
Financial District,753.1,1,2,1.0,7,2,2,6947447.0,9225.7
Gachibowli,1797.1,3,3,1.0,1,10,16,14947050.0,8317.3
Manikonda,1133.2,2,2,3.0,1,0,10,7111862.0,6275.9
Kompally,3195.6,5,6,1.0,3,1,4,16558413.0,5181.6
Shaikpet,1481.2,3,4,1.0,1,7,8,11011900.0,7434.3
Hitech City,1221.2,3,4,1.0,3,2,3,11674726.0,9560.0
Nallagandla,1746.5,3,3,1.0,7,3,12,10494757.0,6009.1
Hitech City,2972.9,5,6,0.0,10,9,22,27452722.0,9234.2
Shaikpet,579.6,1,1,1.0,0,2,3,3964728.0,6840.2
Banjara Hills,1219.3,2,3,2.0,15,5,25,14018822.0,11497.4
Kukatpally,2054.2,4,4,2.0,25,4,6,9924204.0,4831.2
Shaikpet,2432.1,4,4,1.0,7,9,12,16986630.0,6984.3
Uppal,1497.0,3,3,1.0,5,6,9,6347426.0,4240.0
Bowenpally,1039.0,2,3,2.0,10,3,20,5898484.0,5677.1
Manikonda,1124.6,2,2,1.0,15,5,18,6555771.0,5829.4
Financial District,1603.2,2,3,1.0,20,2,3,13834494.0,8629.3
Manikonda,1455.6,3,4,1.0,1,1,2,9098711.0,6251.0
Financial District,1653.6,3,4,1.0,1,8,10,15959830.0,9651.3
Kukatpally,2313.7,4,4,1.0,5,10,12,14608598.0,6314.0
Uppal,763.3,1,1,1.0,2,9,13,3485215.0,4565.8
Manikonda,1951.5,4,4,2.0,5,20,22,13179396.0,6753.4
Tellapur,2458.8,4,4,1.0,1,18,23,15573576.0,6333.7
LB Nagar,673.7,1,2,1.0,1,8,11,3124590.0,4637.6
Manikonda,2009.8,3,3,1.0,10,1,8,11898714.0,5920.5
Begumpet,974.2,2,3,1.0,2,8,15,7729605.0,7934.3
Nallagandla,3197.9,5,5,1.0,7,3,5,18588676.0,5812.7
Madhapur,3341.9,5,5,1.0,5,12,23,28140450.0,8420.5
Bowenpally,3131.6,5,6,2.0,25,0,5,12024139.0,3839.6
Madhapur,1212.0,2,2,3.0,3,2,6,11376325.0,9386.8
Manikonda,2348.3,4,5,3.0,3,16,16,15376962.0,6548.1
Uppal,1624.5,3,3,0.0,2,3,18,7081096.0,4358.9
Kondapur,1556.1,3,4,2.0,5,5,8,12528653.0,8051.2
Financial District,3874.7,5,5,1.0,10,12,20,37541240.0,9688.8
Madhapur,1659.4,3,4,1.0,7,11,16,12899568.0,7773.7
Financial District,1935.2,4,5,3.0,7,2,5,18124690.0,9365.9
Nallagandla,1229.9,2,3,1.0,20,1,5,7258941.0,5902.1
Jubilee Hills,2895.4,4,4,1.0,3,8,24,42530716.0,14689.1
Miyapur,2200.8,4,5,,10,2,8,11210613.0,5093.8
Bowenpally,1385.4,3,3,1.0,0,1,5,7889032.0,5694.4
Jubilee Hills,1323.9,2,2,2.0,7,1,10,17931675.0,13544.3
Jubilee Hills,2360.3,4,4,2.0,10,23,25,32161319.0,13625.7
Kukatpally,1813.9,3,3,1.0,3,19,21,12037850.0,6636.5
Manikonda,1168.7,2,2,3.0,5,13,13,7585141.0,6490.2
LB Nagar,1084.2,2,3,2.0,0,17,18,5026611.0,4636.4
Kompally,2559.2,4,4,1.0,0,7,21,12961892.0,5064.7
Uppal,1036.4,2,2,1.0,5,1,6,4493553.0,4335.8
Nizampet,1133.6,2,2,1.0,10,3,5,5202292.0,4589.1
Kukatpally,1485.3,3,4,1.0,3,23,23,8733543.0,5880.2
LB Nagar,1125.1,2,2,2.0,0,7,21,5376283.0,4778.6
Kukatpally,1688.6,4,4,1.0,1,12,16,11015815.0,6523.7
Shaikpet,1250.4,3,4,1.0,10,5,10,8890460.0,7110.2
Bowenpally,1315.3,2,2,2.0,15,11,14,6550010.0,4980.0
Nizampet,1325.6,2,3,2.0,3,6,21,7788123.0,5875.2
LB Nagar,1576.8,3,3,0.0,3,11,21,7206925.0,4570.5
Uppal,1118.5,2,2,2.0,0,0,11,5268208.0,4710.1
Banjara Hills,1530.0,3,3,2.0,5,13,13,21871811.0,14295.3
Kondapur,550.0,1,2,1.0,3,6,9,3942632.0,7167.8
Shaikpet,1086.2,2,2,1.0,3,1,7,7660892.0,7053.2
Miyapur,2278.4,4,4,1.0,25,2,5,9799888.0,4301.1
Miyapur,1176.0,2,3,1.0,5,11,11,6425356.0,5463.9
Financial District,1643.9,3,3,1.0,10,13,22,13694368.0,8330.2
Nizampet,2518.3,4,4,0.0,5,3,23,12988970.0,5157.8
Shaikpet,2087.2,3,3,1.0,2,1,2,13649997.0,6539.9
Nizampet,1223.8,2,2,1.0,7,5,13,6561353.0,5361.6
Kompally,949.7,2,2,1.0,7,6,13,5015056.0,5280.7
Kondapur,1344.3,3,3,1.0,2,9,21,8830332.0,6568.6
Gachibowli,1010.3,2,2,2.0,20,9,16,7714334.0,7635.6
Tellapur,1150.4,2,2,2.0,1,10,11,8346865.0,7255.4
Begumpet,2314.4,4,5,3.0,2,5,17,19494082.0,8422.8
Jubilee Hills,2171.7,4,5,2.0,15,10,15,30586002.0,14083.6
Ameerpet,2046.0,3,4,1.0,15,2,5,12048052.0,5888.5
Nallagandla,2706.6,4,5,3.0,7,2,17,19286076.0,7125.6
Hitech City,1113.0,2,2,1.0,2,1,4,9915908.0,8909.1
Bowenpally,1132.7,2,3,1.0,3,3,13,5405617.0,4772.4
Financial District,1446.5,3,3,0.0,20,12,22,11478577.0,7935.2
Uppal,1302.5,2,2,1.0,15,2,5,4612994.0,3541.6
Miyapur,1115.2,2,2,1.0,5,0,2,7011217.0,6286.9
Shaikpet,2418.6,4,5,1.0,5,11,18,17881814.0,7393.5
LB Nagar,1092.9,2,2,0.0,3,1,22,4324841.0,3957.1
Tellapur,1627.5,3,3,0.0,10,18,19,10771395.0,6618.6
Kompally,2113.9,3,3,2.0,5,10,13,11277516.0,5334.9
Bowenpally,1663.2,3,4,1.0,20,1,17,8256347.0,4964.1
Tellapur,1175.6,2,2,2.0,2,10,12,8883455.0,7556.6
LB Nagar,1937.4,3,3,,2,2,4,7600702.0,3923.1
Banjara Hills,2019.7,4,4,1.0,5,1,2,25580011.0,12665.4
Uppal,616.3,1,2,1.0,5,5,5,3195701.0,5185.3
Financial District,1833.3,4,4,2.0,15,1,5,15429598.0,8416.4
Gachibowli,2692.8,4,4,1.0,7,12,13,22965549.0,8528.6
Nizampet,2263.1,3,4,1.0,5,12,12,12537657.0,5540.0
Kukatpally,1065.6,2,2,2.0,5,6,14,6822660.0,6402.4
Tellapur,1156.3,2,2,0.0,20,4,15,7154074.0,6187.1
Bowenpally,1041.0,2,3,2.0,5,1,20,5853471.0,5623.0
Hitech City,1611.0,3,4,1.0,3,6,18,13871565.0,8610.5
Kukatpally,1255.8,2,2,1.0,15,3,13,6070657.0,4834.2
LB Nagar,580.3,1,1,1.0,2,17,24,2577813.0,4442.0
Nallagandla,1512.9,3,4,1.0,5,0,17,9769789.0,6457.5
Financial District,1690.8,3,4,2.0,3,8,10,15753165.0,9316.8
Bowenpally,1256.2,2,3,1.0,0,11,13,8630215.0,6870.0
Banjara Hills,1681.3,3,3,1.0,5,3,16,21957204.0,13059.7
Kukatpally,2117.3,4,4,2.0,0,2,3,13450417.0,6352.6
Miyapur,2248.7,4,4,2.0,1,0,9,12065696.0,5365.6
Bowenpally,2308.2,4,5,2.0,0,5,11,12885812.0,5582.6
Kondapur,1274.9,2,2,2.0,0,18,22,9744587.0,7643.3
Kondapur,1663.8,3,4,0.0,3,0,17,12780169.0,7681.1
Begumpet,2720.2,4,4,1.0,7,4,8,20146751.0,7406.4
Begumpet,1848.7,3,3,1.0,20,12,14,13530239.0,7319.0
Tellapur,1606.7,3,4,0.0,15,3,13,8669834.0,5396.0
Kukatpally,672.1,1,1,1.0,10,22,24,4087375.0,6081.6
Banjara Hills,1799.9,3,3,1.0,0,1,4,25337191.0,14077.2
Financial District,1125.9,2,2,1.0,15,6,6,8720131.0,7745.1
Hitech City,1767.0,3,4,1.0,25,14,24,14767741.0,8357.4
Kondapur,2356.8,4,4,2.0,5,5,7,18917426.0,8026.9
Gachibowli,1803.0,3,4,2.0,7,21,25,16757818.0,9294.3
Miyapur,1281.1,3,4,2.0,20,6,10,6053346.0,4725.1
Kompally,1306.6,2,2,3.0,15,4,15,6363901.0,4870.6
Shaikpet,1230.5,2,3,0.0,5,6,19,8196245.0,6660.9
Bowenpally,1203.0,2,3,2.0,1,10,24,5714363.0,4750.0
Shaikpet,1665.6,3,3,2.0,2,8,12,11924112.0,7158.9
Kompally,2048.3,4,4,3.0,2,3,5,10722620.0,5234.8
Hitech City,1317.7,2,2,1.0,1,3,19,12679619.0,9622.8
Gachibowli,1687.6,3,3,1.0,15,16,16,11645889.0,6901.1
Shaikpet,1774.7,3,4,1.0,1,3,16,12910437.0,7274.8
Uppal,1120.1,2,2,1.0,1,11,15,5166274.0,4612.4
Nallagandla,2016.4,3,3,3.0,5,11,25,11781491.0,5842.9
Bowenpally,1655.9,3,4,1.0,2,1,14,8609477.0,5199.4
LB Nagar,679.7,1,2,1.0,15,3,4,2704153.0,3978.3
Gachibowli,2882.5,4,4,2.0,5,5,5,23166867.0,8037.2
Bowenpally,1677.7,3,3,2.0,20,8,19,7768468.0,4630.6
Uppal,1202.8,2,2,0.0,10,2,4,5330828.0,4432.0
LB Nagar,1755.3,3,4,1.0,20,2,10,6823277.0,3887.1
LB Nagar,1082.6,2,2,1.0,10,3,7,4117166.0,3803.1
Jubilee Hills,1243.8,2,2,1.0,5,4,17,19016670.0,15288.7
Kondapur,1395.8,2,3,2.0,7,3,4,10260984.0,7351.2
Madhapur,2176.6,4,4,0.0,0,18,23,17689064.0,8126.9
LB Nagar,3699.5,5,5,2.0,7,13,16,16795292.0,4539.8
Kondapur,609.2,1,2,1.0,1,1,3,4434908.0,7279.5
Financial District,2157.4,4,4,0.0,1,12,14,18935217.0,8776.9
Banjara Hills,1298.9,2,3,3.0,7,21,21,18166467.0,13986.0
Begumpet,1090.7,2,3,0.0,1,20,25,7772978.0,7126.5
Bowenpally,989.0,2,2,1.0,5,0,3,4961247.0,5016.5
Shaikpet,1533.5,3,3,0.0,5,4,6,11307957.0,7374.2
Jubilee Hills,1751.9,3,3,1.0,0,2,20,27178443.0,15513.3
Shaikpet,1193.5,2,2,0.0,5,1,16,8491748.0,7114.9
Tellapur,3277.8,5,6,1.0,0,0,9,21124055.0,6444.5
Begumpet,1198.6,2,2,1.0,2,13,15,9050240.0,7550.6
Kondapur,1769.9,3,4,1.0,5,15,15,13786891.0,7789.8
Kondapur,1486.7,3,3,1.0,3,2,2,11075772.0,7450.1
Hitech City,1908.1,3,4,1.0,0,19,23,20117706.0,10543.2
Ameerpet,1664.9,3,3,1.0,3,6,16,11485732.0,6898.7
Nizampet,1569.8,3,3,,2,21,21,9781066.0,6230.9
Kompally,1802.1,3,3,1.0,10,17,19,41309941.128644824,4595.7
Ameerpet,921.8,2,2,2.0,1,17,18,6449901.0,6996.8
Nizampet,1741.3,3,3,1.0,5,5,8,8668288.0,4978.0
Miyapur,1949.8,3,3,1.0,1,2,23,9377390.0,4809.5
Manikonda,581.1,1,2,2.0,20,0,2,3211620.0,5527.0
Tellapur,959.1,2,2,2.0,1,5,7,6644983.0,6928.3
Gachibowli,1275.2,2,3,1.0,3,3,10,11673152.0,9153.7
Nallagandla,2093.8,3,3,1.0,3,0,4,13382355.0,6391.4
Nizampet,1021.8,2,3,1.0,5,0,22,5049697.0,4941.8
Manikonda,1025.4,2,2,2.0,1,13,15,7233342.0,7054.1
Shaikpet,2212.8,4,5,1.0,10,23,23,12892070.0,5826.2
Madhapur,1734.6,3,3,2.0,1,18,18,14768565.0,8514.3
Miyapur,1562.2,3,4,1.0,7,19,25,9526370.0,6098.1
Madhapur,1641.4,3,4,1.0,5,0,4,13624506.0,8300.6
Miyapur,1505.1,3,3,1.0,0,2,7,7671443.0,5097.0
Ameerpet,1467.0,3,3,2.0,10,6,15,9199240.0,6270.9
Madhapur,1202.1,2,3,1.0,0,11,12,10514098.0,8746.1
LB Nagar,2530.1,4,5,1.0,7,17,25,11605533.0,4586.9
Miyapur,1100.3,2,2,1.0,2,0,2,5939522.0,5397.9
LB Nagar,1591.8,3,3,3.0,3,13,15,7009928.0,4403.8
Manikonda,1230.4,2,2,1.0,7,4,12,6760246.0,5494.3
Madhapur,1107.6,2,3,1.0,1,1,4,8815008.0,7958.8
Kompally,1705.0,3,4,2.0,1,0,2,8131861.0,4769.3
Financial District,1331.4,2,2,1.0,0,6,9,12564959.0,9437.6
Hitech City,767.3,2,3,1.0,20,17,18,7194722.0,9376.1
Kompally,1364.2,2,2,1.0,0,1,3,7782541.0,5704.9
Ameerpet,1253.6,2,2,1.0,0,13,19,7466818.0,5956.1
Miyapur,1623.4,3,4,2.0,1,1,12,9022762.0,5557.9
Shaikpet,2032.0,4,5,1.0,3,6,9,14792787.0,7280.0
Begumpet,2259.0,4,4,2.0,5,12,12,18354933.0,8125.4
Madhapur,1644.2,3,4,1.0,3,5,19,15106135.0,9187.8
Banjara Hills,1620.0,3,3,1.0,7,19,20,23383077.0,14433.6
Bowenpally,1417.2,3,4,0.0,10,1,10,6917679.0,4881.2
Hitech City,2307.4,4,4,1.0,10,9,15,20318319.0,8805.6
Manikonda,1663.4,3,3,2.0,15,4,16,9791241.0,5886.2
Nizampet,2467.1,4,4,1.0,15,4,5,11334532.0,4594.3
Hitech City,1882.9,3,3,1.0,0,8,13,16231808.0,8620.7
Jubilee Hills,1355.5,3,3,1.0,10,9,14,16267107.0,12000.7
Bowenpally,1548.7,3,3,1.0,10,9,14,8161415.0,5269.8
Madhapur,2297.5,4,4,1.0,5,4,21,18936352.0,8242.3
Ameerpet,1017.3,3,4,1.0,3,1,13,6323883.0,6216.5
Manikonda,1539.1,3,3,1.0,1,1,3,10157331.0,6599.6
Miyapur,726.7,1,1,1.0,5,5,15,3704833.0,5098.5
Madhapur,1113.4,2,3,1.0,15,12,12,8910022.0,8002.6
LB Nagar,1918.0,3,4,2.0,3,2,22,8529682.0,4447.2
Banjara Hills,1661.5,3,4,2.0,1,14,19,21882092.0,13170.3
LB Nagar,3235.5,5,5,1.0,0,5,11,16452737.0,5085.0
LB Nagar,1555.6,3,3,1.0,1,6,7,7719003.0,4961.9
Tellapur,1398.5,2,2,1.0,25,2,16,8569605.0,6127.5
Kompally,1845.3,3,4,1.0,0,9,17,9254420.0,5015.2
Shaikpet,2352.7,4,4,1.0,5,11,14,16687952.0,7093.1
Jubilee Hills,1163.1,2,2,1.0,5,7,25,16524737.0,14207.2
Hitech City,2641.4,4,5,1.0,0,5,10,25319026.0,9585.3
Kondapur,1461.4,3,3,3.0,15,5,15,10511345.0,7192.9
Kondapur,1316.9,2,3,1.0,1,0,3,9026165.0,6854.3
Nizampet,2363.5,4,5,1.0,20,4,8,11679746.0,4941.8
Gachibowli,2062.0,4,5,2.0,15,1,4,15386106.0,7461.7
Gachibowli,1674.7,3,3,0.0,2,11,23,13620028.0,8132.7
Tellapur,2159.2,4,4,2.0,1,5,5,14372463.0,6656.3
Tellapur,2287.2,4,5,1.0,10,9,16,14713962.0,6433.0
Banjara Hills,951.3,2,3,1.0,2,13,13,14036636.0,14755.8
Bowenpally,703.9,1,1,1.0,7,0,5,3140968.0,4462.2
Nallagandla,2505.6,4,4,1.0,7,3,23,14497236.0,5786.0
Bowenpally,2678.0,5,6,1.0,0,15,15,13569221.0,5066.9
Kukatpally,1136.3,2,3,2.0,15,13,19,6211788.0,5466.9
Banjara Hills,3250.9,5,6,2.0,7,6,16,43970654.0,13525.9
Manikonda,2365.3,4,4,1.0,0,14,19,13833561.0,5848.6
Uppal,3417.9,5,6,1.0,7,4,11,14221665.0,4160.9
Miyapur,725.5,1,1,1.0,2,2,6,3727946.0,5138.5
Gachibowli,2503.2,4,5,1.0,1,7,7,22647520.0,9047.3
Kukatpally,2115.6,4,5,3.0,7,2,2,13738285.0,6493.8
Banjara Hills,2746.1,4,5,1.0,7,13,14,35713508.0,13005.2
Kukatpally,1006.8,2,3,3.0,1,4,6,5591782.0,5554.2
Kondapur,1280.4,2,2,1.0,20,23,25,7657732.0,5980.9
Begumpet,2835.5,4,4,2.0,1,14,24,23657939.0,8343.5
Jubilee Hills,2330.4,4,4,1.0,15,0,2,33635928.0,14433.7
Begumpet,1553.2,3,4,1.0,0,2,5,12186884.0,7846.4
Kondapur,1893.6,3,4,1.0,7,22,22,14375022.0,7591.3
LB Nagar,1760.4,4,4,2.0,15,9,22,6578058.0,3736.7
Uppal,1670.0,3,3,1.0,5,2,2,7226195.0,4327.2
Tellapur,1976.7,4,5,1.0,10,0,7,12564370.0,6356.3
Kukatpally,1121.9,2,2,1.0,7,3,3,6093925.0,5431.8
Gachibowli,1808.1,3,4,2.0,7,18,22,16855942.0,9322.3
Jubilee Hills,1226.0,2,2,1.0,7,13,15,17665807.0,14409.2
Financial District,1768.8,3,3,0.0,2,2,6,16176734.0,9145.6
Uppal,2377.1,4,5,1.0,7,8,9,11214312.0,4717.7
Banjara Hills,1407.5,2,3,2.0,5,2,13,19411967.0,13792.1
Gachibowli,2546.0,4,4,0.0,20,9,22,19203860.0,7542.6
Ameerpet,1725.2,3,4,1.0,3,4,11,10461321.0,6064.0
Kukatpally,1069.9,2,3,2.0,10,15,22,6110629.0,5711.3
Hitech City,1862.7,4,4,2.0,2,5,10,18685205.0,10031.1
LB Nagar,1115.6,2,3,1.0,10,15,22,4933668.0,4422.6
Miyapur,1382.7,2,2,3.0,2,10,10,9139827.0,6610.3
Tellapur,1942.1,3,3,1.0,3,1,18,11797183.0,6074.3
Uppal,2277.5,4,5,1.0,15,7,10,9800395.0,4303.1
Nallagandla,645.5,1,1,1.0,7,1,6,4103117.0,6356.1
Manikonda,1264.8,3,3,1.0,10,11,19,6794256.0,5371.6
Tellapur,1109.1,2,2,2.0,2,8,10,8040113.0,7249.3
Ameerpet,1270.8,2,2,,20,16,18,7131330.0,5611.7
Bowenpally,2116.9,4,5,2.0,0,1,15,12873816.0,6081.6
Hitech City,1658.5,3,3,1.0,7,14,18,15286140.0,9216.6
Hitech City,1285.5,3,4,2.0,10,0,7,12447687.0,9682.8
Shaikpet,2261.5,4,5,1.0,5,3,4,14686235.0,6493.9
Kondapur,977.9,2,3,3.0,5,12,24,7280127.0,7444.4
Uppal,1841.7,3,4,3.0,10,2,10,7976554.0,4331.0
Nallagandla,1079.2,2,2,1.0,7,7,19,6311511.0,5848.1
Nallagandla,1184.3,2,2,0.0,3,1,14,6962943.0,5879.2
Kondapur,984.7,2,3,3.0,0,2,2,7140998.0,7251.6
Hitech City,1088.7,2,2,1.0,0,1,23,9380420.0,8616.5
Jubilee Hills,2076.4,4,4,1.0,3,0,5,32334910.0,15572.7
Kukatpally,1562.8,3,4,1.0,3,0,2,8851196.0,5663.6
Gachibowli,1773.7,3,3,0.0,7,14,22,15950247.0,8992.6
Madhapur,1786.1,3,4,1.0,3,1,15,15792922.0,8842.0
Kondapur,3213.2,5,5,1.0,0,4,5,21623357.0,6729.5
Financial District,3135.4,5,6,1.0,3,4,9,30115822.0,9605.0
Manikonda,707.5,1,1,1.0,15,14,14,4539111.0,6416.1
Banjara Hills,1618.1,3,3,1.0,15,17,22,23786013.0,14699.8
Tellapur,1073.4,2,3,2.0,2,2,7,8202274.0,7641.1
Gachibowli,1059.1,2,3,2.0,2,3,3,8821752.0,8329.8
LB Nagar,1651.0,3,3,1.0,3,6,12,8018230.0,4856.6
Kondapur,1191.5,2,3,2.0,3,10,10,8425929.0,7071.6
Nallagandla,724.9,1,2,1.0,2,12,20,4702072.0,6486.7
Kondapur,2347.5,4,4,1.0,1,0,14,16317301.0,6951.0
Tellapur,1493.5,3,3,1.0,20,8,15,8759072.0,5865.0
Kondapur,1828.9,3,4,1.0,25,0,16,11855424.0,6482.1
Begumpet,1652.1,3,3,2.0,5,3,23,12087343.0,7316.5
Nizampet,877.0,2,3,1.0,7,15,17,4733980.0,5397.7
Jubilee Hills,1241.3,2,2,2.0,1,11,18,21462481.0,17290.1
Uppal,1384.5,3,3,0.0,15,3,3,5880534.0,4247.6
Hitech City,1782.1,3,4,1.0,15,2,13,13855847.0,7775.0
LB Nagar,1257.0,2,2,1.0,7,7,19,5611446.0,4464.3
Kondapur,1232.3,2,2,2.0,5,4,14,9079429.0,7367.8
Nizampet,656.1,1,2,2.0,0,2,4,3523771.0,5370.7
Kukatpally,1259.0,2,2,3.0,2,17,17,8478929.0,6734.7
Nallagandla,965.7,2,2,2.0,3,3,17,6082132.0,6298.2
Banjara Hills,1140.7,2,3,1.0,5,4,8,15975764.0,14005.6
Financial District,603.5,1,1,1.0,7,1,14,5874184.0,9733.7
Nizampet,1167.3,2,2,1.0,7,6,9,5332827.0,4568.5
Financial District,2470.8,4,4,1.0,25,12,15,20561589.0,8322.0
Nizampet,1346.9,2,2,2.0,3,5,11,7372558.0,5473.6
Nizampet,1053.4,2,2,1.0,5,0,21,4986203.0,4733.5
Miyapur,2116.4,4,4,2.0,0,0,23,11499813.0,5433.6
Begumpet,1163.4,2,2,2.0,2,1,15,10025514.0,8617.7
Jubilee Hills,1341.1,3,4,1.0,3,4,9,20947323.0,15619.3
Begumpet,1263.3,2,2,1.0,20,3,20,7632909.0,6042.2
Banjara Hills,3334.4,5,6,2.0,10,8,21,44992345.0,13493.4
Ameerpet,2528.5,4,5,1.0,1,11,15,17861927.0,7064.3
Nizampet,651.3,1,1,1.0,7,4,19,2926895.0,4493.9
Kukatpally,1512.8,3,4,2.0,10,4,17,9165372.0,6058.6
Financial District,1316.0,2,3,2.0,0,1,13,12563644.0,9546.5
Financial District,1092.2,2,2,2.0,3,4,17,9923413.0,9086.0
Bowenpally,764.2,1,1,2.0,7,1,6,3390384.0,4436.7
Ameerpet,1158.5,2,2,2.0,0,8,8,7856442.0,6781.3
Miyapur,1607.9,3,4,2.0,20,6,7,7572174.0,4709.4
Kompally,1300.4,2,3,1.0,7,9,9,5923473.0,4555.2
Nallagandla,759.2,1,2,0.0,3,6,19,4730539.0,6231.0
Jubilee Hills,2483.4,4,5,1.0,3,3,20,33998480.0,13690.2
Nizampet,1170.1,2,3,1.0,0,0,12,5824509.0,4978.0
Ameerpet,985.1,2,3,2.0,15,10,13,6051132.0,6142.6
Bowenpally,1713.8,3,3,2.0,10,1,2,8169683.0,4767.1
Uppal,1713.0,3,3,1.0,3,18,25,7656564.0,4469.6
Financial District,1069.7,3,3,2.0,2,0,3,11219359.0,10488.0
Jubilee Hills,1821.5,3,3,1.0,10,5,10,25421211.0,13956.3
Financial District,2383.0,4,4,1.0,20,7,9,21742010.0,9123.9
Kondapur,1887.1,3,3,1.0,10,3,8,12936987.0,6855.7
Shaikpet,1471.2,3,4,0.0,7,0,6,10507332.0,7141.9
Banjara Hills,1886.4,3,4,0.0,15,4,4,21410990.0,11350.4
Manikonda,902.6,2,2,2.0,1,14,19,6165936.0,6831.5
Uppal,2723.6,4,4,1.0,2,4,23,12873465.0,4726.7
Madhapur,1263.9,2,2,2.0,10,2,5,10152044.0,8032.4
Kompally,1124.3,2,3,0.0,15,18,22,5703581.0,5073.1
Nallagandla,638.3,1,2,2.0,2,3,3,3939303.0,6171.1
Hitech City,1794.6,3,4,,5,17,19,17752103.0,9892.2
Banjara Hills,1269.1,2,2,0.0,1,9,24,16344944.0,12878.8
Hitech City,3371.3,5,6,1.0,0,5,12,34495904.0,10232.2
Nallagandla,1081.4,2,3,1.0,25,2,2,5484810.0,5071.8
Hitech City,1946.7,3,4,2.0,7,3,5,18241790.0,9370.7
Kompally,1165.5,2,3,0.0,3,7,8,6158687.0,5284.1
Kukatpally,3263.8,5,6,2.0,10,12,13,21159663.0,6483.2
LB Nagar,1620.3,3,3,2.0,1,3,20,6622154.0,4087.0
Banjara Hills,2158.9,4,4,3.0,10,7,9,29143316.0,13499.0
Shaikpet,1096.2,2,2,2.0,0,4,5,7762534.0,7081.6
Begumpet,1369.6,2,3,1.0,5,13,24,11215358.0,8188.6
Shaikpet,1063.3,2,2,1.0,2,9,23,7777682.0,7314.4
Begumpet,3016.2,4,4,2.0,3,6,8,23382493.0,7752.2
Kompally,1263.7,2,2,0.0,3,3,16,6228445.0,4928.9
Begumpet,1604.8,3,3,3.0,7,2,6,10513061.0,6551.0
Uppal,1146.9,2,3,1.0,0,5,10,5797953.0,5055.1
Begumpet,1351.6,2,2,2.0,5,23,24,11002558.0,8140.2
Nizampet,1460.4,3,4,2.0,20,18,21,7465966.0,5112.2
Banjara Hills,2268.7,4,4,1.0,20,3,10,25181400.0,11099.4
Kondapur,1653.6,3,4,1.0,15,1,23,12802223.0,7742.2
LB Nagar,1061.3,2,3,1.0,15,4,9,4123997.0,3885.9
Tellapur,1083.5,2,2,2.0,3,2,2,6677763.0,6163.0
Tellapur,1307.8,2,2,2.0,7,19,20,9802635.0,7495.7
Madhapur,666.6,1,1,1.0,7,1,10,5325294.0,7989.2
Nizampet,1031.3,2,2,2.0,10,6,6,5164803.0,5007.9
Madhapur,1056.6,2,3,1.0,1,4,4,7924135.0,7499.8
Bowenpally,1994.7,4,4,2.0,1,9,18,9995177.0,5011.0
Hitech City,572.8,1,1,2.0,5,7,13,5184494.0,9051.4
Manikonda,3202.3,5,5,1.0,7,10,16,19255402.0,6013.0
Ameerpet,1959.0,4,4,2.0,5,0,13,11185242.0,5709.6
Manikonda,1721.5,3,4,3.0,25,5,6,9721839.0,5647.4
Gachibowli,665.1,1,2,0.0,1,5,13,5792469.0,8708.9
Begumpet,2130.6,4,4,0.0,1,3,7,15772742.0,7403.1
Financial District,1293.9,2,2,2.0,5,0,8,13138775.0,10154.2
Nizampet,1452.0,3,4,1.0,3,3,6,7949490.0,5474.9
Madhapur,2483.4,4,4,2.0,1,4,11,22414188.0,9025.5
Nizampet,1299.4,2,2,2.0,20,11,23,6822649.0,5250.7
Ameerpet,1698.3,4,5,1.0,2,3,8,10827610.0,6375.6
Kondapur,842.3,2,2,1.0,2,7,7,6367636.0,7559.7
Hitech City,1246.5,2,2,3.0,2,2,9,11661428.0,9355.6
Tellapur,947.2,2,3,1.0,0,5,14,7194273.0,7594.9
Ameerpet,3573.3,5,5,1.0,1,10,11,25830531.0,7228.8
Hitech City,2801.8,4,4,1.0,20,14,17,22865551.0,8160.9
Kukatpally,1079.3,2,2,1.0,2,2,9,6562349.0,6080.0
Hitech City,2429.6,4,4,2.0,7,5,8,21476705.0,8839.7
Ameerpet,1542.2,3,3,1.0,15,13,18,10228994.0,6632.9
Banjara Hills,1814.0,3,3,2.0,3,4,20,27451708.0,15133.3
Uppal,1740.8,3,3,1.0,1,13,14,8932621.0,5131.3
Banjara Hills,1358.1,2,3,3.0,3,5,16,19381983.0,14271.8
Tellapur,1659.6,3,3,2.0,3,8,17,10308476.0,6211.4
Shaikpet,1134.1,2,3,2.0,2,2,3,7791567.0,6870.2
Jubilee Hills,1759.0,3,3,1.0,2,4,7,24105702.0,13704.1
Kondapur,2602.9,4,5,2.0,2,25,25,19792679.0,7604.1
Kondapur,2338.4,4,4,2.0,2,8,14,18127333.0,7752.0
Kondapur,1209.4,2,2,2.0,2,0,2,8382589.0,6931.2
Financial District,1111.2,2,3,2.0,0,4,20,10912003.0,9820.1
Ameerpet,1233.8,2,2,1.0,3,15,18,7809205.0,6329.2
Banjara Hills,1214.1,2,2,1.0,7,11,16,16859133.0,13886.1
Begumpet,2117.7,4,5,1.0,1,4,8,16970629.0,8013.6
Nizampet,1296.6,3,4,2.0,10,1,8,6964604.0,5371.6
Kondapur,1860.2,3,4,3.0,1,4,9,13585362.0,7303.1
Kompally,1519.0,3,3,3.0,0,10,11,7701376.0,5070.1
Madhapur,3069.4,5,5,3.0,0,0,10,26163996.0,8524.1
Tellapur,1310.5,2,2,1.0,10,7,18,9034223.0,6893.8
Jubilee Hills,1878.1,3,4,1.0,1,1,25,24605097.0,13101.3
Manikonda,3133.0,5,6,2.0,10,4,13,17972569.0,5736.5
Banjara Hills,685.5,1,2,1.0,3,0,2,10068766.0,14688.9
Miyapur,1631.4,3,4,1.0,10,7,12,8734800.0,5354.2
Miyapur,1243.5,2,2,2.0,5,13,16,6705140.0,5392.3
Hitech City,1444.3,3,3,2.0,20,8,9,12168743.0,8425.1
Kondapur,1783.5,3,3,1.0,10,4,14,12808056.0,7181.5
Hitech City,1388.8,3,4,1.0,15,4,5,11207461.0,8069.7
Kompally,1764.6,3,3,1.0,20,20,21,6725378.0,3811.3
Bowenpally,2589.9,4,4,1.0,3,0,10,13442077.0,5190.2
Kondapur,1213.9,2,2,1.0,3,11,12,9249577.0,7619.4
Manikonda,1137.8,2,2,1.0,20,5,9,6056678.0,5323.3
Banjara Hills,1095.8,2,3,1.0,1,0,3,13961072.0,12740.5
Madhapur,1240.6,3,3,1.0,0,12,22,9802645.0,7901.7
Uppal,1309.1,2,3,1.0,15,0,2,5057251.0,3863.1
Nizampet,1317.8,2,3,1.0,0,4,10,6401037.0,4857.4
Gachibowli,2106.5,4,5,2.0,25,2,21,16019056.0,7604.6
Banjara Hills,1006.5,2,3,2.0,3,0,17,14560959.0,14467.4
Tellapur,1529.4,3,3,1.0,7,3,8,9175743.0,5999.4
Kukatpally,1383.0,3,3,0.0,10,6,25,8582939.0,6206.0
Manikonda,1314.1,3,4,1.0,7,3,17,8168358.0,6215.8
Bowenpally,1250.1,2,3,1.0,3,7,21,6775019.0,5419.7
Miyapur,1732.9,3,3,2.0,1,15,19,10053006.0,5801.3
Financial District,1019.4,2,2,1.0,0,7,12,10047566.0,9856.5
Nizampet,621.4,1,1,2.0,1,3,8,3247263.0,5225.5
Tellapur,2836.6,4,4,2.0,2,16,16,20657565.0,7282.6
Banjara Hills,2278.1,4,4,1.0,5,9,24,34620062.0,15197.2
Gachibowli,1015.5,2,3,2.0,2,1,11,9515619.0,9370.7
Nallagandla,1138.7,2,3,1.0,0,7,12,8850556.0,7772.8
Ameerpet,2724.9,4,5,1.0,1,8,25,18337075.0,6729.5
Nizampet,1980.1,4,4,1.0,10,12,13,10519950.0,5312.7
Tellapur,1600.8,3,4,1.0,0,1,22,11843320.0,7398.6
Madhapur,1051.3,2,3,1.0,10,3,10,8435997.0,8024.7
Tellapur,1523.9,3,3,1.0,3,3,6,10925009.0,7169.2
Ameerpet,1810.4,3,4,1.0,3,12,12,13251483.0,7319.7
Banjara Hills,1048.2,2,3,1.0,5,16,20,14302444.0,13644.3
Kukatpally,1191.2,2,2,1.0,5,1,4,7542738.0,6331.9
Kondapur,1382.3,3,3,2.0,3,11,17,9855332.0,7129.4
Gachibowli,1693.8,3,3,1.0,0,2,3,15578471.0,9197.5
Madhapur,1848.6,3,3,1.0,7,1,23,16280288.0,8807.0
Ameerpet,1218.5,2,2,2.0,0,2,4,8410277.0,6901.9
Hitech City,774.6,1,1,1.0,7,17,24,6639736.0,8571.7
Kompally,1861.7,3,3,1.0,1,13,17,8950966.0,4807.9
Gachibowli,1137.2,2,2,1.0,1,22,24,9517925.0,8369.8
Kondapur,2353.4,4,4,1.0,3,9,16,15603452.0,6630.1
Nallagandla,1119.0,2,3,2.0,1,5,10,6666738.0,5957.7
Nizampet,1086.2,2,2,1.0,1,14,14,4992111.0,4595.9
Tellapur,1061.3,2,2,1.0,5,11,21,7116234.0,6705.2
Financial District,893.5,2,3,1.0,3,21,24,8395562.0,9396.5
Banjara Hills,1174.8,2,2,1.0,2,2,11,18754839.0,15964.6
Bowenpally,1380.8,3,4,1.0,5,7,17,7408215.0,5365.0
Kondapur,1590.0,3,3,1.0,7,4,4,10743873.0,6757.2
Financial District,1539.2,3,3,2.0,5,4,10,13829352.0,8985.0
Hitech City,1164.3,2,2,3.0,0,12,19,12356444.0,10612.4
Gachibowli,1861.7,3,4,1.0,10,2,2,14180501.0,7617.1
Tellapur,1438.8,4,5,1.0,2,4,5,10557732.0,7337.8
Kondapur,2390.6,4,5,1.0,1,6,8,15401242.0,6442.3
Financial District,1355.0,2,2,1.0,5,13,18,12959744.0,9564.7
Kompally,581.8,1,1,0.0,5,16,20,2603619.0,4475.3
Nallagandla,727.0,1,2,1.0,25,9,20,4234193.0,5824.5
Tellapur,1431.9,2,3,2.0,0,5,17,10746815.0,7505.1
Kukatpally,1117.3,2,2,1.0,0,2,10,6702185.0,5998.5
Banjara Hills,1723.5,3,3,3.0,10,1,12,21404847.0,12419.7
Financial District,1030.7,2,3,2.0,2,0,23,10670136.0,10352.1
Financial District,1259.9,2,3,1.0,2,2,13,50782817.86778102,10096.3
Financial District,3108.8,5,5,1.0,0,4,5,29132680.0,9371.0
Kukatpally,1209.9,2,2,0.0,20,6,9,5620170.0,4645.2
LB Nagar,2633.8,4,5,1.0,15,1,4,9953030.0,3779.0
Kukatpally,2529.0,4,5,1.0,1,19,19,15244564.0,6027.8
Madhapur,3103.3,5,5,1.0,1,4,8,27895934.0,8989.2
Miyapur,1396.0,2,2,1.0,10,11,18,7159676.0,5128.8
Nizampet,1634.9,2,2,2.0,20,9,22,7862937.0,4809.5
Uppal,1524.4,3,4,1.0,2,4,4,6725852.0,4412.2
Bowenpally,2266.5,4,5,1.0,15,1,21,10020693.0,4421.3
Nallagandla,1629.7,3,3,2.0,10,18,18,11093951.0,6807.3
Jubilee Hills,2155.1,4,4,2.0,1,6,14,28583313.0,13262.9
Bowenpally,1911.6,3,3,2.0,3,4,4,10463667.0,5473.9
Nallagandla,2061.2,4,4,3.0,7,13,19,13174976.0,6391.8
Bowenpally,1191.3,3,3,0.0,1,6,9,6413371.0,5383.3
Madhapur,1515.3,3,4,1.0,2,13,23,12793762.0,8443.1
LB Nagar,1264.6,2,2,0.0,15,7,23,5213952.0,4122.8
Kondapur,2584.2,4,5,2.0,25,2,18,14140560.0,5472.0
Nallagandla,2949.2,5,6,0.0,2,13,19,20655408.0,7003.8
Ameerpet,999.1,2,2,1.0,1,18,23,7476923.0,7483.7
Gachibowli,1782.4,3,3,1.0,25,6,8,11345370.0,6365.1
Madhapur,948.4,2,2,1.0,5,3,5,7644290.0,8059.9
Manikonda,2348.6,4,4,1.0,1,0,20,13983918.0,5954.2
Nizampet,696.3,1,1,1.0,7,0,5,3841106.0,5516.4
Shaikpet,2937.3,5,6,3.0,1,14,21,21515161.0,7324.9
Financial District,1649.7,3,3,2.0,1,6,6,16750790.0,10153.8
Hitech City,1089.3,2,2,2.0,2,9,10,10075646.0,9249.4
Gachibowli,1050.6,2,3,1.0,10,0,18,8094769.0,7705.0
Shaikpet,1870.2,3,4,1.0,5,0,3,14185484.0,7585.1
Ameerpet,700.1,1,1,1.0,3,17,22,4159827.0,5941.9
Manikonda,2205.0,4,5,1.0,5,0,3,14026102.0,6361.1
Banjara Hills,1744.5,3,4,1.0,25,1,11,18315924.0,10499.1
Kukatpally,1016.4,2,3,2.0,20,1,14,5140108.0,5057.1
Financial District,1250.4,2,2,0.0,7,4,16,10611826.0,8486.8
Kondapur,2034.4,4,5,3.0,0,5,17,15822668.0,7777.7
Miyapur,1094.2,2,3,2.0,5,10,24,6457523.0,5901.4
LB Nagar,893.7,2,3,1.0,1,1,7,3475691.0,3889.1
LB Nagar,3410.8,5,6,2.0,7,7,13,14458113.0,4239.0
Miyapur,1090.6,2,2,1.0,15,2,11,5581375.0,5117.8
Kukatpally,2480.9,4,4,1.0,1,7,8,15187441.0,6121.7
Banjara Hills,1682.0,3,3,2.0,3,19,23,22035551.0,13100.7
Hitech City,1928.7,4,5,1.0,3,5,19,18537057.0,9611.2
Nallagandla,2547.5,4,4,1.0,5,5,6,16477424.0,6468.0
Hitech City,1454.9,3,3,1.0,15,2,12,12206999.0,8390.4
Financial District,671.4,1,2,1.0,1,4,10,6403464.0,9537.3
Kompally,2435.1,4,5,1.0,2,5,6,13064482.0,5365.1
Begumpet,2569.0,4,4,1.0,7,9,9,16780107.0,6531.8
Kondapur,2094.2,4,4,1.0,1,15,16,17332593.0,8276.6
Bowenpally,1653.5,3,3,2.0,2,10,14,10662834.0,6448.5
Hitech City,1981.4,3,3,2.0,10,10,14,19431185.0,9806.8
Banjara Hills,1215.5,2,3,1.0,3,7,24,17386910.0,14304.4
Shaikpet,901.7,2,2,1.0,7,5,9,6066177.0,6727.2
Manikonda,2366.8,4,4,1.0,3,1,6,13600890.0,5746.5
Nallagandla,3345.6,5,6,1.0,0,2,4,21461919.0,6415.0
Jubilee Hills,1454.0,2,3,0.0,5,1,7,18217698.0,12529.2
Miyapur,1020.1,2,3,,20,10,13,4563393.0,4473.3
Bowenpally,1372.1,2,2,0.0,2,14,17,7647765.0,5573.9
Miyapur,1138.6,2,3,1.0,20,7,9,5985535.0,5256.7
Manikonda,1590.9,3,4,1.0,7,12,15,9419562.0,5921.0
Hitech City,1404.0,3,4,3.0,15,17,22,12734267.0,9070.2
Miyapur,1708.2,3,3,1.0,15,11,19,9610056.0,5625.8
Gachibowli,1316.2,2,3,1.0,2,12,13,11819595.0,8979.8
Banjara Hills,1246.4,3,3,2.0,10,0,25,16609950.0,13326.2
Jubilee Hills,1154.1,2,3,2.0,25,1,16,12824167.0,11112.1
Uppal,1448.1,3,3,1.0,3,1,9,6615994.0,4568.6
Shaikpet,1102.8,2,3,1.0,1,1,2,7446051.0,6751.7
Madhapur,2465.7,4,5,1.0,15,7,8,17658995.0,7161.9
Gachibowli,2021.7,4,4,1.0,1,11,13,18017153.0,8911.9
Kompally,2731.7,4,5,1.0,0,5,10,14659646.0,5366.4
Miyapur,1611.3,3,4,2.0,2,0,6,8614307.0,5346.1
Nizampet,3638.8,5,5,1.0,20,10,20,18867591.0,5185.1
Uppal,1082.6,2,3,2.0,1,22,25,5425945.0,5011.9
Tellapur,1845.7,4,4,1.0,1,0,3,12614516.0,6834.5
Madhapur,1450.7,2,3,2.0,2,0,20,11579060.0,7981.6
Bowenpally,749.1,1,1,0.0,10,0,15,3663701.0,4891.0
Manikonda,1507.7,3,4,1.0,25,14,24,7611239.0,5048.3
LB Nagar,1759.2,3,3,1.0,5,3,21,7289057.0,4143.3
Jubilee Hills,702.0,1,1,2.0,0,1,3,12216540.0,17403.3
Nallagandla,1483.1,3,3,2.0,1,12,18,11418429.0,7698.8
Jubilee Hills,1496.0,3,4,1.0,10,4,17,21636424.0,14463.2
Begumpet,3226.2,5,6,1.0,7,5,17,23784073.0,7372.1
Kompally,2453.6,4,5,2.0,2,3,10,12397725.0,5052.9
Gachibowli,1315.2,2,2,1.0,1,12,14,12168899.0,9252.6
Bowenpally,2541.5,4,5,1.0,3,8,13,14160982.0,5572.0
Manikonda,1614.7,3,4,0.0,0,18,23,9954447.0,6164.8
Kompally,1396.2,3,3,2.0,10,12,15,7650657.0,5479.7
Begumpet,1602.4,3,3,1.0,5,6,8,11548021.0,7206.9
Jubilee Hills,1544.1,3,4,1.0,1,6,12,23808811.0,15419.6
Hitech City,596.1,1,1,1.0,5,3,10,4687393.0,7863.3
Miyapur,1685.9,3,3,1.0,15,3,5,7254942.0,4303.2
Tellapur,1808.4,3,3,1.0,20,0,4,10671160.0,5900.9
Kukatpally,1179.3,2,3,2.0,3,0,4,7353049.0,6235.2
Financial District,1566.8,3,3,0.0,10,2,8,12163257.0,7763.2
Kondapur,2636.6,4,4,3.0,1,3,4,19520088.0,7403.4
Banjara Hills,1755.3,3,3,1.0,20,19,23,21010868.0,11969.9
Ameerpet,1544.9,3,3,1.0,15,12,23,8931698.0,5781.2
Tellapur,2832.0,5,5,1.0,15,12,20,17102519.0,6039.1
Nallagandla,2162.2,4,4,1.0,0,0,5,13187007.0,6098.9
Nallagandla,1141.2,2,3,1.0,2,0,25,7029312.0,6159.5
Kukatpally,1384.6,3,3,1.0,25,7,22,7429260.0,5365.6
Bowenpally,1396.5,2,3,2.0,0,13,19,7649561.0,5477.5
Gachibowli,1651.2,3,4,1.0,15,6,6,11675228.0,7070.6
Hitech City,982.8,2,3,1.0,1,23,23,9757223.0,9927.6
Gachibowli,1711.9,3,3,2.0,7,0,17,12386491.0,7235.6
Madhapur,950.5,2,3,2.0,0,20,25,7974426.0,8389.7
Financial District,1154.8,2,3,1.0,25,8,22,9913328.0,8584.5
Uppal,1163.8,2,2,1.0,7,4,11,4973905.0,4273.8
Banjara Hills,1538.1,3,3,1.0,2,2,2,22454420.0,14598.4
Financial District,3121.7,5,5,1.0,15,11,19,28782674.0,9220.2
Shaikpet,1678.2,3,4,1.0,5,18,18,12450950.0,7419.4
Madhapur,1997.4,4,4,1.0,1,4,20,17501581.0,8762.3
Hitech City,1290.2,2,3,1.0,15,3,22,9476454.0,7345.0
Nallagandla,1975.7,4,4,0.0,1,0,8,12317093.0,6234.2
Jubilee Hills,1152.8,2,3,1.0,5,8,17,15100779.0,13099.2
Kompally,2069.5,4,4,2.0,25,12,24,9964165.0,4814.8
Manikonda,1955.7,3,4,1.0,2,3,7,13030314.0,6662.8
Kompally,1225.5,2,3,1.0,0,23,23,6551200.0,5345.6
Tellapur,2009.7,3,4,0.0,1,11,12,15600413.0,7762.7
Bowenpally,661.5,1,2,1.0,3,1,3,3446262.0,5209.8
Madhapur,3683.9,5,6,0.0,0,17,25,31675374.0,8598.3
Miyapur,1589.5,3,3,1.0,0,1,5,8218777.0,5170.5
Begumpet,1607.3,3,4,1.0,7,7,13,12517647.0,7787.8
Uppal,1719.7,3,3,1.0,1,9,20,7882572.0,4583.7
Gachibowli,1123.8,2,2,0.0,0,19,23,9713240.0,8643.3
Tellapur,1760.3,3,4,1.0,5,4,14,10795497.0,6132.7
Manikonda,2170.8,4,4,2.0,5,3,5,11537885.0,5315.1
Gachibowli,1239.0,2,2,0.0,1,8,19,10766476.0,8690.0
Banjara Hills,1635.2,3,3,1.0,10,3,7,19528966.0,11942.6
Ameerpet,730.7,1,1,1.0,7,4,5,4275197.0,5850.5
Kondapur,586.5,1,1,1.0,10,8,9,3774966.0,6436.3
Manikonda,646.2,1,1,,15,6,8,3619648.0,5601.2
Nallagandla,953.7,2,2,1.0,25,3,7,5898139.0,6184.6
Nizampet,982.3,2,2,1.0,5,19,23,4376329.0,4455.4
Ameerpet,1281.3,2,2,1.0,0,3,17,7370129.0,5752.1
Madhapur,708.3,1,1,1.0,20,6,6,4526291.0,6390.0
Kukatpally,1789.9,3,3,0.0,20,12,16,9093367.0,5080.3
Shaikpet,1130.2,2,3,0.0,10,3,4,6528358.0,5776.3
Banjara Hills,1575.2,3,3,1.0,0,2,6,22633769.0,14369.0
Nallagandla,1269.3,2,2,1.0,0,3,10,8417643.0,6631.6
Hitech City,1013.2,2,2,2.0,7,6,19,9238054.0,9117.8
Uppal,1511.5,3,3,1.0,3,2,7,6015410.0,3979.8
Jubilee Hills,1117.3,2,3,1.0,10,5,12,13410849.0,12002.9
Uppal,1155.3,2,2,2.0,0,6,16,4944195.0,4279.7
Ameerpet,1436.8,3,3,1.0,7,8,25,9276338.0,6456.4
Jubilee Hills,662.6,1,1,1.0,2,3,15,9520174.0,14367.1
Shaikpet,1200.1,2,2,1.0,3,13,17,8867795.0,7389.1
LB Nagar,2581.3,4,5,2.0,5,1,20,11128988.0,4311.5
Ameerpet,1716.0,3,4,2.0,2,8,22,11274655.0,6570.2
Kukatpally,1547.3,3,4,2.0,10,17,20,9676488.0,6253.7
Nizampet,1698.6,3,3,0.0,7,24,24,9673788.0,5695.2
Tellapur,1380.8,2,3,1.0,1,2,10,9997381.0,7240.3
Hitech City,2590.1,4,5,2.0,2,8,18,23076809.0,8909.6
Nizampet,1191.5,2,2,0.0,10,1,8,5486136.0,4604.3
Shaikpet,1332.5,3,3,2.0,10,7,10,8841134.0,6635.1
Nallagandla,1240.5,2,3,1.0,1,3,11,40748891.91103695,6717.6
Hitech City,658.5,1,1,0.0,3,0,3,5351535.0,8127.0
Nizampet,2938.8,4,5,1.0,1,2,12,15751744.0,5360.0
Nizampet,1297.2,2,2,0.0,3,0,2,7205072.0,5554.4
Gachibowli,2480.1,4,5,1.0,15,16,16,21121605.0,8516.5
Begumpet,1084.1,2,2,1.0,2,2,20,7611807.0,7021.3
Shaikpet,1200.9,2,2,1.0,1,4,5,8026953.0,6683.9
Kompally,1644.5,3,4,2.0,10,15,15,8852217.0,5383.0
Shaikpet,1474.5,3,3,1.0,25,14,21,8365236.0,5673.3
Nallagandla,1674.7,3,3,1.0,20,0,6,9576191.0,5718.3
Kompally,1015.0,2,2,2.0,2,5,5,4746847.0,4676.9
Jubilee Hills,1690.7,3,3,2.0,20,2,2,23005298.0,13607.2
Ameerpet,1026.0,2,3,0.0,7,9,21,6025737.0,5872.8
LB Nagar,1358.5,2,3,1.0,5,3,4,5855416.0,4310.3
Kukatpally,2425.4,4,4,1.0,2,1,5,14293360.0,5893.2
Kondapur,1208.5,2,3,2.0,2,1,14,9843665.0,8145.3
Financial District,1789.7,3,3,2.0,15,4,10,14526664.0,8116.7
Hitech City,540.3,1,1,2.0,25,0,11,4288063.0,7936.7
LB Nagar,1666.5,3,4,2.0,1,2,6,7707502.0,4624.9
Bowenpally,1935.8,3,3,1.0,7,3,7,9788415.0,5056.6
Begumpet,1187.0,2,3,2.0,5,6,17,9713810.0,8183.2
Kukatpally,2033.6,4,4,0.0,7,0,2,11042726.0,5430.3
Kompally,1167.2,2,2,1.0,5,5,9,4771194.0,4087.7
Bowenpally,1026.5,2,2,1.0,0,2,2,5940964.0,5787.6
Gachibowli,1336.1,3,4,0.0,3,11,13,12173195.0,9111.1
Shaikpet,1200.9,2,3,1.0,3,2,6,8420708.0,7012.2
Manikonda,1685.9,3,4,3.0,15,8,22,9154341.0,5430.0
Ameerpet,1865.1,3,3,2.0,2,2,9,12577676.0,6743.9
Gachibowli,2086.9,4,5,0.0,15,2,2,15334090.0,7347.9
Hitech City,1420.3,3,3,2.0,1,8,21,14697813.0,10348.7
Manikonda,1573.2,3,3,2.0,0,4,18,9948938.0,6323.9
Tellapur,713.0,1,1,1.0,7,4,11,5463190.0,7661.9
Ameerpet,2118.9,3,4,1.0,5,14,20,13507791.0,6375.0
Jubilee Hills,1739.0,3,4,2.0,10,2,10,21753381.0,12509.4
Ameerpet,2840.4,4,4,1.0,5,15,19,18888808.0,6649.9
Begumpet,3339.8,5,5,2.0,2,3,11,25376665.0,7598.4
Nallagandla,1013.9,2,2,1.0,7,6,6,6549383.0,6459.3
Nizampet,1625.3,3,4,1.0,3,7,16,8267733.0,5086.8
Ameerpet,1981.6,4,4,1.0,0,4,19,13243091.0,6683.2
Begumpet,1728.4,3,3,,5,3,17,11682003.0,6758.8
Shaikpet,1167.9,2,2,1.0,7,6,12,8547708.0,7318.7
Gachibowli,647.0,1,2,1.0,3,4,14,6087434.0,9408.6
Kondapur,570.6,1,1,0.0,15,2,19,3903802.0,6841.2
Kondapur,1207.8,2,2,1.0,1,4,4,8529467.0,7062.0
Begumpet,1723.4,3,3,1.0,7,11,18,13978072.0,8110.7
Nallagandla,538.7,1,1,1.0,25,2,6,2948261.0,5473.3
Kompally,2184.0,4,5,1.0,1,6,15,11548727.0,5287.9
Begumpet,1524.3,3,4,1.0,10,20,25,10478589.0,6874.3
Kukatpally,566.6,1,1,1.0,7,15,16,3598857.0,6352.2
LB Nagar,1100.4,2,2,1.0,15,8,9,4154699.0,3775.6
Jubilee Hills,985.6,2,3,2.0,2,8,18,14277369.0,14485.5
Madhapur,2056.8,4,4,2.0,3,0,19,14742504.0,7167.5
Nizampet,1036.5,2,3,0.0,15,7,13,4939984.0,4766.1
Nizampet,1516.0,3,3,1.0,5,7,16,8903638.0,5873.1
Financial District,1873.5,3,3,1.0,1,0,6,14460819.0,7718.8
Kondapur,3560.7,5,5,1.0,25,12,20,20520062.0,5763.0
Financial District,1659.5,3,3,,7,19,25,16323275.0,9836.0
Nallagandla,1142.7,2,3,2.0,3,3,10,7316523.0,6402.9
Banjara Hills,1593.6,3,3,1.0,10,1,7,20143766.0,12640.8
Jubilee Hills,1142.3,2,2,1.0,15,0,18,14888523.0,13033.9
Gachibowli,972.9,3,4,1.0,25,5,13,7214391.0,7415.5
Jubilee Hills,3031.1,5,5,1.0,25,0,19,40158449.0,13248.8
Madhapur,1152.1,3,3,2.0,2,0,21,10186110.0,8841.6
Hitech City,2548.5,4,4,2.0,3,17,17,23391398.0,9178.5
Banjara Hills,1375.2,3,3,2.0,10,0,2,19129408.0,13910.5
Banjara Hills,2663.2,4,4,1.0,7,10,21,34426336.0,12926.9
Banjara Hills,1541.9,3,3,1.0,5,0,2,20765027.0,13466.8
LB Nagar,987.4,2,2,3.0,10,3,4,3768717.0,3816.9
Shaikpet,1115.1,2,2,2.0,5,10,14,6578000.0,5899.0
Gachibowli,2796.4,4,4,1.0,0,3,17,22925668.0,8198.4
Tellapur,1213.9,2,2,2.0,5,4,14,8467065.0,6974.9
Kukatpally,1263.5,2,2,2.0,3,3,6,7734350.0,6121.4
Nizampet,1270.5,2,3,2.0,3,4,15,6431518.0,5062.0
Hitech City,3247.8,5,6,2.0,0,10,13,31769239.0,9781.8
Bowenpally,1908.5,3,4,1.0,20,9,17,9440435.0,4946.4
Kondapur,2642.5,4,4,0.0,1,8,10,19991956.0,7565.5
Hitech City,1126.9,2,3,2.0,2,3,17,11309036.0,10035.8
Bowenpally,1879.8,4,4,1.0,0,1,2,10226092.0,5440.0
Bowenpally,2628.9,4,5,3.0,1,16,18,15254988.0,5802.8
Uppal,647.0,1,1,2.0,15,10,20,2894458.0,4473.9
Begumpet,1639.6,3,3,2.0,15,12,23,10308653.0,6287.4
Shaikpet,1911.2,3,3,3.0,5,7,23,12470238.0,6524.9
Nallagandla,1133.0,2,3,,2,1,11,7125404.0,6288.8
Kompally,1350.6,3,4,2.0,25,3,7,5457426.0,4040.7
Bowenpally,1995.4,4,5,3.0,25,9,14,9599918.0,4811.1
Kompally,1092.1,2,3,,5,11,15,5033988.0,4609.2
Jubilee Hills,981.7,2,3,2.0,3,3,8,12425631.0,12657.6
Financial District,2409.6,4,4,1.0,3,0,6,20774923.0,8621.8
LB Nagar,2280.0,4,4,3.0,3,2,5,10472718.0,4593.2
Financial District,1628.6,3,3,2.0,3,10,24,15499116.0,9516.6
Bowenpally,3569.5,5,5,2.0,3,2,10,17624137.0,4937.4
Madhapur,1227.8,2,2,2.0,5,16,18,10147991.0,8265.4
Madhapur,3446.4,5,5,0.0,5,1,20,26454548.0,7676.0
Miyapur,1107.7,2,3,0.0,10,10,10,5539185.0,5000.8
Kondapur,1515.3,3,4,1.0,5,16,23,10469656.0,6909.5
Begumpet,1306.5,2,2,2.0,15,8,17,9750894.0,7463.4
Miyapur,2195.4,4,4,1.0,15,9,10,11396474.0,5191.1
LB Nagar,578.9,1,1,1.0,2,0,14,2455352.0,4241.4
Jubilee Hills,1538.9,3,4,2.0,15,3,21,18369731.0,11936.9
LB Nagar,1494.0,3,3,1.0,15,0,4,4836923.0,3237.5
Gachibowli,1236.8,2,2,2.0,20,16,19,9429500.0,7624.3
Banjara Hills,1131.7,2,2,3.0,5,20,25,16756686.0,14806.3
Kompally,943.7,2,2,1.0,1,9,24,4436722.0,4701.6
Begumpet,1485.7,3,4,3.0,3,1,3,11083056.0,7459.9
Gachibowli,2075.6,3,4,3.0,1,2,6,17519047.0,8440.4
Uppal,995.7,2,2,1.0,2,12,20,4774253.0,4794.7
Manikonda,1167.2,2,2,1.0,2,0,2,6619280.0,5671.0
Manikonda,1574.0,3,4,1.0,20,0,16,8323956.0,5288.5
Nallagandla,953.8,2,3,2.0,2,12,25,5628491.0,5901.1
Kukatpally,1245.7,2,2,1.0,7,2,16,6618977.0,5313.4
Gachibowli,774.7,1,1,1.0,3,5,14,6716960.0,8670.9
Gachibowli,1054.9,2,2,1.0,20,6,10,8225861.0,7797.5
Banjara Hills,1344.6,3,3,1.0,3,11,23,19829909.0,14747.9
Madhapur,1156.8,2,3,0.0,7,6,6,8049349.0,6958.5
Begumpet,1232.0,2,2,2.0,5,16,19,9199449.0,7467.1
Nallagandla,2344.1,4,5,2.0,0,4,4,14961675.0,6382.7
Jubilee Hills,1155.8,2,2,1.0,3,6,6,15557870.0,13460.6
Miyapur,1740.1,3,4,2.0,3,17,25,11403939.0,6553.6
Nizampet,2396.7,4,4,2.0,2,0,2,13435601.0,5605.8
Hitech City,1917.1,3,3,2.0,5,2,22,14675113.0,7655.0
Kompally,1759.2,3,3,0.0,2,0,2,8885829.0,5051.1
Kukatpally,1216.8,2,3,1.0,15,13,25,6479339.0,5324.7
Uppal,1046.9,2,3,1.0,10,0,2,4368863.0,4173.0
Begumpet,1471.3,3,3,3.0,2,12,22,11969314.0,8135.3
Nizampet,1077.3,2,2,2.0,7,5,5,5470966.0,5078.6
Gachibowli,1576.5,3,4,2.0,1,9,14,14364008.0,9111.2
Jubilee Hills,1510.1,3,3,2.0,0,4,9,20216291.0,13387.6
Banjara Hills,1613.2,3,3,2.0,1,9,14,22099839.0,13699.2
Bowenpally,2164.4,4,4,1.0,25,9,15,9666526.0,4466.1
Jubilee Hills,1747.3,3,3,1.0,5,0,23,23326385.0,13350.1
Nallagandla,1015.7,2,2,1.0,7,5,5,5982922.0,5890.3
Uppal,2272.9,4,4,1.0,25,5,6,8847885.0,3892.7
Manikonda,1352.0,2,2,2.0,1,11,17,9299395.0,6878.4
Uppal,1832.2,3,3,3.0,7,2,7,8015019.0,4374.4
Ameerpet,2251.5,4,4,1.0,10,19,21,14726593.0,6540.8
Banjara Hills,1687.4,3,4,1.0,25,2,5,20647162.0,12236.4
Nizampet,1580.9,3,4,1.0,7,1,14,7336612.0,4640.9
Madhapur,2212.4,4,4,1.0,2,7,13,21464504.0,9701.7
Tellapur,1991.2,3,4,1.0,2,3,10,11856745.0,5954.6
Financial District,1225.0,2,3,2.0,2,9,24,11414181.0,9317.4
Financial District,1360.7,2,2,0.0,1,0,9,12046419.0,8853.4
Begumpet,1690.7,3,3,0.0,5,19,22,13287333.0,7859.2
Nallagandla,3177.7,5,6,2.0,5,5,6,22355056.0,7035.1
Kondapur,1285.0,2,3,1.0,10,5,15,9624828.0,7490.4
Kondapur,1970.5,4,5,2.0,3,4,8,15409521.0,7820.0
Miyapur,1465.6,3,4,1.0,2,4,14,8120203.0,5540.6
Uppal,2116.8,4,4,1.0,1,10,25,10831288.0,5116.9
Ameerpet,1041.6,2,2,1.0,7,12,19,6868389.0,6593.9
Jubilee Hills,1692.1,3,4,2.0,10,10,15,23448355.0,13857.2
Shaikpet,1481.2,3,4,2.0,0,15,16,12180166.0,8223.3
Kondapur,1706.0,3,4,3.0,3,4,13,13164771.0,7716.6
Uppal,3698.4,5,6,3.0,15,4,6,12944688.0,3500.0
LB Nagar,1240.8,2,3,0.0,1,20,23,5602981.0,4515.7
Madhapur,640.4,1,1,3.0,5,4,6,4966495.0,7754.9
Financial District,1115.4,2,2,1.0,10,11,21,11559878.0,10364.0
Kondapur,1396.5,2,2,1.0,7,5,16,9291871.0,6653.9
Shaikpet,1361.0,2,3,1.0,25,9,9,7480396.0,5496.4
Gachibowli,1022.7,2,2,0.0,0,3,3,7765978.0,7593.9
Uppal,1778.8,3,3,2.0,3,14,25,9371637.0,5268.4
Ameerpet,1222.4,2,2,0.0,0,4,4,7609181.0,6224.6
Gachibowli,1096.8,2,3,2.0,25,19,24,8222494.0,7496.7
Kukatpally,1068.8,2,2,1.0,3,4,8,6528505.0,6108.5
Uppal,1248.7,2,2,3.0,20,1,2,5471306.0,4381.7
Shaikpet,1738.1,3,3,1.0,2,9,22,12855563.0,7396.3
Ameerpet,3852.4,5,6,2.0,1,1,19,25306101.0,6568.9
Madhapur,1177.8,2,3,1.0,5,7,7,9460913.0,8032.9
Uppal,1825.7,3,3,1.0,3,4,4,7445418.0,4078.1
Gachibowli,1272.5,2,2,1.0,1,5,14,10998861.0,8643.6
Nizampet,3050.3,5,5,1.0,10,14,17,16150630.0,5294.8
Nallagandla,1359.8,2,2,1.0,5,17,17,8447918.0,6212.4
Miyapur,1238.9,2,2,2.0,5,6,23,6553459.0,5289.9
Begumpet,592.6,1,2,3.0,1,9,24,4764885.0,8041.0
Kompally,2520.1,4,4,2.0,5,10,12,11532483.0,4576.2
Hitech City,1660.2,3,3,0.0,15,7,14,13121886.0,7903.8
Bowenpally,1294.6,3,3,1.0,1,2,23,6382397.0,4930.2
LB Nagar,2590.8,4,5,0.0,7,10,24,11518041.0,4445.7
Nizampet,2242.1,4,4,1.0,3,13,21,12222652.0,5451.5
Gachibowli,770.3,1,1,2.0,20,8,20,5798664.0,7527.7
Manikonda,1304.8,3,3,2.0,3,0,7,7508526.0,5754.6
Jubilee Hills,1238.2,2,3,1.0,1,0,4,17018733.0,13745.2
Tellapur,1598.6,3,4,1.0,7,7,18,11890517.0,7438.2
Tellapur,1285.1,2,2,1.0,0,4,25,8551799.0,6654.5
Nizampet,2883.1,4,4,1.0,5,4,11,13912540.0,4825.6
Jubilee Hills,2589.2,4,4,2.0,10,14,15,38528172.0,14880.5
Ameerpet,1209.4,2,2,1.0,1,4,4,7442086.0,6153.6
Nallagandla,3324.5,5,6,2.0,2,5,9,23584867.0,7094.2
Ameerpet,508.7,1,1,1.0,3,4,17,3425338.0,6733.3
Jubilee Hills,1408.9,3,3,1.0,3,4,7,21222802.0,15063.4
Kukatpally,1163.9,2,3,1.0,3,2,4,6836736.0,5874.0
Bowenpally,2711.5,4,4,1.0,3,0,10,15293201.0,5640.1
Hitech City,1780.6,3,3,1.0,15,13,15,15218079.0,8546.5
Kukatpally,1013.1,2,3,2.0,2,6,9,6206293.0,6126.0
Nizampet,1803.9,3,3,0.0,7,0,20,8332307.0,4619.0
Kondapur,1578.0,3,4,1.0,5,12,16,11396606.0,7222.2
Miyapur,515.8,1,2,,7,0,7,2556382.0,4956.5
LB Nagar,1068.1,2,2,1.0,7,3,11,4347559.0,4070.5
Begumpet,1647.1,3,4,1.0,7,7,23,11077475.0,6725.5
Financial District,907.5,2,3,1.0,15,7,11,8505548.0,9372.3
Tellapur,1903.0,4,4,2.0,2,1,12,12644315.0,6644.5
Begumpet,1115.5,2,3,1.0,0,17,20,9265943.0,8306.5
Begumpet,1238.7,2,3,1.0,10,1,13,8373429.0,6760.1
LB Nagar,932.0,2,3,1.0,3,4,10,4173685.0,4478.2
Manikonda,1805.9,3,4,2.0,0,2,16,12475874.0,6908.6
Shaikpet,786.3,1,1,1.0,20,4,20,4327076.0,5503.2
Ameerpet,1059.0,2,3,2.0,10,2,10,6279869.0,5929.9
Begumpet,1168.3,2,3,0.0,2,11,23,7822570.0,6695.8
Banjara Hills,1345.2,3,3,1.0,7,1,14,18266195.0,13578.4
Begumpet,1922.1,4,5,2.0,1,6,6,14559739.0,7574.9
Kukatpally,1046.1,2,3,3.0,7,17,21,6010432.0,5745.7
Nallagandla,1583.4,3,3,1.0,3,6,8,10333155.0,6525.8
Tellapur,3448.1,5,6,1.0,2,4,6,22096363.0,6408.2
Uppal,2138.2,4,4,1.0,10,11,12,8880052.0,4153.1
Ameerpet,1399.1,3,3,2.0,0,12,14,9974939.0,7129.4
Begumpet,1732.7,3,3,1.0,10,5,8,11404864.0,6582.0
Jubilee Hills,1936.9,3,4,1.0,10,3,6,27444886.0,14169.7
Financial District,1603.1,3,3,2.0,5,8,10,14327860.0,8937.5
Begumpet,1089.6,2,2,1.0,3,10,16,8250974.0,7572.4
Bowenpally,1585.3,3,4,2.0,10,11,17,7572032.0,4776.4
Bowenpally,1211.4,2,3,3.0,0,8,13,6727529.0,5553.3
Hitech City,1894.9,3,3,1.0,1,7,16,18435645.0,9728.9
Ameerpet,1497.7,3,3,2.0,7,2,13,8375561.0,5592.5
Banjara Hills,1727.2,3,3,2.0,2,6,11,24666087.0,14281.1
LB Nagar,1715.7,3,4,0.0,2,20,24,7254142.0,4228.0
Ameerpet,1207.1,2,2,2.0,5,5,11,7635338.0,6325.2
LB Nagar,1715.0,3,3,3.0,7,6,10,6192328.0,3610.7
Shaikpet,1054.2,2,3,2.0,20,17,22,6182456.0,5864.6
Miyapur,782.6,2,3,1.0,10,2,18,4287728.0,5478.5
Kukatpally,1511.2,3,3,1.0,3,7,11,9643050.0,6381.1
Shaikpet,1505.1,3,4,1.0,20,18,23,9490215.0,6305.2
Uppal,1696.2,3,3,2.0,1,11,12,8135091.0,4796.1
Tellapur,1580.6,3,3,1.0,10,12,18,10089950.0,6383.8
Gachibowli,1054.5,2,2,1.0,20,14,25,7750006.0,7349.1
Miyapur,1742.8,3,3,2.0,2,12,13,9484120.0,5441.8
LB Nagar,1549.7,3,4,2.0,3,3,6,7562524.0,4880.1
LB Nagar,2432.1,4,4,1.0,15,12,22,8761757.0,3602.6
LB Nagar,996.9,2,2,1.0,15,0,20,3816366.0,3828.1
Miyapur,1656.4,3,3,1.0,10,16,18,9638282.0,5819.0
Tellapur,3040.2,5,6,1.0,7,15,16,20625182.0,6784.1
Kompally,2024.3,4,4,3.0,3,11,24,10765693.0,5318.2
LB Nagar,2094.0,3,3,1.0,2,3,15,8955974.0,4277.0
Kukatpally,1289.4,2,2,2.0,15,5,25,7416596.0,5751.9
Financial District,1668.2,3,3,1.0,1,5,5,15746742.0,9439.6
Kukatpally,1644.9,3,3,1.0,5,5,21,10435347.0,6344.1
Jubilee Hills,2628.4,4,4,1.0,7,1,18,40367787.0,15358.6
Hitech City,2032.4,4,4,1.0,5,14,20,18405790.0,9056.4
Miyapur,1426.2,3,3,0.0,3,1,7,7955399.0,5578.2
Banjara Hills,852.7,2,2,1.0,7,10,24,11586139.0,13587.1
Nizampet,940.9,2,2,0.0,7,2,7,4834465.0,5137.9
Jubilee Hills,821.8,2,2,2.0,25,1,7,9587846.0,11666.9
Financial District,1171.9,2,3,2.0,20,11,11,11160683.0,9523.7
Jubilee Hills,2957.4,5,6,3.0,20,9,11,44516465.0,15052.7
Shaikpet,2114.6,4,4,1.0,1,3,3,13105271.0,6197.4
Kompally,1837.5,3,3,2.0,7,2,5,8900857.0,4844.0
Nizampet,1568.0,3,4,2.0,5,2,4,7762417.0,4950.4
Hitech City,1986.8,3,3,1.0,1,2,8,17732878.0,8925.2
Kondapur,573.8,1,1,2.0,5,6,8,4104679.0,7153.0
Kukatpally,1572.4,3,3,2.0,25,8,11,7644558.0,4861.8
Jubilee Hills,2366.2,4,4,1.0,10,9,17,35609765.0,15049.4
Nallagandla,2052.6,4,5,2.0,2,5,7,14800977.0,7210.9
Manikonda,1524.9,3,3,2.0,0,7,24,9631656.0,6316.1
Kompally,1823.3,3,3,1.0,15,4,17,8444236.0,4631.3
Jubilee Hills,1992.4,3,4,1.0,2,4,4,32348504.0,16236.3
Hitech City,1288.6,2,2,0.0,7,3,7,11653193.0,9043.1
Nizampet,1189.5,2,3,1.0,10,3,24,6747167.0,5672.2
Tellapur,1766.7,3,4,1.0,10,5,18,12082250.0,6838.7
Kukatpally,2210.4,4,5,2.0,3,17,17,14988261.0,6780.9
Kukatpally,2617.6,4,5,0.0,0,9,17,16267750.0,6214.7
Nallagandla,2403.4,4,4,1.0,7,6,13,15191994.0,6321.0
Shaikpet,1988.6,4,5,2.0,3,1,3,15312502.0,7700.3
Hitech City,1171.4,2,3,0.0,7,9,13,9969924.0,8511.4
Jubilee Hills,1062.0,2,2,1.0,10,10,12,14747890.0,13887.3
Madhapur,1475.3,3,3,1.0,20,4,12,9250144.0,6269.9
Miyapur,1533.2,3,4,1.0,0,12,19,8042662.0,5245.8
Tellapur,1501.0,3,3,3.0,15,4,7,9528091.0,6347.6
Miyapur,1547.8,3,3,1.0,0,5,6,8525935.0,5508.3
Manikonda,898.0,2,2,2.0,1,4,21,5900372.0,6570.4
Financial District,1110.7,2,3,1.0,1,0,4,9228998.0,8309.4
Kondapur,2113.6,4,4,1.0,7,8,13,16496967.0,7805.2
Banjara Hills,1537.8,3,4,3.0,20,5,14,19344392.0,12579.4
Manikonda,2588.9,5,5,1.0,3,0,12,16192069.0,6254.3
Tellapur,2391.2,4,5,1.0,10,0,3,14381662.0,6014.3
Ameerpet,1469.8,2,2,2.0,2,22,22,9191670.0,6253.7
Bowenpally,1808.3,3,4,1.0,5,5,17,9336386.0,5163.2
Kukatpally,2907.6,5,6,1.0,5,4,13,15759180.0,5419.9
Ameerpet,1317.5,3,3,1.0,0,9,14,9347061.0,7094.5
Shaikpet,1229.2,3,4,2.0,0,9,20,9043629.0,7357.6
Nallagandla,2415.2,4,4,3.0,2,0,6,15754654.0,6523.1
Financial District,1158.3,2,3,3.0,7,6,15,11137556.0,9615.5
Financial District,2100.0,4,4,1.0,1,20,20,19780024.0,9419.1
Gachibowli,875.4,2,2,1.0,3,6,24,8159888.0,9321.3
LB Nagar,1246.0,2,3,3.0,10,0,5,5479050.0,4397.4
Madhapur,1460.4,3,3,1.0,1,4,13,11352380.0,7773.3
Bowenpally,1577.2,3,4,1.0,0,4,6,8640526.0,5478.4
Kondapur,1305.8,3,3,2.0,0,7,7,7776556.0,5955.2
Nizampet,1262.4,2,2,2.0,3,13,15,7285605.0,5771.2
Nizampet,691.8,1,1,1.0,10,10,20,3977813.0,5750.1
Ameerpet,2653.2,4,5,2.0,7,12,20,16209209.0,6109.3
Nizampet,1410.5,3,3,1.0,3,13,22,7576201.0,5371.3
LB Nagar,1357.1,2,3,1.0,3,1,21,5728879.0,4221.4
Hitech City,1228.9,2,2,1.0,2,9,17,12688847.0,10325.0
Kompally,1394.0,3,4,2.0,3,7,22,6698394.0,4805.2
Kondapur,1787.7,3,4,3.0,3,10,16,14841535.0,8302.2
Kukatpally,1494.4,3,3,2.0,3,13,15,8900424.0,5955.8
Financial District,1974.1,4,4,2.0,15,1,8,15756599.0,7981.5
Shaikpet,553.9,1,1,1.0,7,5,16,3627422.0,6548.4
Nallagandla,1001.2,2,3,1.0,1,0,5,6841605.0,6833.5
Tellapur,1405.2,2,2,1.0,2,7,13,9565764.0,6807.3
Manikonda,1541.4,3,3,0.0,3,1,6,9287696.0,6025.3
Tellapur,920.3,2,3,1.0,7,2,3,6625125.0,7199.2
Kompally,2462.1,4,5,3.0,7,8,20,12279355.0,4987.4
Hitech City,588.2,1,1,1.0,5,9,9,5009516.0,8516.7
Nallagandla,973.5,1,1,1.0,15,1,16,5346468.0,5491.8
Banjara Hills,1115.4,2,2,2.0,0,5,6,15523622.0,13917.0
Tellapur,1486.3,3,3,1.0,0,3,7,9421928.0,6339.1
Financial District,1938.9,3,4,2.0,15,10,11,18117365.0,9344.3
Tellapur,1310.4,2,3,1.0,7,21,23,11605682.0,8856.6
Nallagandla,955.8,2,3,1.0,2,15,21,6389924.0,6685.4
Shaikpet,1851.3,3,4,2.0,0,1,5,13418985.0,7248.6
Financial District,997.3,2,2,1.0,0,0,21,9545332.0,9571.6
Kukatpally,1011.6,2,2,1.0,25,4,20,4759370.0,4704.7
Financial District,2453.5,4,4,2.0,7,1,13,23342841.0,9514.0
Nizampet,1736.5,3,3,2.0,5,1,5,7809108.0,4497.1
Financial District,1226.3,2,2,1.0,3,1,9,11021210.0,8987.3
Ameerpet,1822.5,3,4,1.0,1,7,10,9729268.0,5338.5
Uppal,1116.2,2,2,2.0,0,3,4,4774382.0,4277.4
Madhapur,2471.9,5,6,1.0,3,0,2,18908006.0,7649.1
Begumpet,2010.9,3,4,1.0,2,2,3,14431519.0,7176.7
Bowenpally,1684.5,3,3,2.0,10,4,8,8071530.0,4791.7
Nizampet,1141.3,2,3,1.0,0,1,6,5438202.0,4765.0
LB Nagar,2574.3,4,5,0.0,1,8,23,12766488.0,4959.2
Kukatpally,3289.5,5,6,1.0,3,9,17,21761035.0,6615.2
Kondapur,1613.0,3,3,1.0,10,0,2,9778250.0,6062.2
Gachibowli,2057.2,4,5,1.0,0,0,8,16921332.0,8225.6
Madhapur,1494.2,3,3,1.0,15,19,24,11046317.0,7392.7
Uppal,1056.0,2,2,3.0,7,5,20,4540801.0,4300.0
Gachibowli,1426.3,3,4,1.0,0,1,6,12707992.0,8909.9
Manikonda,1047.0,2,2,1.0,0,14,21,6879021.0,6570.1
Shaikpet,1925.0,3,4,1.0,2,10,12,15753230.0,8183.6
Uppal,1177.1,2,2,1.0,5,0,25,4833433.0,4106.2
Bowenpally,1346.5,2,2,1.0,10,0,6,6523409.0,4844.6
Kompally,583.2,1,2,2.0,25,11,18,2531762.0,4341.0
Shaikpet,2886.8,5,5,1.0,3,15,17,19685946.0,6819.4
Financial District,1488.3,3,3,3.0,0,3,5,14666006.0,9854.1
Gachibowli,1991.1,3,3,0.0,25,0,19,14088128.0,7075.6
Banjara Hills,1558.6,3,4,2.0,5,11,11,23721711.0,15219.7
Financial District,1834.4,3,4,0.0,3,2,8,18460206.0,10063.3
Madhapur,2258.1,4,5,1.0,1,0,7,19276451.0,8536.7
Hitech City,616.6,1,1,1.0,3,4,6,5003557.0,8115.0
Madhapur,1324.5,2,3,1.0,20,21,25,11698285.0,8832.5
Hitech City,995.1,2,3,1.0,15,1,17,7787438.0,7826.1
Miyapur,1437.1,2,3,2.0,5,11,12,8359015.0,5816.5
Kondapur,2211.0,4,5,2.0,5,7,14,16280093.0,7363.2
Banjara Hills,1673.0,3,4,1.0,15,3,9,22097462.0,13208.6
Kompally,907.0,2,2,1.0,3,14,15,4441422.0,4896.9
Shaikpet,1265.9,3,4,1.0,5,4,16,8759177.0,6919.3
Madhapur,2300.6,4,4,0.0,5,5,19,18348229.0,7975.3
Miyapur,1285.1,2,3,1.0,15,9,24,6650362.0,5175.2
Uppal,1230.4,2,2,1.0,3,0,3,6258446.0,5086.4
Shaikpet,559.9,1,1,1.0,10,2,16,3828007.0,6836.9
Bowenpally,1585.8,3,4,1.0,10,7,22,7070924.0,4458.8
Shaikpet,2462.9,4,4,2.0,15,2,12,17163451.0,6968.8
Uppal,1180.4,2,3,2.0,10,6,14,4669204.0,3955.6
Miyapur,1779.8,3,3,1.0,3,4,7,10365830.0,5824.0
Uppal,1574.8,3,3,2.0,20,9,25,6735898.0,4277.3
LB Nagar,1603.8,3,3,1.0,10,8,16,6894851.0,4299.2
Nallagandla,1847.7,3,3,1.0,0,0,10,13262272.0,7177.9
Ameerpet,1446.2,3,3,2.0,1,0,4,8100650.0,5601.3
Jubilee Hills,1834.8,3,3,2.0,2,16,18,27186562.0,14817.4
Financial District,1319.5,2,2,1.0,1,16,19,12595875.0,9545.7
Jubilee Hills,1411.9,3,3,1.0,0,6,12,21126217.0,14962.9
Hitech City,2242.2,4,5,2.0,20,1,22,15518960.0,6921.2
Madhapur,2647.9,4,5,1.0,10,0,2,20202888.0,7629.9
Hitech City,1887.3,3,4,1.0,5,5,16,18199199.0,9643.1
Banjara Hills,1514.8,3,3,1.0,10,6,15,19027233.0,12561.0
Nizampet,1765.0,3,3,2.0,3,17,18,11399149.0,6458.3
Madhapur,674.2,1,1,1.0,15,4,24,5224220.0,7749.1
Kompally,624.7,1,2,1.0,25,2,8,2496187.0,3995.7
Nallagandla,2535.3,4,5,1.0,0,1,5,17357884.0,6846.6
Tellapur,2415.9,4,5,1.0,25,0,14,13561989.0,5613.5
Financial District,1869.4,3,4,3.0,7,5,18,17339669.0,9275.6
Jubilee Hills,3643.2,5,5,,0,3,8,53942178.0,14806.2
Kondapur,1752.5,3,3,2.0,0,0,25,12411722.0,7082.4
Kompally,1714.6,3,4,1.0,7,3,4,8304395.0,4843.3
Shaikpet,1639.9,3,3,1.0,3,9,16,10065459.0,6137.7
Begumpet,1255.1,2,2,1.0,25,4,11,8041376.0,6407.0
Kukatpally,984.3,2,3,2.0,2,4,14,5253307.0,5337.0
Shaikpet,1127.7,2,2,1.0,5,19,22,7631862.0,6767.8
Manikonda,2781.9,4,5,2.0,1,13,17,16859908.0,6060.5
Begumpet,1714.7,3,3,1.0,2,0,9,12104759.0,7059.6
Gachibowli,1754.4,4,4,1.0,20,2,5,10867943.0,6194.6
Nallagandla,1938.8,3,3,1.0,0,2,11,14133040.0,7289.4
Kondapur,1816.8,3,3,2.0,5,1,4,12940391.0,7122.6
Kukatpally,706.7,1,1,0.0,2,16,16,4376880.0,6193.0
Nizampet,2320.0,4,4,2.0,1,15,19,12694379.0,5471.8
Kompally,1223.7,2,2,3.0,10,0,4,6021585.0,4920.7
Bowenpally,1302.5,2,2,3.0,3,5,8,7885280.0,6054.1
Banjara Hills,1660.5,3,4,1.0,3,5,13,24381572.0,14683.7
Kompally,1629.7,3,4,2.0,25,15,19,7709633.0,4730.8
Tellapur,1642.9,3,4,2.0,3,1,9,11448352.0,6968.3
Ameerpet,1785.8,3,4,,5,4,6,11191402.0,6267.1
Banjara Hills,1211.5,2,3,1.0,10,2,19,16797629.0,13865.2
Madhapur,3131.1,4,4,1.0,20,5,17,23973473.0,7656.5
Tellapur,2230.4,4,4,1.0,5,4,4,14801276.0,6636.1
Begumpet,716.7,1,2,1.0,5,1,13,5480860.0,7647.3
Madhapur,1554.4,2,3,2.0,2,11,11,15617266.0,10047.2
Gachibowli,2353.7,4,4,1.0,2,11,13,20973395.0,8910.7
Kondapur,1895.8,3,4,0.0,2,2,12,12710392.0,6704.4
Financial District,1452.2,2,3,1.0,5,11,24,14725448.0,10139.9
Uppal,1378.2,3,4,2.0,15,17,21,5783297.0,4196.4
Begumpet,1984.7,3,3,1.0,3,5,5,15763484.0,7942.5
Jubilee Hills,1764.7,3,3,2.0,3,1,6,24861121.0,14087.7
Nizampet,2575.3,4,4,2.0,10,6,16,13583237.0,5274.4
Nizampet,1320.4,3,3,2.0,0,2,11,7437784.0,5633.0
Begumpet,1688.9,3,3,0.0,7,15,16,13476868.0,7979.7
Hitech City,1164.1,2,2,2.0,2,7,15,10196398.0,8759.0
Gachibowli,3029.0,5,5,2.0,10,1,7,24409919.0,8058.6
Shaikpet,544.5,1,1,0.0,1,0,10,3519941.0,6464.2
LB Nagar,2201.6,3,3,1.0,10,1,16,9483210.0,4307.4
Banjara Hills,1512.3,2,3,1.0,2,1,7,22349590.0,14778.8
Nizampet,3519.5,5,5,1.0,0,2,7,19658228.0,5585.5
Financial District,1548.9,3,3,1.0,1,8,11,15046834.0,9714.8
LB Nagar,1601.6,3,3,3.0,5,2,25,6769048.0,4226.5
Shaikpet,953.9,2,2,1.0,7,1,9,6558382.0,6875.1
Bowenpally,775.1,2,2,2.0,7,5,25,3663658.0,4726.4
Manikonda,1690.7,3,3,1.0,15,6,23,9206793.0,5445.6
Hitech City,1240.5,2,3,1.0,0,6,25,11298385.0,9107.6
Bowenpally,1717.2,3,4,1.0,3,13,15,8377978.0,4878.8
Tellapur,1315.1,3,4,1.0,10,10,10,8193809.0,6230.7
Manikonda,643.1,1,1,2.0,25,15,22,2958932.0,4601.0
Hitech City,1598.4,3,4,1.0,2,3,5,15424842.0,9650.1
Manikonda,866.3,2,2,1.0,0,19,20,6189434.0,7144.4
Bowenpally,1233.4,3,4,2.0,3,9,13,6797016.0,5510.8
Nizampet,2192.1,3,3,1.0,2,4,12,11460353.0,5228.1
Kukatpally,3360.4,5,5,0.0,2,0,17,19969404.0,5942.6
Banjara Hills,1118.9,2,2,2.0,5,17,20,15582698.0,13926.5
Nizampet,1686.9,3,3,1.0,7,0,25,8702514.0,5158.8
Manikonda,1268.7,2,2,1.0,5,3,4,7603003.0,5992.7
Banjara Hills,2374.5,4,4,1.0,7,6,8,34971050.0,14727.5
Nallagandla,1576.6,3,3,1.0,0,7,9,10416636.0,6607.1
LB Nagar,1509.2,3,3,3.0,0,3,3,7937750.0,5259.6
Tellapur,1317.9,3,4,1.0,10,8,22,8315329.0,6309.6
Banjara Hills,2314.5,4,4,1.0,20,2,14,30132353.0,13019.2
LB Nagar,2648.1,5,6,3.0,25,3,8,8755847.0,3306.4
Gachibowli,2306.2,4,5,1.0,5,16,16,20260559.0,8785.1
Shaikpet,1975.9,4,4,1.0,5,8,24,12999676.0,6579.0
Ameerpet,1179.6,2,2,1.0,20,6,16,6861477.0,5816.9
Nizampet,1487.8,2,3,3.0,20,8,8,6273453.0,4216.7
Hitech City,823.4,2,2,2.0,20,2,14,6500768.0,7895.4
Madhapur,1857.4,4,4,1.0,20,0,15,12374689.0,6662.4
Kukatpally,1943.3,3,4,1.0,2,2,14,11183646.0,5754.8
Kukatpally,2847.2,4,5,3.0,5,14,21,21015986.0,7381.4
Nizampet,1416.7,2,2,0.0,20,0,2,6070010.0,4284.7
Kukatpally,1990.2,3,4,3.0,10,1,5,10527243.0,5289.5
Hitech City,2708.1,4,4,1.0,5,21,23,24734116.0,9133.5
Nallagandla,1266.6,2,3,1.0,1,9,10,8458537.0,6678.2
Hitech City,735.7,1,2,1.0,5,6,6,6266308.0,8517.1
Jubilee Hills,1176.0,2,3,1.0,10,9,15,16591685.0,14108.1
Ameerpet,1437.1,2,2,3.0,3,9,19,9381764.0,6528.1
Banjara Hills,2262.2,4,5,1.0,25,1,14,26663828.0,11786.4
Madhapur,1410.4,3,3,1.0,10,0,4,9901019.0,7020.1
Hitech City,1918.0,3,3,1.0,7,11,12,19251073.0,10036.9
Manikonda,1126.1,2,2,0.0,3,1,6,6858892.0,6090.7
Gachibowli,1561.6,3,4,2.0,5,8,25,12541076.0,8030.9
Miyapur,1223.2,2,3,0.0,5,14,25,5999022.0,4904.3
Jubilee Hills,3025.8,5,5,2.0,15,6,7,41238049.0,13628.9
LB Nagar,1098.4,2,3,3.0,7,20,23,5106290.0,4648.8
Nallagandla,1500.4,3,3,0.0,2,2,2,10222146.0,6813.1
Hitech City,2614.6,4,5,2.0,1,0,16,25648235.0,9809.7
Begumpet,623.0,1,1,1.0,7,3,6,4316429.0,6928.4
Nallagandla,2007.7,4,4,2.0,10,23,23,13854719.0,6900.7
Manikonda,625.0,1,1,1.0,7,2,2,3329811.0,5327.5
Nizampet,655.9,1,2,3.0,15,18,18,3220608.0,4910.1
Uppal,1414.6,3,4,1.0,7,4,9,6522859.0,4611.0
Begumpet,1049.9,2,2,,20,12,13,7446903.0,7092.6
Kompally,2092.1,4,4,1.0,2,22,23,11106195.0,5308.5
Ameerpet,1688.8,3,3,1.0,10,1,3,8674184.0,5136.2
Madhapur,1085.4,2,3,2.0,10,2,5,9074755.0,8360.5
Tellapur,1992.7,3,3,,15,3,14,12826951.0,6437.1
Shaikpet,1118.0,2,3,2.0,1,9,19,9429368.0,8433.8
Kondapur,3672.8,5,6,2.0,7,0,7,23438619.0,6381.7
Madhapur,1465.0,3,3,2.0,3,1,8,13238682.0,9036.8
Banjara Hills,1092.0,2,3,1.0,3,7,19,16932466.0,15505.8
Nizampet,1285.7,2,3,1.0,7,2,6,6058067.0,4712.0
Kukatpally,1580.9,3,3,1.0,10,10,12,9253837.0,5853.4
Gachibowli,1262.8,2,2,1.0,3,2,7,9429164.0,7466.8
Kompally,1132.5,2,2,2.0,20,10,12,6167593.0,5445.9
Begumpet,1245.3,2,2,1.0,3,1,2,9784216.0,7857.2
Uppal,1292.0,3,4,1.0,1,2,10,6170061.0,4775.5
Banjara Hills,2231.1,4,4,2.0,1,8,25,32159554.0,14414.3
LB Nagar,2253.1,4,4,1.0,2,14,14,9521283.0,4225.8
LB Nagar,1820.2,3,4,2.0,3,16,17,8018171.0,4405.1
Gachibowli,886.5,2,3,2.0,1,0,9,7345819.0,8286.5
Bowenpally,1332.7,3,3,1.0,3,6,11,7046203.0,5287.2
Tellapur,1424.2,3,4,1.0,3,1,4,10518019.0,7385.4
Madhapur,1175.4,2,3,2.0,7,2,9,8875909.0,7551.3
Shaikpet,963.5,2,2,1.0,5,9,10,6124199.0,6356.4
Bowenpally,1330.8,3,3,2.0,15,7,10,6423455.0,4826.7
Begumpet,1880.2,3,4,2.0,0,5,8,13790890.0,7334.7
Uppal,897.9,2,2,1.0,10,1,18,3790991.0,4222.3
Tellapur,928.0,2,3,1.0,10,5,13,6792789.0,7320.0
Jubilee Hills,1067.4,2,2,2.0,10,18,20,15166181.0,14208.5
Nizampet,1705.7,3,3,0.0,0,11,24,9208680.0,5398.8
Banjara Hills,1096.4,2,2,1.0,1,11,22,15899163.0,14501.5
Manikonda,1684.2,3,3,1.0,1,0,5,11429803.0,6786.5
Jubilee Hills,1483.6,3,3,1.0,20,18,21,19008978.0,12812.4
Kondapur,2242.0,4,4,1.0,5,2,5,15323301.0,6834.7
LB Nagar,1520.5,4,5,0.0,15,1,5,5361067.0,3525.9
Madhapur,562.8,1,1,1.0,7,2,3,4769772.0,8474.4
Tellapur,2865.2,5,5,1.0,5,10,21,20266353.0,7073.3
Gachibowli,1940.8,3,4,1.0,0,0,6,16835455.0,8674.3
Ameerpet,1442.6,3,3,1.0,25,5,24,7270639.0,5039.9
Kukatpally,1198.8,2,3,2.0,10,4,9,7796413.0,6503.2
Kukatpally,1538.9,3,3,2.0,2,9,22,9645989.0,6268.3
Financial District,1249.9,2,3,1.0,15,9,17,11562366.0,9250.8
Ameerpet,656.4,1,1,1.0,2,9,16,3973920.0,6053.9
Miyapur,1772.3,3,3,1.0,7,2,19,8121472.0,4582.4
Kondapur,1769.6,3,3,2.0,10,0,13,12529344.0,7080.5
Financial District,980.6,2,3,1.0,5,14,14,9115265.0,9295.7
Uppal,1276.2,2,3,0.0,3,2,9,4987428.0,3908.1
Ameerpet,1453.1,3,3,1.0,7,10,12,9627783.0,6625.7
Kondapur,624.7,1,2,1.0,7,2,2,4716546.0,7550.7
Ameerpet,1143.5,2,3,0.0,2,2,18,6239376.0,5456.3
Gachibowli,1401.3,3,4,1.0,1,5,5,11006263.0,7854.6
LB Nagar,972.0,2,2,1.0,10,6,21,4158180.0,4278.1
Hitech City,1980.6,3,3,1.0,7,4,4,16874958.0,8520.0
Manikonda,1655.2,3,3,2.0,2,18,19,10664864.0,6443.2
Manikonda,1118.4,2,3,2.0,1,11,18,6498032.0,5809.9
Manikonda,2271.8,4,4,1.0,15,3,22,12805854.0,5636.9
Madhapur,773.4,1,2,0.0,25,8,8,5154951.0,6664.9
Kompally,1540.2,3,3,1.0,3,9,13,8715400.0,5658.6
Uppal,1874.3,3,3,1.0,25,5,20,6777638.0,3616.1
LB Nagar,1487.7,3,4,1.0,5,14,15,6928609.0,4657.3
Uppal,2274.8,4,4,2.0,3,6,23,11706265.0,5146.0
Hitech City,1288.2,2,2,1.0,3,0,19,44279932.623956755,8565.8
Nallagandla,1090.4,2,2,2.0,0,3,6,6859707.0,6290.9
Begumpet,2526.0,4,4,1.0,10,13,21,17703182.0,7008.3
Gachibowli,2305.9,4,4,1.0,0,2,2,19589836.0,8495.3
Tellapur,2276.4,4,5,1.0,3,15,21,16210504.0,7121.2
Miyapur,1356.7,2,2,1.0,7,18,20,7908835.0,5829.7
Madhapur,2641.6,4,5,0.0,20,2,16,18023505.0,6823.1
Begumpet,1752.2,3,3,1.0,2,3,16,14694234.0,8386.2
Begumpet,1737.0,3,4,2.0,3,12,23,14255823.0,8207.4
LB Nagar,1257.2,2,2,1.0,20,5,5,4555886.0,3623.8
Ameerpet,1256.6,2,3,1.0,20,13,13,6404219.0,5096.3
Begumpet,1409.0,3,4,3.0,10,8,23,10146516.0,7201.3
Bowenpally,2805.0,5,6,0.0,3,7,11,13012458.0,4639.0
Begumpet,2068.8,4,5,1.0,7,5,24,15160207.0,7328.0
Financial District,639.2,1,2,1.0,5,0,25,5700701.0,8918.3
Ameerpet,2304.2,4,5,1.0,2,17,17,16458653.0,7142.9
Hitech City,1767.0,3,4,1.0,25,14,24,14767741.0,8357.4
Hitech City,1862.7,4,4,2.0,2,5,10,18685205.0,10031.1
Begumpet,1836.9,3,4,1.0,3,1,2,13837479.0,7532.9
Bowenpally,2141.4,4,4,0.0,1,5,11,12071149.0,5637.0
Bowenpally,1029.9,2,3,1.0,1,12,12,5741711.0,5575.3
LB Nagar,2976.1,4,4,1.0,25,10,12,10012335.0,3364.3
Ameerpet,1155.8,2,2,3.0,20,5,22,6416602.0,5551.7
Uppal,1134.2,2,2,0.0,5,2,9,4952707.0,4366.9
Manikonda,2292.5,4,5,1.0,5,4,10,13726250.0,5987.5
Financial District,1331.4,2,2,1.0,0,6,9,12564959.0,9437.6
Banjara Hills,1237.1,2,2,2.0,1,8,13,17365913.0,14037.6
Nallagandla,1176.4,2,3,1.0,15,19,23,6657331.0,5659.2
Madhapur,1554.4,2,3,2.0,2,11,11,15617266.0,10047.2
Jubilee Hills,1934.7,4,5,2.0,10,14,17,27315541.0,14118.9
Hitech City,1605.9,3,4,1.0,7,2,7,13132904.0,8177.7
