Location,Area_SqFt,BHK,Bathrooms,Parking,Property_Age,Floor_Number,Total_Floors,Price,Price_Per_SqFt,Floor_Ratio,Location_Encoded
Kondapur,2450.1,4,4,1.0,0,7,12,17733462.0,7237.9,0.583,9
Hitech City,1083.4,2,3,3.0,0,0,22,10409520.0,9608.2,0.0,6
Miyapur,1167.1,3,3,3.0,2,11,16,7162907.0,6137.4,0.688,14
LB Nagar,1674.2,3,3,0.0,20,1,15,5852338.0,3495.6,0.067,11
Nallagandla,591.6,1,2,1.0,15,0,4,3279886.0,5544.1,0.0,15
Hitech City,1088.3,2,2,1.0,0,11,19,11385068.0,10461.3,0.579,6
Banjara Hills,1173.8,2,2,1.0,5,4,9,16376339.0,13951.6,0.444,1
Ameerpet,2113.5,3,4,1.0,2,12,16,15087973.0,7138.9,0.75,0
Jubilee Hills,503.7,1,1,0.0,1,2,9,6552000.0,13007.7,0.222,7
Financial District,1609.0,3,3,2.0,7,0,3,14213585.0,8833.8,0.0,4
Ameerpet,1317.3,2,2,1.0,5,4,4,8784631.0,6668.7,1.0,0
Begumpet,1721.6,3,4,1.0,5,9,16,14550039.0,8451.5,0.562,2
Nizampet,1141.7,2,2,1.0,1,3,8,6598925.0,5779.9,0.375,16
Nizampet,586.9,1,2,2.0,7,3,7,2947612.0,5022.3,0.429,16
Miyapur,1163.4,2,3,1.0,2,0,2,6994171.0,6011.8,0.0,14
LB Nagar,1029.9,2,2,1.0,7,11,11,4338349.0,4212.4,1.0,11
Begumpet,1191.6,2,2,0.0,2,13,13,8369821.0,7024.0,1.0,2
Kondapur,1437.6,3,3,1.0,5,22,23,9923857.0,6903.1,0.957,9
Gachibowli,1347.8,2,2,1.0,5,3,24,12086036.0,8967.2,0.125,5
Kukatpally,1250.4,2,2,3.0,3,15,17,7708052.0,6164.5,0.882,10
Jubilee Hills,1416.9,2,3,1.0,2,2,4,20841794.0,14709.4,0.5,7
LB Nagar,1756.2,3,3,3.0,1,9,19,7535337.0,4290.7,0.474,11
Financial District,913.9,2,3,3.0,5,8,24,9048064.0,9900.5,0.333,4
Nallagandla,1222.0,2,3,2.0,7,0,12,7962712.0,6516.1,0.0,15
Tellapur,2535.7,4,4,3.0,25,13,19,16885606.0,6659.1,0.684,18
Shaikpet,1679.8,3,3,0.0,5,7,17,11389562.0,6780.3,0.412,17
Kondapur,1732.8,3,3,1.0,2,5,7,10815091.0,6241.4,0.714,9
Nizampet,1622.1,3,3,1.0,7,0,2,8740343.0,5388.3,0.0,16
Ameerpet,1155.8,2,2,3.0,20,5,22,6416602.0,5551.7,0.227,0
Financial District,1624.7,3,3,1.0,25,20,21,13566194.0,8350.0,0.952,4
Jubilee Hills,1179.5,2,3,2.0,5,17,25,16227605.0,13758.0,0.68,7
Begumpet,3222.4,5,6,2.0,7,5,12,22380656.0,6945.3,0.417,2
Ameerpet,1517.9,3,3,1.0,0,8,8,8556986.0,5637.4,1.0,0
Uppal,1295.9,3,3,0.0,0,6,7,5977302.0,4612.5,0.857,19
Kukatpally,1365.3,2,2,1.0,0,3,14,8497564.0,6224.0,0.214,10
Begumpet,1628.8,3,3,2.0,2,22,22,12677160.0,7783.1,1.0,2
Nallagandla,1343.3,3,3,1.0,20,0,2,7265799.0,5408.9,0.0,15
Kondapur,1977.8,3,3,1.0,1,13,23,14343866.0,7252.4,0.565,9
Gachibowli,1246.5,2,2,1.0,7,5,11,10866531.0,8717.6,0.455,5
Gachibowli,2300.5,4,4,2.0,7,1,17,20089730.0,8732.8,0.059,5
Bowenpally,2623.6,4,5,1.0,1,10,20,14821688.0,5649.4,0.5,3
Gachibowli,1749.3,3,3,1.0,1,1,15,16147062.0,9230.6,0.067,5
Uppal,1893.6,3,3,2.0,3,8,20,7978860.0,4213.6,0.4,19
Kondapur,1281.4,2,3,2.0,10,1,5,9727717.0,7591.5,0.2,9
Gachibowli,1296.0,3,4,1.0,20,3,6,8675942.0,6694.4,0.5,5
Bowenpally,1479.2,3,3,1.0,5,12,23,8157331.0,5514.7,0.522,3
Uppal,1112.6,2,3,3.0,5,15,16,5128325.0,4609.3,0.938,19
Gachibowli,1316.3,2,3,2.0,10,4,14,9979337.0,7581.4,0.286,5
Manikonda,3324.6,5,6,3.0,7,0,13,22945686.0,6901.8,0.0,13
Madhapur,1090.2,2,3,2.0,0,5,6,9432630.0,8652.2,0.833,12
Uppal,1707.4,3,3,1.0,7,11,20,7505091.0,4395.6,0.55,19
Kondapur,1108.3,2,2,0.0,1,6,10,7913245.0,7140.0,0.6,9
Jubilee Hills,1543.1,3,3,0.0,5,5,22,19609083.0,12707.6,0.227,7
Miyapur,2471.6,5,5,2.0,20,2,5,12254830.0,4958.3,0.4,14
Uppal,4073.9,5,6,1.0,7,2,23,18340817.0,4502.0,0.087,19
Ameerpet,1621.6,3,3,1.0,1,1,5,9854086.0,6076.8,0.2,0
Tellapur,1045.2,2,3,3.0,7,8,18,7347035.0,7029.3,0.444,18
Jubilee Hills,941.0,2,2,0.0,20,4,20,12150602.0,12912.4,0.2,7
Begumpet,1960.0,4,4,2.0,5,16,16,15612290.0,7965.5,1.0,2
Kukatpally,1717.5,3,4,2.0,5,0,4,10229243.0,5955.9,0.0,10
Ameerpet,676.7,1,2,2.0,5,4,22,4880061.0,7211.6,0.182,0
Manikonda,2213.6,4,4,1.0,7,0,2,12023286.0,5431.6,0.0,13
Tellapur,1486.1,3,4,1.0,10,11,19,9652018.0,6494.9,0.579,18
Kompally,1564.1,3,3,1.0,5,1,16,7465770.0,4773.2,0.062,8
LB Nagar,1821.5,3,3,1.0,7,1,5,7450255.0,4090.2,0.2,11
Bowenpally,1594.3,3,4,1.0,2,10,12,7757716.0,4865.9,0.833,3
Ameerpet,849.9,2,2,1.0,7,3,5,5859901.0,6894.8,0.6,0
Financial District,2429.1,4,5,1.0,15,9,19,21432313.0,8823.1,0.474,4
Madhapur,952.1,2,2,1.0,7,9,10,7380239.0,7751.5,0.9,12
Begumpet,1818.6,3,4,1.0,1,21,25,13936813.0,7663.5,0.84,2
Kompally,1525.9,3,4,0.0,2,2,8,6419177.0,4206.8,0.25,8
Begumpet,2201.1,4,4,1.0,10,6,11,16925202.0,7689.4,0.545,2
Bowenpally,1043.3,2,3,1.0,7,0,4,5121209.0,4908.7,0.0,3
Nizampet,1959.4,3,3,1.0,5,8,11,10971481.0,5599.4,0.727,16
Gachibowli,1277.8,2,2,3.0,7,0,2,12146659.0,9505.9,0.0,5
Madhapur,1314.1,2,2,2.0,0,6,10,11066412.0,8421.3,0.6,12
Financial District,1703.6,3,3,1.0,25,5,5,13094975.0,7686.6,1.0,4
Bowenpally,1811.5,3,4,1.0,5,11,14,10092814.0,5571.5,0.786,3
Gachibowli,1044.7,2,2,1.0,1,15,15,8279866.0,7925.6,1.0,5
Madhapur,1636.9,3,3,0.0,2,4,11,12352041.0,7546.0,0.364,12
Manikonda,3586.4,5,5,2.0,10,7,12,20927435.0,5835.2,0.583,13
Madhapur,1229.6,2,3,3.0,1,10,25,10656699.0,8666.8,0.4,12
Nallagandla,1242.2,2,3,0.0,10,8,12,7699389.0,6198.2,0.667,15
Gachibowli,1106.0,2,3,2.0,5,0,5,9179394.0,8299.6,0.0,5
Nizampet,1550.8,3,4,2.0,7,2,2,9149405.0,5899.8,1.0,16
Begumpet,1410.3,3,3,0.0,2,2,8,9232682.0,6546.6,0.25,2
Madhapur,1891.9,4,4,2.0,7,6,21,16571222.0,8759.0,0.286,12
Gachibowli,2586.4,4,4,2.0,1,14,25,22388300.0,8656.2,0.56,5
Tellapur,1254.5,2,3,1.0,7,1,5,7722297.0,6155.7,0.2,18
Kukatpally,1416.8,3,3,1.0,7,7,14,7989979.0,5639.5,0.5,10
Shaikpet,1671.7,3,4,2.0,7,0,11,11902803.0,7120.2,0.0,17
Nallagandla,1175.4,2,3,1.0,1,13,22,8101261.0,6892.3,0.591,15
Hitech City,1500.3,2,2,0.0,2,20,21,14561433.0,9705.7,0.952,6
Nallagandla,1295.1,2,3,1.0,5,10,18,8412890.0,6495.9,0.556,15
Miyapur,2430.2,4,4,0.0,2,5,12,12037381.0,4953.2,0.417,14
Shaikpet,1596.8,3,3,3.0,5,0,2,10196778.0,6385.8,0.0,17
Uppal,1134.2,2,2,0.0,5,2,9,4952707.0,4366.7,0.222,19
Shaikpet,1182.4,2,2,1.0,5,3,20,9042076.0,7647.2,0.15,17
Jubilee Hills,1165.1,2,2,2.0,5,2,2,16490265.0,14153.5,1.0,7
Shaikpet,2637.3,4,4,1.0,5,5,9,15032894.0,5700.1,0.556,17
Begumpet,1678.4,3,4,2.0,25,13,25,11542599.0,6877.1,0.52,2
Kukatpally,2549.8,5,5,1.0,10,18,22,14042494.0,5507.3,0.818,10
Ameerpet,919.6,2,3,2.0,3,1,11,6644776.0,7225.7,0.091,0
Financial District,1799.8,3,3,1.0,3,2,13,15403213.0,8558.3,0.154,4
LB Nagar,3063.7,5,5,3.0,5,17,18,14216519.0,4640.3,0.944,11
Uppal,1822.2,3,3,1.0,7,3,15,8539510.0,4686.4,0.2,19
Nizampet,1838.1,3,3,2.0,5,0,3,9996845.0,5438.7,0.0,16
Gachibowli,1557.1,3,3,1.0,20,2,7,11700759.0,7514.5,0.286,5
Tellapur,1136.4,2,2,2.0,3,15,15,9558623.0,8411.3,1.0,18
Banjara Hills,1102.0,2,3,1.0,3,3,9,15650616.0,14202.0,0.333,1
Bowenpally,1757.1,3,3,3.0,1,0,25,9559936.0,5440.7,0.0,3
Hitech City,1706.1,3,4,3.0,1,9,10,15761293.0,9238.2,0.9,6
Banjara Hills,1174.8,2,2,2.0,3,2,8,16146745.0,13744.3,0.25,1
Financial District,726.9,1,2,2.0,7,14,18,6802527.0,9358.3,0.778,4
Miyapur,1725.3,3,4,2.0,7,7,7,9716931.0,5632.0,1.0,14
Shaikpet,1735.1,3,3,1.0,20,14,15,10935592.0,6302.6,0.933,17
Kondapur,1144.5,2,3,2.0,2,6,11,9127301.0,7974.9,0.545,9
Bowenpally,1828.6,3,3,2.0,5,22,24,8522577.0,4660.7,0.917,3
Miyapur,1684.7,3,4,2.0,5,9,14,10544996.0,6259.3,0.643,14
Miyapur,1248.4,2,3,3.0,3,11,18,7356770.0,5893.0,0.611,14
Ameerpet,1835.8,4,5,1.0,1,7,15,10602576.0,5775.5,0.467,0
Shaikpet,883.2,2,3,1.0,20,2,6,4803982.0,5439.3,0.333,17
Tellapur,2622.1,4,4,1.0,1,0,10,19990366.0,7623.8,0.0,18
Financial District,2442.2,4,4,1.0,5,9,18,25231795.0,10331.6,0.5,4
Financial District,1485.2,3,4,1.0,2,8,16,15143503.0,10196.3,0.5,4
Hitech City,1528.7,3,4,3.0,15,7,10,12431591.0,8132.1,0.7,6
Gachibowli,1458.8,3,3,2.0,0,5,19,12198497.0,8362.0,0.263,5
Gachibowli,1078.6,2,3,1.0,5,2,20,9218798.0,8547.0,0.1,5
Tellapur,1325.4,3,4,2.0,7,2,2,9137455.0,6894.1,1.0,18
Ameerpet,1749.5,3,4,1.0,10,4,8,11018918.0,6298.3,0.5,0
Kukatpally,3599.4,5,5,2.0,2,1,8,21743440.0,6040.9,0.125,10
Hitech City,1489.5,3,3,0.0,2,0,10,13986885.0,9390.3,0.0,6
Tellapur,1239.1,2,3,1.0,10,8,11,9549229.0,7706.6,0.727,18
Banjara Hills,1233.9,2,2,3.0,7,3,19,17427054.0,14123.6,0.158,1
Bowenpally,1603.7,3,3,0.0,15,15,15,8784299.0,5477.5,1.0,3
Begumpet,2985.4,5,6,0.0,0,6,7,23211332.0,7774.9,0.857,2
Begumpet,2268.8,4,5,1.0,15,10,16,14560810.0,6417.8,0.625,2
LB Nagar,2100.3,4,4,2.0,25,20,25,8198265.0,3903.4,0.8,11
Begumpet,980.6,2,2,3.0,3,6,7,8373016.0,8538.7,0.857,2
Banjara Hills,1160.2,2,2,2.0,5,8,9,15803523.0,13621.4,0.889,1
Bowenpally,1128.1,2,2,0.0,10,4,13,5039926.0,4467.6,0.308,3
Financial District,1376.1,2,2,1.0,2,21,23,15218638.0,11059.3,0.913,4
Madhapur,1258.4,2,3,0.0,5,8,25,10501319.0,8345.0,0.32,12
Bowenpally,1105.4,2,2,1.0,3,1,9,5713133.0,5168.4,0.111,3
Jubilee Hills,1601.1,3,3,0.0,3,1,3,21576508.0,13476.1,0.333,7
Kondapur,1276.9,2,2,2.0,20,2,4,8261786.0,6470.2,0.5,9
Madhapur,1942.2,3,3,3.0,20,14,21,16089937.0,8284.4,0.667,12
Kondapur,2076.9,3,4,1.0,0,10,11,17492165.0,8422.2,0.909,9
Shaikpet,599.2,1,2,1.0,25,4,5,3275860.0,5467.1,0.8,17
Tellapur,2144.6,4,4,0.0,7,0,6,13687828.0,6382.5,0.0,18
Financial District,961.0,2,2,1.0,15,4,18,7988769.0,8313.0,0.222,4
Hitech City,1655.7,3,3,1.0,5,1,22,16169566.0,9766.0,0.045,6
Hitech City,2252.4,4,4,1.0,20,2,13,18521700.0,8223.1,0.154,6
Nizampet,1553.1,3,4,1.0,7,11,11,8811662.0,5673.6,1.0,16
Kompally,3324.3,5,5,1.0,15,13,16,15252566.0,4588.2,0.812,8
Kondapur,990.5,2,2,3.0,2,4,6,7497388.0,7569.3,0.667,9
Jubilee Hills,1341.9,3,3,1.0,5,11,11,19714270.0,14691.3,1.0,7
Nallagandla,1778.5,3,4,1.0,1,4,12,10822797.0,6085.4,0.333,15
Begumpet,1890.5,3,4,1.0,15,10,13,13297416.0,7033.8,0.769,2
LB Nagar,1156.7,2,3,0.0,1,4,7,4743427.0,4100.8,0.571,11
Gachibowli,1386.8,2,2,1.0,7,0,3,11904645.0,8584.3,0.0,5
Shaikpet,2606.9,5,5,1.0,5,12,24,18689311.0,7169.2,0.5,17
LB Nagar,1771.3,3,4,0.0,7,4,7,6726582.0,3797.5,0.571,11
Begumpet,1270.1,2,3,2.0,5,7,18,10072775.0,7930.7,0.389,2
Begumpet,1868.9,3,3,2.0,3,0,6,15261542.0,8166.1,0.0,2
Kondapur,564.5,1,1,2.0,3,0,2,3673929.0,6508.3,0.0,9
Bowenpally,1658.3,3,3,1.0,10,2,10,7921095.0,4776.6,0.2,3
Tellapur,1560.1,3,3,1.0,3,6,6,10494446.0,6726.8,1.0,18
Miyapur,1852.4,3,4,2.0,5,22,22,9135385.0,4931.6,1.0,14
Kukatpally,709.2,1,1,2.0,0,12,22,4615365.0,6507.8,0.545,10
Uppal,916.4,2,2,1.0,10,1,4,3824179.0,4173.0,0.25,19
Hitech City,1712.6,3,4,1.0,1,9,13,16249940.0,9488.5,0.692,6
Kondapur,1530.9,3,3,1.0,25,5,5,9150777.0,5977.4,1.0,9
Kondapur,2431.7,4,4,0.0,7,21,22,14688953.0,6040.6,0.955,9
Nallagandla,2007.6,4,4,2.0,10,4,18,12949415.0,6450.2,0.222,15
Hitech City,1109.3,2,3,0.0,7,2,2,10350226.0,9330.4,1.0,6
Shaikpet,1219.4,2,2,1.0,1,6,6,8257862.0,6772.1,1.0,17
Financial District,1345.7,3,3,1.0,5,3,3,12690202.0,9430.2,1.0,4
Financial District,1527.7,3,3,2.0,0,13,25,17461036.0,11429.6,0.52,4
Uppal,1784.9,3,4,1.0,7,2,5,7624141.0,4271.5,0.4,19
Nallagandla,1060.4,2,2,1.0,0,3,6,6396600.0,6032.3,0.5,15
Tellapur,2427.7,4,4,1.0,7,11,24,18661971.0,7687.1,0.458,18
Banjara Hills,1148.3,2,2,1.0,0,4,6,16446950.0,14322.9,0.667,1
Begumpet,1023.7,2,2,2.0,3,7,13,8013259.0,7827.7,0.538,2
LB Nagar,1469.2,3,4,0.0,10,11,25,5906184.0,4020.0,0.44,11
Madhapur,1055.9,2,2,1.0,2,2,2,7936528.0,7516.4,1.0,12
Financial District,1447.5,2,2,2.0,5,4,23,12650893.0,8739.8,0.174,4
LB Nagar,1089.5,2,3,2.0,10,6,17,4952405.0,4545.6,0.353,11
LB Nagar,2180.2,4,5,1.0,20,0,3,7765592.0,3561.9,0.0,11
Nizampet,1220.1,2,2,1.0,5,5,19,6424510.0,5265.6,0.263,16
Kukatpally,1458.6,3,3,2.0,3,1,3,9054918.0,6208.0,0.333,10
Kukatpally,1353.8,3,3,1.0,0,2,15,8823862.0,6517.8,0.133,10
Kondapur,1653.1,3,4,2.0,7,19,21,11694541.0,7074.3,0.905,9
Hitech City,1443.3,3,4,1.0,1,5,8,13016576.0,9018.6,0.625,6
Kompally,1207.7,2,2,1.0,3,6,7,5939407.0,4917.9,0.857,8
Manikonda,1740.6,3,3,2.0,7,17,22,10062098.0,5780.8,0.773,13
Gachibowli,2818.3,5,5,1.0,15,20,24,22418002.0,7954.4,0.833,5
Hitech City,2502.1,4,5,1.0,15,4,11,18959123.0,7577.3,0.364,6
Manikonda,2615.3,4,4,1.0,15,4,9,13346712.0,5103.3,0.444,13
Kukatpally,1462.2,3,3,2.0,3,2,14,7548785.0,5162.6,0.143,10
Gachibowli,2048.7,3,3,0.0,7,2,14,16737729.0,8169.9,0.143,5
Financial District,544.9,1,1,2.0,7,10,20,4831878.0,8867.5,0.5,4
Gachibowli,1492.0,3,3,2.0,10,8,9,11895745.0,7973.0,0.889,5
Nallagandla,1105.5,2,3,2.0,7,17,24,7227263.0,6537.6,0.708,15
Manikonda,2701.8,4,5,2.0,7,9,12,19355419.0,7163.9,0.75,13
Begumpet,1035.6,2,2,1.0,3,19,19,8271056.0,7986.7,1.0,2
LB Nagar,1179.0,2,3,1.0,10,6,24,4797426.0,4069.1,0.25,11
Bowenpally,1443.8,2,2,3.0,10,6,15,7747473.0,5366.0,0.4,3
Miyapur,737.7,1,1,1.0,10,0,3,3576910.0,4848.7,0.0,14
Begumpet,1148.2,2,2,1.0,3,4,6,8850862.0,7708.5,0.667,2
Jubilee Hills,1762.0,3,4,2.0,7,6,6,21997404.0,12484.3,1.0,7
Tellapur,1608.6,3,4,1.0,5,6,15,10367193.0,6444.9,0.4,18
Banjara Hills,1188.4,2,2,2.0,0,13,18,19699456.0,16576.5,0.722,1
Kompally,1803.2,3,4,2.0,5,4,20,9828109.0,5450.4,0.2,8
Hitech City,1317.1,2,2,1.0,7,7,23,12066330.0,9161.3,0.304,6
Kondapur,531.0,1,2,0.0,5,4,5,4034591.0,7598.1,0.8,9
Kompally,1606.5,3,4,0.0,5,18,19,8048430.0,5009.9,0.947,8
Uppal,1870.9,3,4,2.0,5,12,17,8366009.0,4471.6,0.706,19
Hitech City,1028.9,2,2,0.0,10,10,16,9322772.0,9060.9,0.625,6
Nizampet,1141.3,2,2,2.0,25,6,12,5949711.0,5213.1,0.5,16
Nallagandla,3316.7,5,6,1.0,7,12,23,19442445.0,5862.0,0.522,15
Madhapur,1714.0,3,3,1.0,15,3,6,12423947.0,7248.5,0.5,12
Bowenpally,1681.0,3,4,0.0,20,0,4,7588200.0,4514.1,0.0,3
Hitech City,1720.2,3,3,2.0,7,4,5,13896788.0,8078.6,0.8,6
Miyapur,719.1,1,2,1.0,3,5,14,3846207.0,5348.6,0.357,14
Miyapur,1295.3,2,2,1.0,10,6,7,7599524.0,5867.0,0.857,14
Begumpet,669.3,1,1,3.0,0,7,13,5447989.0,8139.8,0.538,2
Kompally,1430.1,3,3,1.0,25,8,13,6259749.0,4377.1,0.615,8
Nallagandla,602.6,1,1,2.0,5,1,25,4325310.0,7177.7,0.04,15
Kukatpally,679.6,1,1,1.0,5,4,22,4525876.0,6659.6,0.182,10
Banjara Hills,1610.2,3,4,1.0,10,7,13,21730594.0,13495.6,0.538,1
Begumpet,1613.8,3,3,2.0,1,4,8,13556963.0,8400.6,0.5,2
LB Nagar,1807.5,3,3,1.0,7,13,21,8161015.0,4515.1,0.619,11
Nallagandla,1722.7,3,3,0.0,3,0,13,12143774.0,7049.3,0.0,15
Manikonda,1709.2,3,4,1.0,10,10,20,9752296.0,5705.8,0.5,13
Miyapur,1832.0,3,3,1.0,10,14,16,9439816.0,5152.7,0.875,14
Ameerpet,1538.4,4,4,1.0,7,2,14,10062859.0,6541.1,0.143,0
Shaikpet,1501.0,2,2,1.0,10,10,17,10140915.0,6756.1,0.588,17
Gachibowli,1504.3,3,4,2.0,5,0,17,12951927.0,8609.9,0.0,5
Nizampet,3641.1,5,5,2.0,3,4,24,21558344.0,5920.8,0.167,16
Financial District,1764.8,3,3,2.0,1,3,10,17520767.0,9927.9,0.3,4
Madhapur,1450.7,3,3,2.0,3,1,22,12947997.0,8925.3,0.045,12
Financial District,1851.8,4,4,0.0,7,3,4,16794647.0,9069.4,0.75,4
Banjara Hills,1372.9,2,3,1.0,3,3,6,18797501.0,13691.8,0.5,1
Kukatpally,2165.0,4,4,0.0,7,0,7,12517821.0,5781.9,0.0,10
LB Nagar,1079.7,2,3,2.0,5,6,7,4889118.0,4528.2,0.857,11
Financial District,1938.7,3,4,1.0,10,14,14,17747751.0,9154.5,1.0,4
Shaikpet,1574.9,3,3,1.0,3,2,4,9907000.0,6290.6,0.5,17
Kompally,1640.2,3,3,3.0,1,13,20,8645839.0,5271.2,0.65,8
Uppal,2532.8,4,5,1.0,5,24,24,12301969.0,4857.1,1.0,19
Uppal,2393.7,4,4,0.0,2,0,2,10120198.0,4227.8,0.0,19
Kompally,1441.4,3,4,0.0,20,1,9,5657275.0,3924.8,0.111,8
Nallagandla,1227.2,2,3,1.0,3,1,12,9285730.0,7566.6,0.083,15
Gachibowli,1141.3,2,3,1.0,0,0,4,8885623.0,7785.5,0.0,5
Nallagandla,1101.8,2,3,1.0,10,3,20,6646104.0,6032.0,0.15,15
Kondapur,1250.4,2,3,1.0,2,8,24,8825872.0,7058.4,0.333,9
Jubilee Hills,1275.1,2,2,0.0,7,2,9,17190909.0,13482.0,0.222,7
Manikonda,3115.4,5,5,1.0,2,16,25,17132897.0,5499.4,0.64,13
Nizampet,1709.0,3,3,1.0,3,10,11,9653532.0,5648.6,0.909,16
Nallagandla,1179.4,2,2,1.0,5,6,10,7076778.0,6000.3,0.6,15
Nizampet,1637.3,3,4,1.0,3,11,20,8598435.0,5251.6,0.55,16
Tellapur,2513.1,4,4,2.0,20,0,6,16370222.0,6514.0,0.0,18
Kompally,775.8,1,1,1.0,3,4,19,4135269.0,5330.3,0.211,8
Uppal,1832.1,3,3,1.0,10,2,3,7760102.0,4235.6,0.667,19
Nallagandla,1696.0,3,3,1.0,1,2,8,11809749.0,6963.3,0.25,15
LB Nagar,1691.6,3,4,3.0,15,2,10,7553423.0,4465.3,0.2,11
Kukatpally,1541.4,3,3,1.0,3,23,24,9751308.0,6326.3,0.958,10
Madhapur,2121.6,4,5,1.0,2,1,13,19821634.0,9342.8,0.077,12
Financial District,1946.2,3,3,2.0,0,3,23,19806980.0,10177.3,0.13,4
Jubilee Hills,1399.2,3,4,0.0,10,9,16,19547983.0,13970.8,0.562,7
Shaikpet,1538.7,3,3,1.0,7,1,6,10023767.0,6514.4,0.167,17
Ameerpet,1146.4,2,3,1.0,5,23,25,7646948.0,6670.4,0.92,0
Begumpet,1659.1,3,3,1.0,5,3,7,12081766.0,7282.1,0.429,2
Shaikpet,2270.4,4,4,1.0,5,0,6,15743009.0,6934.0,0.0,17
Bowenpally,1547.8,3,4,1.0,15,2,14,6976240.0,4507.2,0.143,3
Bowenpally,1429.3,3,4,1.0,1,2,25,7991295.0,5591.1,0.08,3
Nizampet,1149.0,3,4,2.0,7,25,25,6212274.0,5406.7,1.0,16
Uppal,1085.8,2,2,1.0,2,1,22,4857002.0,4473.2,0.045,19
Kukatpally,1074.7,2,3,1.0,0,19,25,6888264.0,6409.5,0.76,10
Nallagandla,2404.1,4,4,2.0,5,5,5,15419850.0,6414.0,1.0,15
Kukatpally,1067.8,2,2,1.0,5,20,20,7254004.0,6793.4,1.0,10
Kompally,2067.9,3,3,2.0,5,7,10,9387192.0,4539.5,0.7,8
LB Nagar,542.0,1,1,1.0,2,4,6,2484624.0,4584.2,0.667,11
Begumpet,2037.5,3,4,2.0,1,15,22,16137631.0,7920.3,0.682,2
Miyapur,2053.2,4,5,0.0,25,9,9,8687398.0,4231.2,1.0,14
Bowenpally,1316.9,2,2,0.0,20,0,10,5172487.0,3927.8,0.0,3
Hitech City,1605.9,3,4,1.0,7,2,7,13132904.0,8177.9,0.286,6
Financial District,1867.2,3,4,0.0,1,7,7,20111393.0,10770.9,1.0,4
Banjara Hills,763.5,1,2,0.0,0,7,14,11122046.0,14567.2,0.5,1
Begumpet,1111.5,2,2,1.0,2,6,23,9064429.0,8155.1,0.261,2
Kondapur,1160.9,2,3,1.0,7,16,23,8440029.0,7270.2,0.696,9
Manikonda,1521.5,3,4,1.0,7,20,21,9778491.0,6426.9,0.952,13
Begumpet,1421.2,3,4,1.0,5,1,15,10579966.0,7444.4,0.067,2
Shaikpet,2033.9,4,4,1.0,1,5,19,15293562.0,7519.3,0.263,17
Bowenpally,714.4,1,1,1.0,3,8,20,3539481.0,4954.5,0.4,3
Banjara Hills,1186.2,2,2,2.0,3,2,13,17077389.0,14396.7,0.154,1
Gachibowli,1160.8,2,3,2.0,7,10,16,9662617.0,8324.1,0.625,5
Nizampet,1059.2,2,3,3.0,2,18,21,5960885.0,5627.7,0.857,16
Uppal,1622.4,3,4,1.0,3,15,16,7472490.0,4605.8,0.938,19
Shaikpet,1593.3,3,3,1.0,7,8,10,10775181.0,6762.8,0.8,17
Madhapur,1595.9,3,4,1.0,2,7,25,13766058.0,8625.9,0.28,12
Kondapur,1169.1,2,2,1.0,0,2,12,8423790.0,7205.4,0.167,9
Nizampet,653.2,1,1,2.0,0,5,6,3315623.0,5076.0,0.833,16
Banjara Hills,632.2,1,1,1.0,5,19,23,8421233.0,13320.5,0.826,1
Kukatpally,2269.9,4,5,1.0,2,7,18,13578172.0,5981.8,0.389,10
Miyapur,1117.2,2,2,0.0,2,2,2,6127637.0,5484.8,1.0,14
Kondapur,1286.4,2,3,2.0,0,7,12,9029416.0,7019.1,0.583,9
Jubilee Hills,1465.0,3,3,2.0,7,1,3,19691228.0,13441.1,0.333,7
Nizampet,1512.4,3,4,3.0,10,17,21,8137806.0,5380.7,0.81,16
Kukatpally,3121.0,5,5,1.0,1,10,11,18978572.0,6080.9,0.909,10
Nizampet,1153.0,2,3,1.0,7,0,2,6069879.0,5264.4,0.0,16
Begumpet,2227.4,4,5,2.0,0,17,18,16003945.0,7185.0,0.944,2
Gachibowli,1315.6,3,4,1.0,20,4,15,9290832.0,7062.0,0.267,5
Madhapur,1125.1,2,2,1.0,0,4,7,10264156.0,9122.9,0.571,12
Tellapur,1090.8,2,3,1.0,20,11,17,6908471.0,6333.4,0.647,18
Kukatpally,1487.2,3,4,1.0,20,2,3,8392131.0,5642.9,0.667,10
Tellapur,1399.0,2,2,1.0,7,17,21,9430180.0,6740.7,0.81,18
Miyapur,552.5,1,1,2.0,10,4,23,3032514.0,5488.7,0.174,14
Financial District,2298.0,4,4,1.0,7,20,21,23065017.0,10037.0,0.952,4
Financial District,517.0,1,2,3.0,3,17,22,5137753.0,9937.6,0.773,4
Hitech City,2434.5,4,4,3.0,1,12,25,24442542.0,10040.1,0.48,6
Nallagandla,2608.5,5,5,1.0,10,12,20,18680431.0,7161.4,0.6,15
Kondapur,2689.5,4,4,1.0,1,8,9,18943958.0,7043.7,0.889,9
Ameerpet,1099.5,2,2,0.0,20,0,6,5999128.0,5456.2,0.0,0
Financial District,1274.1,2,2,2.0,5,12,18,13096103.0,10278.7,0.667,4
Gachibowli,1380.4,2,2,0.0,3,7,11,13914577.0,10080.1,0.636,5
Kondapur,1146.1,2,3,0.0,1,5,13,8328394.0,7266.7,0.385,9
Uppal,1781.9,3,3,1.0,2,13,17,8647434.0,4852.9,0.765,19
Ameerpet,2135.1,4,4,2.0,0,9,11,15981877.0,7485.3,0.818,0
Gachibowli,1425.4,2,2,3.0,15,6,9,13567304.0,9518.2,0.667,5
Madhapur,2600.1,4,5,1.0,10,5,10,21409650.0,8234.2,0.5,12
Madhapur,1796.0,3,3,1.0,2,3,16,16062570.0,8943.5,0.188,12
Hitech City,1141.7,2,2,2.0,10,0,2,10046679.0,8799.8,0.0,6
Tellapur,791.9,1,2,1.0,10,2,4,5092917.0,6431.3,0.5,18
Miyapur,1175.8,2,3,1.0,2,18,23,6939883.0,5902.3,0.783,14
Gachibowli,683.2,1,2,3.0,7,15,21,5956894.0,8719.1,0.714,5
Tellapur,511.5,1,1,1.0,7,0,2,3427695.0,6701.3,0.0,18
Kompally,1505.7,3,3,1.0,7,1,3,6568367.0,4362.3,0.333,8
Begumpet,1072.9,2,3,2.0,7,17,21,8482997.0,7906.6,0.81,2
Manikonda,2292.5,4,5,1.0,5,4,10,13726250.0,5987.5,0.4,13
Shaikpet,1284.5,3,3,1.0,1,1,4,8343086.0,6495.2,0.25,17
Manikonda,1706.6,3,3,2.0,0,5,10,10084365.0,5909.0,0.5,13
LB Nagar,1946.7,3,3,0.0,25,9,16,7527380.0,3866.7,0.562,11
Nallagandla,1338.2,3,3,1.0,15,2,2,8272679.0,6181.9,1.0,15
Manikonda,1364.0,3,3,1.0,3,0,8,9216352.0,6756.9,0.0,13
Nallagandla,1628.3,3,4,1.0,7,5,17,10786032.0,6624.1,0.294,15
Bowenpally,1484.8,3,4,0.0,10,14,16,8170123.0,5502.5,0.875,3
Hitech City,1996.4,3,4,1.0,7,6,9,19069612.0,9552.0,0.667,6
Bowenpally,2279.5,4,4,0.0,20,12,12,10375554.0,4551.7,1.0,3
Shaikpet,1969.8,3,3,3.0,15,6,7,13370996.0,6788.0,0.857,17
Uppal,1831.5,3,3,1.0,2,7,15,8051748.0,4396.3,0.467,19
Uppal,1377.5,3,4,1.0,15,1,2,5459328.0,3963.2,0.5,19
Gachibowli,1604.3,3,4,1.0,7,3,9,14539025.0,9062.5,0.333,5
Shaikpet,1541.2,3,3,0.0,2,5,8,11093682.0,7198.1,0.625,17
Hitech City,1285.1,2,2,1.0,20,15,22,9541237.0,7424.5,0.682,6
Gachibowli,2523.3,4,4,2.0,0,11,13,24100581.0,9551.2,0.846,5
Manikonda,1382.5,3,4,2.0,2,4,24,8041555.0,5816.7,0.167,13
Hitech City,1370.8,3,3,1.0,20,2,7,9943921.0,7254.1,0.286,6
Nizampet,1722.8,3,4,2.0,15,0,4,8175317.0,4745.4,0.0,16
Nallagandla,1013.7,2,3,1.0,1,7,18,7113644.0,7017.5,0.389,15
Banjara Hills,1516.1,3,3,1.0,3,2,11,22689229.0,14965.5,0.182,1
Kompally,1304.4,2,2,1.0,2,6,8,7350165.0,5634.9,0.75,8
Begumpet,1048.3,2,3,1.0,5,0,16,7359234.0,7020.2,0.0,2
Banjara Hills,660.4,1,1,3.0,3,25,25,10206240.0,15454.6,1.0,1
Bowenpally,1268.5,2,2,1.0,3,16,18,6769742.0,5336.8,0.889,3
Kukatpally,854.4,1,2,2.0,2,8,23,4940318.0,5782.2,0.348,10
Jubilee Hills,1597.2,3,3,1.0,5,18,20,24345069.0,15242.3,0.9,7
Banjara Hills,1105.0,2,2,1.0,0,1,17,15746249.0,14250.0,0.059,1
Tellapur,2534.2,4,5,0.0,7,1,14,13905190.0,5487.0,0.071,18
Banjara Hills,1501.3,3,4,1.0,7,2,5,20207446.0,13460.0,0.4,1
LB Nagar,695.4,1,1,2.0,15,1,10,2671591.0,3841.8,0.1,11
Begumpet,520.5,1,1,1.0,3,16,21,4558946.0,8758.8,0.762,2
Financial District,1927.9,3,3,1.0,15,15,18,18015796.0,9344.8,0.833,4
Financial District,1754.9,3,3,2.0,2,10,14,18129755.0,10330.9,0.714,4
Ameerpet,999.6,2,2,1.0,20,10,13,5308642.0,5310.8,0.769,0
Begumpet,1444.0,3,3,1.0,20,5,18,9545689.0,6610.6,0.278,2
Begumpet,1489.0,3,3,2.0,5,12,15,12167237.0,8171.4,0.8,2
Hitech City,2256.8,4,5,2.0,10,11,21,21886603.0,9698.1,0.524,6
Jubilee Hills,1719.2,3,3,2.0,2,13,25,23200303.0,13494.8,0.52,7
Tellapur,2025.6,3,3,2.0,10,7,7,12391354.0,6117.4,1.0,18
LB Nagar,2976.1,4,4,1.0,25,10,12,10012335.0,3364.2,0.833,11
Uppal,1007.6,2,2,1.0,0,4,4,4960989.0,4923.6,1.0,19
Manikonda,1176.7,2,3,2.0,1,15,21,7520339.0,6391.0,0.714,13
Uppal,1889.6,4,5,1.0,5,11,22,7775637.0,4115.0,0.5,19
Shaikpet,1773.9,3,3,0.0,3,17,19,13367097.0,7535.4,0.895,17
Kukatpally,1420.8,2,3,1.0,2,0,20,8601820.0,6054.2,0.0,10
Kondapur,1761.5,3,3,2.0,15,1,15,10830551.0,6148.5,0.067,9
LB Nagar,1255.3,3,4,2.0,7,12,14,4773711.0,3802.8,0.857,11
Banjara Hills,1726.5,3,3,1.0,3,19,23,24771764.0,14348.0,0.826,1
Tellapur,662.8,1,2,1.0,7,6,12,4459147.0,6727.7,0.5,18
Ameerpet,2254.1,4,5,1.0,10,2,4,13591712.0,6029.8,0.5,0
LB Nagar,1269.6,2,3,3.0,10,3,15,5968135.0,4700.8,0.2,11
Kondapur,1974.1,3,4,1.0,5,1,3,13003232.0,6586.9,0.333,9
Kondapur,1125.6,2,2,1.0,1,3,6,7275532.0,6463.7,0.5,9
Nizampet,696.4,1,1,1.0,15,22,25,3335427.0,4789.5,0.88,16
Financial District,659.1,1,1,3.0,3,9,24,6483508.0,9836.9,0.375,4
Kondapur,1653.3,3,3,2.0,5,2,7,11480207.0,6943.8,0.286,9
Kondapur,1108.0,2,3,1.0,5,0,9,7984130.0,7205.9,0.0,9
Bowenpally,1412.8,2,2,1.0,2,7,8,8172409.0,5784.5,0.875,3
Nizampet,1692.9,3,3,1.0,1,5,14,8519007.0,5032.2,0.357,16
Financial District,2641.8,4,4,1.0,25,4,10,19127463.0,7240.3,0.4,4
LB Nagar,1190.9,2,3,2.0,1,0,2,5423304.0,4554.0,0.0,11
Begumpet,1012.0,2,3,3.0,7,12,16,7469382.0,7380.8,0.75,2
Kondapur,707.9,1,2,2.0,5,1,8,5445992.0,7693.2,0.125,9
Kompally,2134.6,4,4,1.0,20,11,11,8896203.0,4167.6,1.0,8
LB Nagar,1042.7,2,2,1.0,10,7,9,4390077.0,4210.3,0.778,11
Miyapur,1087.9,2,3,1.0,10,20,22,6474714.0,5951.6,0.909,14
Tellapur,2123.4,4,4,2.0,5,0,10,14111026.0,6645.5,0.0,18
Financial District,1012.5,2,2,0.0,7,5,18,8434860.0,8330.7,0.278,4
Uppal,1270.5,2,2,1.0,3,10,18,5241366.0,4125.4,0.556,19
Jubilee Hills,1152.6,2,3,3.0,3,3,7,17493550.0,15177.5,0.429,7
Nallagandla,1009.6,2,2,1.0,20,1,4,5964042.0,5907.3,0.25,15
Manikonda,1937.4,4,4,1.0,1,16,17,13541470.0,6989.5,0.941,13
Begumpet,1571.8,3,4,2.0,3,6,13,12796082.0,8141.0,0.462,2
Hitech City,997.6,2,2,1.0,3,16,21,9902442.0,9926.3,0.762,6
LB Nagar,1181.6,2,2,1.0,2,14,21,5910500.0,5002.1,0.667,11
Kompally,1292.5,3,3,0.0,1,3,24,7080007.0,5477.8,0.125,8
Shaikpet,1159.2,2,3,1.0,5,16,21,8852188.0,7636.5,0.762,17
Tellapur,2266.1,4,4,1.0,1,5,14,15951783.0,7039.3,0.357,18
Gachibowli,768.3,1,1,2.0,5,6,13,6915743.0,9001.4,0.462,5
Nizampet,1716.2,3,4,3.0,2,14,22,9700537.0,5652.3,0.636,16
Banjara Hills,660.1,1,1,1.0,7,0,2,8667791.0,13131.0,0.0,1
Manikonda,1209.3,2,2,1.0,3,16,16,8111843.0,6707.9,1.0,13
Bowenpally,1706.0,3,3,2.0,5,14,15,9074523.0,5319.2,0.933,3
Tellapur,2186.4,4,4,1.0,20,4,7,13700220.0,6266.1,0.571,18
Bowenpally,1238.4,2,2,1.0,7,17,19,6569153.0,5304.5,0.895,3
Hitech City,1582.2,3,3,1.0,7,11,12,14565960.0,9206.1,0.917,6
Financial District,705.7,1,1,2.0,10,6,18,5550380.0,7865.1,0.333,4
Kukatpally,3812.9,5,5,1.0,2,14,16,23447965.0,6149.6,0.875,10
Hitech City,1563.2,3,3,2.0,0,7,9,13945197.0,8920.9,0.778,6
Begumpet,1694.6,3,4,1.0,10,17,19,13242784.0,7814.7,0.895,2
Gachibowli,1978.1,4,5,2.0,0,25,25,15795004.0,7984.9,1.0,5
Kompally,1150.4,2,2,1.0,5,4,10,6224091.0,5410.4,0.4,8
Manikonda,1605.3,3,3,0.0,25,3,5,7914672.0,4930.3,0.6,13
Bowenpally,1909.0,3,4,3.0,3,10,17,9713044.0,5088.0,0.588,3
Nizampet,3228.2,5,6,2.0,1,8,10,17240823.0,5340.7,0.8,16
Manikonda,1508.4,3,3,1.0,1,7,14,9000743.0,5967.1,0.5,13
Ameerpet,1779.5,3,4,1.0,10,2,15,11304872.0,6352.8,0.133,0
LB Nagar,1144.6,2,3,3.0,2,1,18,5106133.0,4461.1,0.056,11
Miyapur,637.7,1,2,2.0,20,10,13,3200343.0,5018.6,0.769,14
Begumpet,1016.0,2,2,0.0,0,7,16,8593507.0,8458.2,0.438,2
Kondapur,956.7,2,2,1.0,1,3,18,7034428.0,7352.8,0.167,9
Tellapur,2269.5,4,4,2.0,0,13,17,15581143.0,6865.5,0.765,18
Manikonda,1721.9,3,4,1.0,7,18,21,11257850.0,6538.0,0.857,13
Nizampet,1770.5,3,3,1.0,2,1,5,9840479.0,5558.0,0.2,16
Ameerpet,1193.3,2,2,2.0,2,3,23,8329846.0,6980.5,0.13,0
LB Nagar,2023.4,4,4,1.0,7,8,21,8077961.0,3992.3,0.381,11
Hitech City,1167.7,2,2,0.0,0,1,13,10281919.0,8805.3,0.077,6
Nizampet,3542.9,5,6,1.0,5,2,3,20846352.0,5884.0,0.667,16
LB Nagar,1954.9,3,3,1.0,0,7,12,9514255.0,4866.9,0.583,11
Jubilee Hills,1180.0,2,2,1.0,5,11,12,16550050.0,14025.5,0.917,7
Shaikpet,1560.3,3,4,1.0,7,1,17,11110277.0,7120.6,0.059,17
LB Nagar,1048.5,2,3,1.0,7,5,10,4583587.0,4371.6,0.5,11
Manikonda,989.3,2,2,2.0,1,1,17,6557111.0,6628.0,0.059,13
Banjara Hills,1314.9,2,3,1.0,10,3,20,18105068.0,13769.2,0.15,1
Shaikpet,1201.9,2,2,2.0,25,13,23,7219380.0,6006.6,0.565,17
Ameerpet,2588.6,5,6,1.0,5,12,24,17542776.0,6776.9,0.5,0
Ameerpet,1313.8,2,2,0.0,10,16,17,8853442.0,6738.8,0.941,0
Nizampet,2277.0,4,4,2.0,7,14,15,9626044.0,4227.5,0.933,16
Kukatpally,578.5,1,1,0.0,5,3,9,3648512.0,6306.8,0.333,10
Financial District,2667.7,4,4,2.0,25,6,9,21213860.0,7952.1,0.667,4
Jubilee Hills,1145.7,2,2,2.0,25,2,15,14063105.0,12274.7,0.133,7
Jubilee Hills,875.7,2,2,2.0,5,0,17,12329822.0,14080.0,0.0,7
Financial District,1493.7,3,3,1.0,10,18,20,14304668.0,9576.7,0.9,4
Madhapur,1243.8,2,3,1.0,5,5,14,11039369.0,8875.5,0.357,12
Kukatpally,1142.6,2,2,1.0,0,15,20,6771331.0,5926.2,0.75,10
Kondapur,2911.7,5,5,1.0,20,2,3,17818294.0,6119.6,0.667,9
Uppal,1484.1,3,4,2.0,10,21,21,6263509.0,4220.4,1.0,19
Begumpet,1078.4,2,2,2.0,5,2,12,9300579.0,8624.4,0.167,2
Gachibowli,620.8,1,2,2.0,2,3,23,5384736.0,8673.9,0.13,5
Kukatpally,1971.5,4,4,1.0,10,10,19,12262081.0,6219.7,0.526,10
Begumpet,1130.5,2,2,1.0,0,2,18,9476188.0,8382.3,0.111,2
Ameerpet,1192.5,2,2,1.0,7,19,23,7539238.0,6322.2,0.826,0
Madhapur,1963.2,3,3,1.0,1,1,8,15546681.0,7919.1,0.125,12
Madhapur,2068.5,4,5,0.0,7,3,23,15724387.0,7601.8,0.13,12
Jubilee Hills,590.0,1,1,1.0,2,10,21,8627658.0,14623.1,0.476,7
Kompally,1296.6,2,2,1.0,5,9,15,6620977.0,5106.4,0.6,8
Ameerpet,2099.7,3,4,2.0,2,0,8,13158002.0,6266.6,0.0,0
Nizampet,1325.1,2,2,1.0,25,0,11,5876243.0,4434.6,0.0,16
Manikonda,2137.2,4,4,1.0,7,11,22,13849879.0,6480.4,0.5,13
Shaikpet,1603.6,3,3,1.0,0,3,12,12043587.0,7510.3,0.25,17
Shaikpet,1044.4,2,2,3.0,5,24,24,7666552.0,7340.6,1.0,17
Ameerpet,2217.8,4,4,1.0,0,4,23,13149425.0,5929.0,0.174,0
Gachibowli,1344.2,3,4,0.0,3,2,16,11452651.0,8520.0,0.125,5
Uppal,1759.9,3,3,2.0,20,1,4,6157117.0,3498.6,0.25,19
LB Nagar,1859.0,3,4,1.0,2,6,22,9773628.0,5257.5,0.273,11
Begumpet,1125.5,3,3,1.0,3,17,18,9671855.0,8593.4,0.944,2
Miyapur,3447.7,5,6,1.0,0,6,7,20453265.0,5932.4,0.857,14
Gachibowli,2207.9,4,4,0.0,0,14,20,18169505.0,8229.3,0.7,5
Nallagandla,1165.2,2,3,1.0,3,4,14,7981856.0,6850.2,0.286,15
LB Nagar,1235.7,2,2,1.0,20,12,16,5078720.0,4110.0,0.75,11
Shaikpet,1846.1,3,3,2.0,25,11,14,11317547.0,6130.5,0.786,17
Nallagandla,1784.0,3,3,1.0,10,2,2,11923085.0,6683.3,1.0,15
LB Nagar,2344.1,4,4,1.0,5,13,14,10102893.0,4309.9,0.929,11
Ameerpet,1307.5,3,3,1.0,3,10,20,9512633.0,7275.4,0.5,0
Kukatpally,1307.7,2,2,1.0,5,12,24,6919630.0,5291.5,0.5,10
Miyapur,1316.2,2,2,1.0,7,8,14,6860853.0,5212.6,0.571,14
Tellapur,1429.9,3,3,1.0,5,1,10,9450690.0,6609.3,0.1,18
Shaikpet,1122.1,2,2,1.0,1,4,4,7970668.0,7103.3,1.0,17
Financial District,580.6,1,1,1.0,2,10,18,5561818.0,9579.4,0.556,4
Uppal,1221.4,2,2,1.0,5,5,22,5212989.0,4268.0,0.227,19
Nallagandla,944.5,2,2,1.0,10,3,16,5835509.0,6178.4,0.188,15
Tellapur,1628.7,3,3,2.0,7,3,14,11670417.0,7165.5,0.214,18
Manikonda,1571.3,3,4,1.0,0,10,22,10032617.0,6384.9,0.455,13
Financial District,1799.5,4,5,0.0,5,23,23,16268526.0,9040.6,1.0,4
Kondapur,3414.9,5,5,2.0,10,19,19,25021237.0,7327.1,1.0,9
Miyapur,800.2,1,2,1.0,1,5,12,4251332.0,5312.8,0.417,14
LB Nagar,1550.7,3,3,1.0,10,8,25,5716300.0,3686.3,0.32,11
Hitech City,2608.8,4,4,2.0,7,16,20,22679614.0,8693.5,0.8,6
Ameerpet,1592.2,3,3,2.0,15,12,14,9255631.0,5813.1,0.857,0
Kondapur,2144.1,4,5,3.0,7,16,24,16469957.0,7681.5,0.667,9
Kompally,1442.8,3,3,2.0,15,2,15,6604607.0,4577.6,0.133,8
Ameerpet,1316.0,2,3,3.0,2,8,8,9078035.0,6898.2,1.0,0
Nizampet,1817.4,3,3,2.0,1,6,9,10635007.0,5851.8,0.667,16
Jubilee Hills,1580.6,3,3,2.0,5,3,19,24557500.0,15536.8,0.158,7
Gachibowli,1479.7,3,4,2.0,7,3,4,14335508.0,9688.1,0.75,5
Kompally,1456.3,3,4,2.0,1,13,19,8593133.0,5900.7,0.684,8
Shaikpet,655.7,1,2,1.0,2,12,16,4831609.0,7368.6,0.75,17
Nallagandla,1158.3,2,3,2.0,2,1,3,7894563.0,6815.6,0.333,15
Begumpet,1188.8,2,2,2.0,5,5,7,7499922.0,6308.8,0.714,2
Tellapur,788.5,2,3,1.0,5,21,22,5033686.0,6383.9,0.955,18
Financial District,2419.1,4,4,1.0,0,4,5,24759926.0,10235.2,0.8,4
Kondapur,1259.5,2,2,0.0,1,1,6,8918697.0,7081.1,0.167,9
Banjara Hills,594.3,1,1,0.0,10,2,2,7933295.0,13349.0,1.0,1
Jubilee Hills,1439.2,3,3,2.0,7,8,11,19998301.0,13895.4,0.727,7
Hitech City,2228.8,4,5,1.0,7,17,25,19669168.0,8825.0,0.68,6
Nizampet,1840.2,3,4,2.0,7,1,3,9959323.0,5412.1,0.333,16
LB Nagar,2370.5,4,5,1.0,20,18,25,8056518.0,3398.7,0.72,11
Madhapur,1003.2,2,2,0.0,1,2,24,7747769.0,7723.1,0.083,12
Kukatpally,1727.1,4,4,3.0,0,16,24,11194465.0,6481.7,0.667,10
Madhapur,1214.1,2,2,1.0,1,1,13,9682146.0,7974.8,0.077,12
Financial District,1988.5,3,3,1.0,5,0,17,18190169.0,9147.7,0.0,4
Hitech City,2254.6,4,4,1.0,3,5,5,20400303.0,9048.3,1.0,6
Kompally,1975.1,3,3,1.0,15,8,23,9480023.0,4799.8,0.348,8
LB Nagar,1601.8,3,4,1.0,1,12,24,6737863.0,4206.4,0.5,11
Kondapur,1260.0,2,2,2.0,5,2,2,9253318.0,7343.9,1.0,9
Madhapur,1057.5,2,3,1.0,1,8,10,9541982.0,9023.2,0.8,12
Kondapur,2626.2,4,4,1.0,2,6,7,19520951.0,7433.2,0.857,9
Manikonda,1320.8,2,2,1.0,1,9,16,8750142.0,6624.9,0.562,13
Uppal,1968.5,3,3,2.0,1,10,15,9958973.0,5059.2,0.667,19
Shaikpet,1715.9,3,3,1.0,3,2,2,9803825.0,5713.5,1.0,17
Manikonda,1511.0,3,3,1.0,1,0,2,9276206.0,6139.1,0.0,13
Gachibowli,1903.5,4,5,1.0,1,15,19,16533856.0,8686.0,0.789,5
Tellapur,1583.4,3,3,0.0,15,3,11,8582705.0,5420.4,0.273,18
Gachibowli,1691.3,3,3,0.0,5,23,25,14399975.0,8514.1,0.92,5
Begumpet,1877.0,4,5,2.0,3,11,15,14717029.0,7840.7,0.733,2
Bowenpally,1215.2,3,4,1.0,10,2,18,5931210.0,4880.9,0.111,3
Kukatpally,2426.1,4,4,1.0,0,0,23,16132967.0,6649.8,0.0,10
Bowenpally,637.6,1,1,1.0,7,15,21,3169920.0,4971.6,0.714,3
Kondapur,1369.8,3,3,2.0,5,3,4,9901115.0,7228.1,0.75,9
Hitech City,1632.7,3,3,2.0,5,13,14,15927874.0,9755.5,0.929,6
Banjara Hills,1105.3,3,3,0.0,3,6,14,15950592.0,14431.0,0.429,1
Bowenpally,1974.5,4,5,1.0,10,3,3,9800309.0,4963.4,1.0,3
Hitech City,1205.5,2,2,1.0,1,11,19,11164760.0,9261.5,0.579,6
LB Nagar,1845.8,4,4,2.0,3,10,22,9060342.0,4908.6,0.455,11
Gachibowli,1584.9,3,3,1.0,7,0,6,13232389.0,8349.0,0.0,5
Begumpet,1171.4,2,3,2.0,7,7,11,7807206.0,6664.9,0.636,2
Financial District,1273.9,2,2,0.0,5,9,11,11271157.0,8847.8,0.818,4
Bowenpally,1192.9,2,2,1.0,1,4,11,5537997.0,4642.5,0.364,3
Hitech City,1484.8,3,3,1.0,0,8,13,14638926.0,9859.2,0.615,6
Banjara Hills,1698.1,3,3,2.0,1,11,11,21995317.0,12952.9,1.0,1
Kompally,2508.0,4,4,0.0,15,6,24,11684468.0,4658.9,0.25,8
Nallagandla,863.3,2,3,0.0,5,5,19,5402617.0,6258.1,0.263,15
Uppal,1152.5,2,3,1.0,5,19,19,5589185.0,4849.6,1.0,19
Miyapur,1153.1,2,3,0.0,5,6,12,5710672.0,4952.5,0.5,14
Banjara Hills,887.1,2,3,1.0,20,1,3,9781459.0,11026.3,0.333,1
Begumpet,1141.6,2,2,1.0,2,7,25,8358800.0,7322.0,0.28,2
Miyapur,1175.7,2,2,1.0,5,2,11,6842257.0,5819.7,0.182,14
Shaikpet,1971.0,3,3,1.0,20,7,22,11722825.0,5947.7,0.318,17
Shaikpet,2555.8,4,4,1.0,15,1,13,18266035.0,7146.9,0.077,17
Kukatpally,1874.0,3,4,0.0,3,11,25,11458292.0,6114.4,0.44,10
Ameerpet,710.4,1,1,1.0,1,12,21,4866543.0,6850.4,0.571,0
Nallagandla,1013.1,2,3,2.0,7,15,16,6528351.0,6443.9,0.938,15
Hitech City,1345.6,3,4,0.0,2,12,17,12417912.0,9228.5,0.706,6
Nizampet,1571.4,3,4,1.0,25,4,9,7054540.0,4489.3,0.444,16
Manikonda,752.3,1,2,0.0,5,19,23,4671911.0,6210.2,0.826,13
Financial District,1173.1,2,2,3.0,2,2,2,11793947.0,10053.7,1.0,4
Nallagandla,1778.6,3,3,1.0,2,5,13,12483636.0,7018.8,0.385,15
Hitech City,2263.4,4,4,1.0,7,4,10,19009360.0,8398.6,0.4,6
Shaikpet,2058.0,3,3,1.0,5,1,14,14451939.0,7022.3,0.071,17
Begumpet,1028.2,2,3,1.0,20,2,25,6007659.0,5842.9,0.08,2
Kompally,2384.9,4,5,1.0,7,3,10,10654971.0,4467.7,0.3,8
Kondapur,1155.3,2,3,1.0,5,23,24,9530067.0,8249.0,0.958,9
Bowenpally,1914.9,3,4,1.0,5,13,13,10655852.0,5564.7,1.0,3
Hitech City,1806.6,3,4,1.0,1,3,22,17150556.0,9493.3,0.136,6
Miyapur,1180.8,2,2,3.0,5,16,16,7516329.0,6365.5,1.0,14
Shaikpet,2629.6,4,4,1.0,7,12,20,19984428.0,7599.8,0.6,17
Miyapur,1083.2,2,3,1.0,25,8,11,4754189.0,4389.0,0.727,14
Nizampet,522.8,1,1,1.0,5,0,2,2676383.0,5119.3,0.0,16
Kondapur,1627.5,3,3,0.0,1,7,21,11916238.0,7321.8,0.333,9
Madhapur,1752.0,3,3,1.0,5,0,12,12289297.0,7014.4,0.0,12
Hitech City,1826.9,3,4,1.0,7,13,17,16343866.0,8946.2,0.765,6
LB Nagar,1698.2,3,3,1.0,3,0,2,6682032.0,3934.8,0.0,11
Financial District,2011.2,4,5,1.0,0,19,21,17543390.0,8722.8,0.905,4
Miyapur,1128.0,2,2,2.0,0,2,3,6582279.0,5835.4,0.667,14
Uppal,2037.0,3,4,2.0,0,2,3,10366483.0,5089.1,0.667,19
Hitech City,1732.9,3,4,1.0,15,3,9,13747498.0,7933.2,0.333,6
Madhapur,1139.5,2,2,1.0,0,11,20,9695509.0,8508.6,0.55,12
Shaikpet,1065.7,2,2,1.0,3,2,16,7598321.0,7129.9,0.125,17
Uppal,1025.7,2,3,1.0,1,5,8,4888622.0,4766.1,0.625,19
Shaikpet,2362.1,4,5,2.0,2,5,9,16150229.0,6837.2,0.556,17
Banjara Hills,1137.3,2,2,2.0,2,2,20,15226028.0,13387.9,0.1,1
Shaikpet,1254.8,2,3,1.0,2,5,12,8769464.0,6988.7,0.417,17
Ameerpet,1338.5,3,3,1.0,2,9,19,7920862.0,5917.7,0.474,0
Madhapur,1951.4,3,3,1.0,10,8,8,15022557.0,7698.3,1.0,12
Uppal,1701.9,3,3,1.0,10,3,3,6846289.0,4022.7,1.0,19
Begumpet,639.2,1,1,1.0,20,4,4,4431843.0,6933.4,1.0,2
Miyapur,1508.3,3,4,0.0,7,5,21,7564826.0,5015.5,0.238,14
Uppal,1015.6,2,2,1.0,25,2,4,3893622.0,3833.8,0.5,19
Hitech City,1122.8,2,2,1.0,10,5,5,9129565.0,8131.1,1.0,6
Kompally,564.7,1,1,1.0,25,3,14,2403174.0,4255.7,0.214,8
Banjara Hills,1294.4,2,2,2.0,2,7,13,19969576.0,15427.7,0.538,1
Gachibowli,1864.6,3,4,1.0,10,12,17,17330659.0,9294.6,0.706,5
Financial District,1820.4,3,4,1.0,7,2,3,14622835.0,8032.8,0.667,4
Tellapur,508.9,1,2,1.0,7,1,3,3243416.0,6373.4,0.333,18
Ameerpet,1730.0,3,3,2.0,10,19,23,11383215.0,6579.9,0.826,0
Begumpet,1704.8,3,4,1.0,5,1,8,13636014.0,7998.6,0.125,2
Madhapur,1149.7,2,2,1.0,3,1,13,10115108.0,8798.0,0.077,12
Jubilee Hills,1101.1,2,2,2.0,2,6,6,19162010.0,17402.6,1.0,7
Kondapur,2115.9,4,4,0.0,2,4,11,15530379.0,7339.8,0.364,9
Madhapur,1213.9,2,2,3.0,15,6,20,7331363.0,6039.5,0.3,12
Hitech City,1742.8,3,4,3.0,0,0,2,18080389.0,10374.3,0.0,6
Kondapur,3387.1,5,6,1.0,7,0,8,25371480.0,7490.6,0.0,9
Kukatpally,1627.2,3,4,2.0,3,0,6,9645699.0,5927.8,0.0,10
Banjara Hills,1512.5,3,4,1.0,20,1,4,16281926.0,10764.9,0.25,1
Gachibowli,1305.2,2,3,1.0,2,15,16,12868123.0,9859.1,0.938,5
Jubilee Hills,683.5,1,2,3.0,5,1,3,9537706.0,13954.2,0.333,7
Madhapur,1436.9,3,4,1.0,3,5,8,11967482.0,8328.7,0.625,12
Tellapur,2452.3,4,4,2.0,3,8,17,18057926.0,7363.7,0.471,18
Begumpet,1814.2,3,4,1.0,3,6,8,14493201.0,7988.8,0.75,2
Nallagandla,2649.9,4,4,1.0,5,12,25,17615559.0,6647.6,0.48,15
Uppal,1219.6,2,3,2.0,7,10,10,5687971.0,4663.8,1.0,19
Kompally,1236.6,2,2,1.0,3,4,4,6707894.0,5424.5,1.0,8
Madhapur,1691.0,3,4,2.0,5,15,25,13790267.0,8155.1,0.6,12
LB Nagar,1689.5,3,3,1.0,1,6,15,7447936.0,4408.4,0.4,11
Kukatpally,1081.3,2,2,1.0,20,3,25,5540432.0,5123.9,0.12,10
Ameerpet,1036.9,2,3,1.0,3,2,2,6921728.0,6675.4,1.0,0
Uppal,2256.2,4,4,2.0,1,14,17,11840814.0,5248.1,0.824,19
Ameerpet,1092.4,2,2,1.0,1,3,22,7154383.0,6549.2,0.136,0
Hitech City,1063.2,2,2,1.0,2,3,5,9225979.0,8677.6,0.6,6
Kondapur,683.0,1,1,1.0,3,3,3,3925446.0,5747.4,1.0,9
Ameerpet,1434.0,3,4,1.0,10,1,6,8994262.0,6272.1,0.167,0
Ameerpet,1351.0,3,3,1.0,0,10,11,9073194.0,6715.9,0.909,0
Bowenpally,3444.7,5,5,2.0,2,13,19,17129337.0,4972.7,0.684,3
Begumpet,1239.3,2,2,1.0,0,2,8,10124244.0,8169.3,0.25,2
Uppal,2526.0,4,4,0.0,10,3,14,10709169.0,4239.6,0.214,19
Kompally,1608.3,3,4,1.0,25,8,14,6757598.0,4201.7,0.571,8
Manikonda,1067.7,2,2,2.0,3,9,10,6515296.0,6102.2,0.9,13
Nallagandla,1823.4,3,3,1.0,5,11,11,12836955.0,7040.1,1.0,15
Manikonda,1559.0,3,4,0.0,3,2,24,8851907.0,5677.9,0.083,13
Nizampet,725.2,1,1,1.0,15,0,13,3520310.0,4854.3,0.0,16
Hitech City,1419.6,3,3,0.0,0,20,23,15166101.0,10683.4,0.87,6
Shaikpet,1207.7,2,3,3.0,1,8,9,8039525.0,6656.9,0.889,17
Uppal,1072.2,2,2,0.0,5,17,20,5009698.0,4672.4,0.85,19
Manikonda,1525.4,3,4,1.0,25,7,8,7993793.0,5240.5,0.875,13
Gachibowli,1675.8,3,3,2.0,0,6,12,14352707.0,8564.7,0.5,5
Jubilee Hills,1753.6,3,3,3.0,5,0,2,23329539.0,13303.8,0.0,7
Madhapur,1259.6,2,2,1.0,2,5,15,11602698.0,9211.4,0.333,12
Madhapur,1686.1,3,4,1.0,1,4,14,14881377.0,8825.9,0.286,12
Nallagandla,1115.5,2,2,2.0,20,2,3,6224765.0,5580.2,0.667,15
Madhapur,1333.3,2,3,1.0,2,4,13,10107344.0,7580.7,0.308,12
Financial District,1278.5,2,3,1.0,15,8,14,11913501.0,9318.3,0.571,4
Banjara Hills,542.3,1,1,3.0,10,3,4,7063904.0,13025.8,0.75,1
Manikonda,2079.2,4,5,1.0,2,1,3,12757838.0,6135.9,0.333,13
Uppal,1193.0,2,3,1.0,1,0,2,5120963.0,4292.5,0.0,19
Manikonda,1073.9,2,2,2.0,7,2,21,6521854.0,6073.1,0.095,13
Miyapur,2360.6,4,5,1.0,20,2,6,10023203.0,4246.0,0.333,14
Bowenpally,1181.7,2,2,1.0,2,8,9,6116614.0,5176.1,0.889,3
Financial District,518.9,1,2,2.0,7,3,7,5198691.0,10018.7,0.429,4
Shaikpet,1050.2,2,2,1.0,5,4,6,7497495.0,7139.1,0.667,17
Uppal,1493.4,3,4,1.0,10,3,4,6353282.0,4254.2,0.75,19
LB Nagar,1967.7,3,3,1.0,5,19,19,8564594.0,4352.6,1.0,11
Miyapur,1165.8,2,2,1.0,1,17,24,6815603.0,5846.3,0.708,14
Nizampet,3311.3,5,5,1.0,2,7,11,18953267.0,5723.8,0.636,16
Shaikpet,1186.0,2,2,1.0,1,13,19,9192680.0,7751.0,0.684,17
Begumpet,1777.8,3,3,1.0,15,7,8,11925817.0,6708.2,0.875,2
Nizampet,2177.6,4,4,1.0,20,16,23,10135534.0,4654.5,0.696,16
Uppal,1140.8,2,2,1.0,2,10,22,5803235.0,5087.0,0.455,19
Ameerpet,888.9,2,2,1.0,5,2,9,5309492.0,5973.1,0.222,0
Bowenpally,1411.5,3,3,1.0,2,0,3,6853612.0,4855.6,0.0,3
Madhapur,1056.8,2,2,1.0,10,12,16,9140082.0,8648.8,0.75,12
Kompally,1740.9,3,3,1.0,2,13,18,8782941.0,5045.1,0.722,8
Tellapur,1367.1,2,2,0.0,1,1,6,9582422.0,7009.3,0.167,18
Nallagandla,1575.1,3,3,0.0,25,15,18,8687453.0,5515.5,0.833,15
Kondapur,1489.5,3,3,1.0,10,10,19,9994829.0,6710.2,0.526,9
Miyapur,634.5,1,2,1.0,10,11,12,3258075.0,5134.9,0.917,14
Banjara Hills,1190.8,2,2,1.0,5,0,4,16691909.0,14017.4,0.0,1
Financial District,1015.8,2,3,1.0,7,9,22,9912044.0,9757.9,0.409,4
Kukatpally,3168.3,5,6,0.0,10,3,6,20259970.0,6394.6,0.5,10
Kompally,1711.7,3,4,1.0,3,16,18,8146894.0,4759.5,0.889,8
Kukatpally,1175.5,2,2,2.0,5,0,8,7454439.0,6341.5,0.0,10
Kompally,1119.3,2,2,1.0,1,5,9,5487461.0,4902.6,0.556,8
Shaikpet,2495.5,4,5,1.0,20,0,2,15171112.0,6079.4,0.0,17
Banjara Hills,960.0,2,2,2.0,7,6,8,11741411.0,12230.6,0.75,1
Kompally,1156.7,2,2,0.0,5,9,16,4846114.0,4189.6,0.562,8
LB Nagar,1010.2,2,2,2.0,1,1,3,3867931.0,3828.9,0.333,11
Uppal,1766.3,3,3,2.0,10,8,13,8583105.0,4859.4,0.615,19
Uppal,2030.5,4,4,1.0,0,14,22,8815393.0,4341.5,0.636,19
Kompally,1150.4,2,3,0.0,2,0,3,6208946.0,5397.2,0.0,8
Begumpet,822.0,1,2,1.0,3,5,16,6811851.0,8286.9,0.312,2
Miyapur,1658.2,3,3,1.0,3,0,6,9926401.0,5986.3,0.0,14
Tellapur,2764.4,5,5,3.0,2,17,21,20053373.0,7254.2,0.81,18
Financial District,1180.6,2,2,2.0,3,2,12,11059616.0,9367.8,0.167,4
Bowenpally,1173.4,2,2,1.0,7,0,18,7010317.0,5974.4,0.0,3
Begumpet,1468.7,3,3,1.0,5,4,22,11715803.0,7977.0,0.182,2
Manikonda,1466.0,3,3,1.0,3,0,10,9873324.0,6734.9,0.0,13
Nallagandla,1059.3,2,2,2.0,5,4,8,6784886.0,6405.1,0.5,15
Kompally,1566.1,3,3,1.0,2,3,14,7669906.0,4897.5,0.214,8
Madhapur,2097.4,4,4,3.0,5,6,8,17082388.0,8144.6,0.75,12
Kondapur,2311.8,4,4,3.0,7,0,5,16987987.0,7348.4,0.0,9
Miyapur,808.9,2,2,1.0,1,0,16,3954203.0,4888.4,0.0,14
LB Nagar,1964.8,4,5,2.0,5,20,24,9142471.0,4653.1,0.833,11
Nizampet,2497.5,4,4,1.0,3,7,7,15310900.0,6130.5,1.0,16
Bowenpally,3194.4,5,5,1.0,15,17,18,13700396.0,4288.9,0.944,3
LB Nagar,3314.4,5,5,1.0,2,1,5,16329065.0,4926.7,0.2,11
Miyapur,1114.7,2,2,2.0,10,1,8,5723243.0,5134.3,0.125,14
Begumpet,1645.9,3,3,1.0,3,1,6,12476472.0,7580.3,0.167,2
Ameerpet,1770.7,3,4,3.0,15,4,13,9403406.0,5310.6,0.308,0
Madhapur,1453.3,3,3,1.0,2,3,9,12015276.0,8267.6,0.333,12
Uppal,997.2,2,2,1.0,0,13,18,5405264.0,5420.4,0.722,19
Kondapur,577.6,1,2,3.0,7,9,18,4495439.0,7783.0,0.5,9
Financial District,2315.9,4,4,3.0,10,9,24,20610542.0,8899.6,0.375,4
Kukatpally,1656.4,3,3,1.0,1,2,20,10634725.0,6420.4,0.1,10
Shaikpet,1205.0,2,2,1.0,5,6,12,8298043.0,6886.3,0.5,17
Bowenpally,1173.5,2,2,1.0,3,6,21,5994152.0,5107.9,0.286,3
Manikonda,2224.5,4,4,2.0,10,6,14,13391582.0,6020.0,0.429,13
Uppal,1727.7,3,3,1.0,15,2,3,7164979.0,4147.1,0.667,19
Begumpet,1797.3,3,3,3.0,7,0,6,14588465.0,8116.9,0.0,2
Miyapur,1606.2,3,4,1.0,1,4,7,8568526.0,5334.7,0.571,14
Kondapur,2299.7,4,4,2.0,7,0,7,17347864.0,7543.5,0.0,9
Gachibowli,1206.2,2,3,2.0,2,11,11,11137807.0,9233.8,1.0,5
Kukatpally,1502.1,2,2,2.0,7,13,18,9558768.0,6363.6,0.722,10
Hitech City,2905.8,5,5,1.0,1,5,5,24252907.0,8346.4,1.0,6
LB Nagar,972.9,2,3,1.0,3,3,25,4587769.0,4715.6,0.12,11
Bowenpally,685.9,1,1,1.0,5,0,20,3530395.0,5147.1,0.0,3
Banjara Hills,1700.4,3,3,1.0,0,10,14,24101170.0,14173.8,0.714,1
Kompally,1292.1,2,3,1.0,1,12,13,6770160.0,5239.7,0.923,8
Kukatpally,2121.6,3,3,2.0,5,9,11,13969453.0,6584.4,0.818,10
Kukatpally,2347.4,4,4,0.0,7,5,6,13521812.0,5760.3,0.833,10
Jubilee Hills,1033.5,2,2,1.0,10,5,17,14880737.0,14398.4,0.294,7
Madhapur,1911.5,3,3,2.0,7,1,11,15505314.0,8111.6,0.091,12
Kondapur,1690.3,3,4,3.0,0,6,10,14025917.0,8297.9,0.6,9
Nallagandla,998.6,2,3,2.0,0,12,12,7515291.0,7525.8,1.0,15
LB Nagar,1382.9,3,3,1.0,3,1,21,5780111.0,4179.7,0.048,11
Kukatpally,1037.5,2,2,1.0,3,0,3,5993461.0,5776.8,0.0,10
LB Nagar,2173.4,4,5,1.0,10,1,2,8685496.0,3996.3,0.5,11
Hitech City,1199.8,2,2,1.0,5,0,15,11234998.0,9364.1,0.0,6
Bowenpally,1652.6,3,3,1.0,2,2,12,8440905.0,5107.7,0.167,3
LB Nagar,2198.8,4,4,1.0,5,0,20,10058274.0,4574.4,0.0,11
Manikonda,1367.2,2,2,1.0,3,0,18,8665588.0,6338.2,0.0,13
Nallagandla,1041.3,2,2,1.0,3,11,19,6579543.0,6318.6,0.579,15
Manikonda,2073.3,4,4,1.0,2,2,2,12685722.0,6118.6,1.0,13
Gachibowli,2686.3,4,4,1.0,15,10,16,21702942.0,8079.1,0.625,5
Manikonda,1180.8,2,3,0.0,2,3,3,6665581.0,5645.0,1.0,13
Jubilee Hills,1763.9,3,4,2.0,15,2,10,25376172.0,14386.4,0.2,7
Gachibowli,899.5,2,2,0.0,3,5,10,7742360.0,8607.4,0.5,5
Kompally,1360.5,3,3,1.0,10,11,17,6916149.0,5083.5,0.647,8
Ameerpet,2520.7,4,4,1.0,5,3,16,13786737.0,5469.4,0.188,0
LB Nagar,2346.2,4,5,1.0,3,0,2,10915645.0,4652.5,0.0,11
Ameerpet,1099.0,2,2,1.0,7,4,4,6481510.0,5897.6,1.0,0
Bowenpally,1285.9,3,3,2.0,0,10,18,6711096.0,5219.0,0.556,3
LB Nagar,2112.3,4,4,3.0,5,22,23,9643726.0,4565.5,0.957,11
Miyapur,1770.5,3,3,1.0,7,7,22,9137779.0,5161.1,0.318,14
Ameerpet,1865.5,4,5,1.0,3,2,7,10935405.0,5861.9,0.286,0
Kukatpally,1101.0,2,2,1.0,0,15,16,6437910.0,5847.3,0.938,10
Kondapur,2601.4,4,4,2.0,7,21,25,17152552.0,6593.6,0.84,9
Uppal,2105.7,4,5,1.0,2,2,10,9139702.0,4340.5,0.2,19
Nallagandla,938.6,2,3,1.0,1,7,23,6826634.0,7273.2,0.304,15
Gachibowli,1524.4,3,3,3.0,20,3,7,10541316.0,6915.1,0.429,5
Nizampet,2885.4,4,4,1.0,15,1,15,13494949.0,4677.0,0.067,16
Bowenpally,2087.1,4,4,1.0,0,2,4,9648031.0,4622.7,0.5,3
Miyapur,703.7,1,2,1.0,3,2,6,3706085.0,5266.6,0.333,14
LB Nagar,1032.6,2,2,2.0,7,11,16,4325186.0,4188.6,0.688,11
Ameerpet,675.0,1,2,0.0,3,8,13,3918384.0,5805.0,0.615,0
Nizampet,1726.0,3,3,1.0,0,12,18,10265782.0,5947.7,0.667,16
Nizampet,1148.3,2,2,2.0,15,14,17,6432207.0,5601.5,0.824,16
Jubilee Hills,1576.1,3,4,0.0,10,7,12,21208745.0,13456.5,0.583,7
LB Nagar,612.4,1,1,2.0,7,0,12,2757308.0,4502.5,0.0,11
Uppal,1120.0,2,3,2.0,15,6,16,5058202.0,4516.3,0.375,19
Begumpet,1063.6,2,2,1.0,3,21,21,8461316.0,7955.4,1.0,2
Uppal,1251.5,2,3,2.0,2,24,24,6137238.0,4903.9,1.0,19
Tellapur,1041.4,2,2,2.0,5,1,10,6617814.0,6354.7,0.1,18
Financial District,1541.7,3,4,1.0,3,14,20,15980938.0,10365.8,0.7,4
Financial District,2382.6,4,4,0.0,1,2,3,21387346.0,8976.5,0.667,4
Ameerpet,1119.7,2,3,1.0,10,8,20,6505170.0,5809.7,0.4,0
Nizampet,1535.6,3,4,1.0,1,9,10,8271951.0,5386.8,0.9,16
Hitech City,1385.5,3,4,1.0,3,6,6,14341654.0,10351.2,1.0,6
LB Nagar,1172.9,2,2,3.0,0,3,4,6231356.0,5312.8,0.75,11
Bowenpally,2256.5,4,5,1.0,5,5,10,10662984.0,4725.5,0.5,3
Shaikpet,2899.9,4,4,1.0,0,11,16,18564882.0,6401.9,0.688,17
Ameerpet,1704.1,3,3,1.0,1,0,4,10054234.0,5900.0,0.0,0
Tellapur,1517.7,3,3,1.0,5,0,2,10192336.0,6715.6,0.0,18
Bowenpally,604.6,1,1,1.0,0,7,14,2939177.0,4861.4,0.5,3
Kukatpally,1540.5,3,3,2.0,7,11,18,9150891.0,5940.2,0.611,10
Manikonda,1731.1,3,3,1.0,20,5,11,9218146.0,5325.0,0.455,13
LB Nagar,1439.8,2,2,3.0,10,6,6,5877777.0,4082.4,1.0,11
Financial District,1160.6,2,3,2.0,0,11,11,10979924.0,9460.6,1.0,4
Nizampet,1293.3,2,2,1.0,0,17,18,7399653.0,5721.5,0.944,16
Kukatpally,1672.3,3,3,2.0,0,8,12,11391419.0,6811.8,0.667,10
Nizampet,1489.4,3,4,1.0,10,1,21,7658164.0,5141.8,0.048,16
Financial District,1652.8,3,3,1.0,7,21,22,17009428.0,10291.3,0.955,4
Banjara Hills,1160.3,2,2,1.0,5,1,3,17289816.0,14901.2,0.333,1
Shaikpet,1862.3,3,3,2.0,3,12,25,14231363.0,7641.8,0.48,17
Kukatpally,2680.5,4,4,1.0,25,17,25,12953098.0,4832.3,0.68,10
Miyapur,1094.2,2,2,1.0,5,0,3,5537060.0,5060.4,0.0,14
Bowenpally,1259.9,2,3,2.0,2,2,6,7080310.0,5619.7,0.333,3
Begumpet,2258.9,4,4,1.0,1,2,10,17665614.0,7820.4,0.2,2
Gachibowli,913.1,2,3,1.0,1,12,17,7437455.0,8145.3,0.706,5
Tellapur,2225.1,4,4,1.0,0,14,16,16381954.0,7362.3,0.875,18
Kompally,1748.6,3,3,2.0,5,13,18,9046909.0,5173.8,0.722,8
Shaikpet,1770.0,3,3,1.0,7,9,15,11837545.0,6687.9,0.6,17
Hitech City,2239.9,4,5,1.0,5,1,5,20373300.0,9095.6,0.2,6
Ameerpet,2117.8,4,5,1.0,2,4,23,14629779.0,6908.0,0.174,0
Begumpet,494.9,1,2,1.0,1,1,8,3272003.0,6611.4,0.125,2
Bowenpally,1179.4,2,3,1.0,0,0,2,6139992.0,5206.0,0.0,3
Nallagandla,1299.7,3,4,2.0,10,0,7,8293176.0,6380.8,0.0,15
Jubilee Hills,1641.0,3,3,1.0,1,3,15,22153421.0,13500.0,0.2,7
Bowenpally,1625.7,3,4,1.0,3,5,6,8330366.0,5124.2,0.833,3
Manikonda,1455.7,3,3,3.0,0,0,3,8504000.0,5841.9,0.0,13
Nallagandla,935.0,2,3,0.0,1,9,11,7655021.0,8187.2,0.818,15
Miyapur,1739.5,3,4,1.0,3,6,11,9639476.0,5541.5,0.545,14
Hitech City,1213.1,2,3,1.0,7,12,18,12602363.0,10388.6,0.667,6
Kukatpally,925.7,2,3,3.0,2,2,18,4787843.0,5172.1,0.111,10
Hitech City,1017.4,2,3,2.0,2,2,2,9721163.0,9554.9,1.0,6
Gachibowli,1051.8,2,3,1.0,1,1,3,9395435.0,8932.7,0.333,5
Miyapur,914.0,2,2,1.0,3,2,14,4791525.0,5242.4,0.143,14
Kondapur,977.5,2,3,1.0,7,0,12,6684678.0,6838.5,0.0,9
Kompally,2970.8,5,6,0.0,10,13,16,12778488.0,4301.4,0.812,8
Kukatpally,1990.9,4,5,1.0,5,2,6,12636128.0,6346.9,0.333,10
Hitech City,1235.8,3,3,0.0,3,11,14,11324248.0,9163.5,0.786,6
Begumpet,1376.4,3,3,1.0,1,1,4,9085970.0,6601.3,0.25,2
Begumpet,2030.7,4,4,1.0,10,2,2,14916848.0,7345.7,1.0,2
Financial District,1046.5,2,2,1.0,0,1,15,9474017.0,9053.1,0.067,4
Jubilee Hills,1217.4,2,2,2.0,1,8,22,20709454.0,17011.2,0.364,7
Financial District,1469.3,3,3,3.0,25,18,23,12211900.0,8311.4,0.783,4
Kompally,1791.2,3,3,1.0,3,11,18,9050261.0,5052.6,0.611,8
Uppal,1852.4,3,3,1.0,5,0,15,7934856.0,4283.6,0.0,19
Nizampet,2338.1,4,4,0.0,0,18,18,12100764.0,5175.5,1.0,16
Nizampet,1041.7,2,3,1.0,10,21,25,6148138.0,5902.0,0.84,16
Nizampet,1300.2,2,2,0.0,15,3,9,6153184.0,4732.5,0.333,16
Hitech City,2477.8,4,4,1.0,7,0,2,21489601.0,8672.9,0.0,6
Nizampet,669.8,1,2,1.0,2,8,11,3502469.0,5229.1,0.727,16
Financial District,1275.2,2,3,3.0,10,0,3,12810274.0,10045.7,0.0,4
Shaikpet,1388.5,3,3,1.0,2,0,12,10085219.0,7263.4,0.0,17
Kondapur,1202.9,2,2,2.0,10,9,21,8641722.0,7184.1,0.429,9
Nallagandla,1247.0,2,3,3.0,3,0,5,8041361.0,6448.6,0.0,15
Gachibowli,1656.9,3,3,2.0,10,4,4,12060726.0,7279.1,1.0,5
Kondapur,1843.2,3,4,0.0,15,1,23,11826640.0,6416.4,0.043,9
Uppal,3765.9,5,5,1.0,2,10,12,18856904.0,5007.3,0.833,19
LB Nagar,1930.4,3,4,2.0,5,7,14,8042726.0,4166.4,0.5,11
Ameerpet,1492.2,3,3,2.0,10,16,19,9384986.0,6289.4,0.842,0
Shaikpet,2168.9,4,4,2.0,2,17,20,17250483.0,7953.6,0.85,17
Shaikpet,1593.6,3,4,1.0,7,0,7,11117893.0,6976.6,0.0,17
Kondapur,1776.8,3,4,1.0,0,11,17,13302804.0,7486.9,0.647,9
Bowenpally,2125.8,4,5,1.0,7,11,25,11189874.0,5263.8,0.44,3
Nallagandla,1699.4,3,3,1.0,2,4,4,11340656.0,6673.3,1.0,15
Kompally,2344.8,4,5,3.0,0,4,24,11572888.0,4935.6,0.167,8
Bowenpally,1528.0,3,3,0.0,1,10,23,7508283.0,4913.8,0.435,3
Nizampet,2156.3,4,4,2.0,1,6,8,12099659.0,5611.3,0.75,16
Gachibowli,1306.4,2,2,2.0,15,6,6,9209733.0,7049.7,1.0,5
Nizampet,1847.2,3,3,1.0,5,0,2,9646045.0,5222.0,0.0,16
Gachibowli,831.0,1,1,0.0,10,10,12,7111910.0,8558.3,0.833,5
Bowenpally,1755.7,3,4,1.0,15,0,12,9205028.0,5242.9,0.0,3
Nallagandla,1829.0,3,3,0.0,5,3,9,10608415.0,5800.1,0.333,15
Kondapur,770.8,1,1,2.0,0,6,15,5984601.0,7764.1,0.4,9
Kompally,1702.3,3,3,3.0,0,15,23,9216590.0,5414.2,0.652,8
Banjara Hills,1127.5,2,3,1.0,5,2,5,14587958.0,12938.3,0.4,1
Tellapur,1265.5,2,2,1.0,10,7,9,7836626.0,6192.5,0.778,18
Ameerpet,1704.6,3,4,1.0,3,11,21,10826159.0,6351.1,0.524,0
Shaikpet,2427.6,4,4,1.0,7,0,8,14664743.0,6040.8,0.0,17
Shaikpet,1036.4,2,3,1.0,7,0,2,6797856.0,6559.1,0.0,17
Ameerpet,2507.5,4,5,2.0,3,1,11,15207978.0,6065.0,0.091,0
Madhapur,648.7,1,1,2.0,0,2,2,5741060.0,8850.1,1.0,12
Uppal,1166.2,2,3,1.0,1,6,7,5529300.0,4741.3,0.857,19
Miyapur,1265.3,2,2,2.0,2,4,6,6736811.0,5324.3,0.667,14
Shaikpet,945.4,2,2,1.0,20,10,12,5686302.0,6014.7,0.833,17
Shaikpet,1368.0,2,2,2.0,20,8,13,8105475.0,5925.1,0.615,17
Hitech City,1097.4,2,2,2.0,1,2,2,9158330.0,8345.5,1.0,6
Gachibowli,2270.8,4,4,1.0,10,1,12,19684641.0,8668.6,0.083,5
Begumpet,2434.5,4,4,2.0,1,8,11,18977979.0,7795.4,0.727,2
Kondapur,2288.9,4,4,1.0,2,10,10,14279997.0,6238.8,1.0,9
Kukatpally,890.6,2,2,1.0,3,0,5,5826858.0,6542.6,0.0,10
Kondapur,1794.0,3,3,1.0,15,15,19,12766859.0,7116.4,0.789,9
LB Nagar,962.2,2,3,0.0,5,4,4,3505117.0,3642.8,1.0,11
Financial District,928.5,2,2,1.0,5,2,24,8077195.0,8699.2,0.083,4
LB Nagar,1840.2,3,4,1.0,3,1,4,7894185.0,4289.9,0.25,11
Jubilee Hills,1264.4,2,2,3.0,1,22,24,19165002.0,15157.4,0.917,7
Begumpet,2632.0,4,4,2.0,7,9,10,20370020.0,7739.4,0.9,2
Nizampet,1393.8,2,3,1.0,0,16,20,7345446.0,5270.1,0.8,16
Hitech City,1703.1,3,3,0.0,10,12,24,13688374.0,8037.3,0.5,6
Begumpet,1153.8,2,2,1.0,5,15,24,8101096.0,7021.2,0.625,2
Manikonda,1559.9,3,4,3.0,25,6,11,8213640.0,5265.5,0.545,13
Uppal,1067.1,2,3,1.0,7,6,8,4692681.0,4397.6,0.75,19
Hitech City,1137.3,2,2,0.0,2,4,20,9420920.0,8283.6,0.2,6
Uppal,1117.0,2,2,0.0,2,4,23,5232255.0,4684.2,0.174,19
Financial District,1586.9,3,4,2.0,3,7,23,13997668.0,8820.8,0.304,4
Nallagandla,1689.9,3,3,3.0,7,3,20,11519927.0,6816.9,0.15,15
Shaikpet,1282.3,2,2,2.0,5,19,25,9869949.0,7697.1,0.76,17
Ameerpet,2375.2,4,4,2.0,15,2,5,12957060.0,5455.1,0.4,0
Miyapur,1619.9,3,4,1.0,15,6,11,9198596.0,5678.5,0.545,14
Financial District,990.7,2,3,1.0,0,6,9,11173393.0,11278.3,0.667,4
Madhapur,528.5,1,2,2.0,15,1,4,4361077.0,8251.8,0.25,12
Begumpet,2118.5,4,4,1.0,15,0,20,14661679.0,6920.8,0.0,2
Gachibowli,1842.7,3,3,1.0,2,6,23,16582510.0,8999.0,0.261,5
Hitech City,863.4,2,2,1.0,3,0,3,7570717.0,8768.5,0.0,6
Banjara Hills,1548.5,3,4,1.0,3,16,24,23637449.0,15264.7,0.667,1
Nallagandla,1624.9,3,3,1.0,15,3,17,10171571.0,6259.8,0.176,15
Nizampet,1720.8,3,3,2.0,0,2,2,9436357.0,5483.7,1.0,16
Miyapur,975.2,2,2,2.0,10,9,15,5427029.0,5565.0,0.6,14
Ameerpet,2296.2,4,4,2.0,2,15,20,14914129.0,6495.1,0.75,0
Ameerpet,1028.7,2,3,1.0,0,10,14,7072400.0,6875.1,0.714,0
Hitech City,1222.0,2,3,1.0,7,2,6,11638917.0,9524.5,0.333,6
Hitech City,1486.2,3,4,1.0,3,5,11,15334132.0,10317.7,0.455,6
Bowenpally,1581.7,3,4,1.0,2,3,19,7974850.0,5041.9,0.158,3
Tellapur,2387.2,4,4,2.0,1,15,15,16838842.0,7053.8,1.0,18
Uppal,1063.2,2,2,1.0,0,2,20,3990140.0,3753.0,0.1,19
Uppal,1057.4,2,3,1.0,1,11,11,4712512.0,4456.7,1.0,19
Madhapur,998.4,2,2,1.0,7,15,25,7774688.0,7787.1,0.6,12
Kukatpally,1606.2,3,4,1.0,20,2,3,7766088.0,4835.1,0.667,10
Manikonda,2379.5,4,4,1.0,7,11,16,15229295.0,6400.2,0.688,13
Manikonda,2172.7,4,4,1.0,1,10,11,14720405.0,6775.2,0.909,13
Begumpet,1366.2,3,3,2.0,5,4,22,10329268.0,7560.6,0.182,2
Hitech City,747.3,1,1,2.0,3,4,6,7171782.0,9596.9,0.667,6
Financial District,1949.8,4,5,1.0,25,4,9,17091359.0,8765.7,0.444,4
Miyapur,554.6,1,2,2.0,3,10,15,3542087.0,6386.7,0.667,14
Kondapur,1193.4,2,2,0.0,1,0,14,9008498.0,7548.6,0.0,9
Banjara Hills,1273.6,2,3,1.0,0,11,14,16808508.0,13197.6,0.786,1
Manikonda,1622.2,3,3,2.0,15,5,9,9179075.0,5658.4,0.556,13
Banjara Hills,1147.6,2,2,1.0,1,1,2,15721920.0,13699.8,0.5,1
Financial District,2470.1,4,4,1.0,7,8,9,23153552.0,9373.5,0.889,4
Kompally,1777.6,3,4,1.0,20,5,16,7207806.0,4054.8,0.312,8
Gachibowli,2691.5,4,4,3.0,5,10,19,23114657.0,8588.0,0.526,5
Ameerpet,1623.7,3,4,2.0,10,7,13,9171857.0,5648.7,0.538,0
Kondapur,1221.8,2,3,1.0,10,2,7,8255190.0,6756.6,0.286,9
Kukatpally,2899.8,4,5,2.0,3,5,17,15073459.0,5198.1,0.294,10
Gachibowli,1588.9,3,4,1.0,1,0,2,15219758.0,9578.8,0.0,5
LB Nagar,1810.6,3,3,1.0,2,2,25,9065939.0,5007.1,0.08,11
Kondapur,972.1,2,3,2.0,2,11,23,7400068.0,7612.5,0.478,9
Nizampet,1690.5,3,3,3.0,7,10,10,8349512.0,4939.1,1.0,16
Hitech City,1873.0,3,4,1.0,20,12,14,15094488.0,8059.0,0.857,6
Kompally,1662.1,3,3,1.0,25,2,16,6026528.0,3625.9,0.125,8
LB Nagar,2046.4,4,5,1.0,5,5,16,8513320.0,4160.1,0.312,11
Hitech City,1147.1,2,2,1.0,2,14,21,9414772.0,8207.5,0.667,6
Begumpet,1232.4,2,2,1.0,7,13,15,8575606.0,6958.5,0.867,2
Tellapur,1038.4,2,3,1.0,10,8,14,6433655.0,6195.7,0.571,18
Begumpet,1742.4,3,3,3.0,20,13,18,11866915.0,6810.7,0.722,2
Kondapur,1207.9,2,2,0.0,0,12,21,9058831.0,7499.7,0.571,9
Tellapur,1700.8,3,4,1.0,3,12,14,13881623.0,8161.8,0.857,18
Nallagandla,1140.8,2,2,2.0,0,3,13,7728951.0,6775.0,0.231,15
LB Nagar,2188.2,4,4,1.0,1,0,2,9938656.0,4541.9,0.0,11
Financial District,996.6,2,3,1.0,10,16,18,8769101.0,8799.0,0.889,4
Uppal,1847.4,3,3,1.0,20,2,19,7695632.0,4165.7,0.105,19
LB Nagar,1144.4,2,3,2.0,1,7,11,4809607.0,4202.7,0.636,11
Nallagandla,1963.3,3,4,0.0,3,8,12,11795411.0,6008.0,0.667,15
Gachibowli,1485.6,3,4,1.0,15,19,25,11575654.0,7791.9,0.76,5
Gachibowli,1188.4,2,2,2.0,10,11,24,10560169.0,8886.0,0.458,5
Miyapur,3155.5,5,5,1.0,25,14,17,15175696.0,4809.3,0.824,14
Manikonda,1771.8,3,3,2.0,7,19,25,11566336.0,6528.0,0.76,13
Kukatpally,1146.7,2,2,1.0,20,5,10,5525554.0,4818.7,0.5,10
Hitech City,1028.4,2,3,1.0,1,18,19,9116060.0,8864.3,0.947,6
Financial District,2245.6,4,4,2.0,10,6,6,18084011.0,8053.1,1.0,4
Begumpet,1211.0,2,3,2.0,0,4,12,9190488.0,7589.2,0.333,2
Jubilee Hills,1444.7,2,2,2.0,15,7,11,20101699.0,13914.1,0.636,7
Miyapur,1515.2,3,3,1.0,3,20,24,8796521.0,5805.5,0.833,14
Jubilee Hills,1607.1,3,4,2.0,5,4,15,25013930.0,15564.6,0.267,7
Uppal,1728.6,3,3,3.0,10,2,4,7341675.0,4247.2,0.5,19
Manikonda,1590.2,3,3,1.0,5,8,10,10161213.0,6389.9,0.8,13
Bowenpally,1478.9,3,4,1.0,1,11,20,8007319.0,5414.4,0.55,3
Miyapur,1484.2,3,3,1.0,1,1,14,7037067.0,4741.3,0.071,14
Financial District,582.6,1,2,1.0,1,12,21,5649264.0,9696.6,0.571,4
Nizampet,3101.3,5,6,1.0,7,4,24,17113052.0,5518.0,0.167,16
Kondapur,1408.2,2,2,0.0,5,2,18,9214813.0,6543.7,0.111,9
Kondapur,2150.9,3,4,2.0,2,1,2,14750405.0,6857.8,0.5,9
Miyapur,1654.4,3,3,2.0,10,1,3,9644708.0,5829.7,0.333,14
Ameerpet,1416.8,2,3,1.0,2,1,22,9190764.0,6487.0,0.045,0
Miyapur,1206.5,2,2,1.0,3,12,12,7292918.0,6044.7,1.0,14
Tellapur,2418.3,4,4,1.0,3,7,12,16871728.0,6976.7,0.583,18
Nizampet,1357.7,3,3,0.0,5,3,21,7847773.0,5780.2,0.143,16
Financial District,1685.6,3,4,1.0,10,9,23,15860658.0,9409.5,0.391,4
Financial District,1001.2,2,2,0.0,7,10,21,8821545.0,8811.0,0.476,4
Jubilee Hills,670.9,1,2,2.0,5,11,23,8817046.0,13142.1,0.478,7
Madhapur,1055.3,2,2,2.0,2,12,14,9972072.0,9449.5,0.857,12
Uppal,1633.7,3,3,3.0,5,19,21,7738714.0,4736.9,0.905,19
Ameerpet,400.0,1,1,2.0,5,3,7,2504901.0,6262.3,0.429,0
Kondapur,1090.8,2,3,2.0,5,2,5,8373160.0,7676.2,0.4,9
Kondapur,1289.4,2,2,1.0,2,11,20,8685163.0,6735.8,0.55,9
Madhapur,2178.0,3,4,0.0,5,3,3,17434815.0,8005.0,1.0,12
Banjara Hills,667.9,1,2,1.0,0,0,6,9669260.0,14477.1,0.0,1
Nizampet,635.4,1,1,1.0,0,8,15,4010255.0,6311.4,0.533,16
Kondapur,1214.0,2,3,2.0,15,2,9,8308767.0,6844.1,0.222,9
Shaikpet,2408.0,4,4,2.0,1,9,16,16523801.0,6862.0,0.562,17
Begumpet,1206.7,2,2,0.0,2,11,17,8358388.0,6926.6,0.647,2
Madhapur,499.3,1,1,1.0,1,11,25,3826407.0,7663.5,0.44,12
Kondapur,1518.9,3,4,1.0,2,0,3,11035309.0,7265.3,0.0,9
Hitech City,1968.4,3,4,1.0,5,1,19,19146450.0,9726.9,0.053,6
Tellapur,630.6,1,2,1.0,10,8,13,4261462.0,6757.8,0.615,18
Gachibowli,2007.3,3,3,1.0,15,11,12,16098872.0,8020.2,0.917,5
Nizampet,1219.1,2,3,1.0,0,7,9,6168399.0,5059.8,0.778,16
Jubilee Hills,834.6,2,3,2.0,2,18,24,12235712.0,14660.6,0.75,7
Gachibowli,2427.2,4,4,2.0,0,5,8,18985493.0,7822.0,0.625,5
Gachibowli,2315.4,4,4,1.0,10,8,16,18364712.0,7931.6,0.5,5
Kukatpally,802.3,1,1,2.0,5,6,12,5138708.0,6405.0,0.5,10
Bowenpally,1346.1,3,3,1.0,7,12,23,7671906.0,5699.4,0.522,3
Kondapur,1270.6,2,3,1.0,7,11,13,8782203.0,6911.9,0.846,9
Kompally,2336.3,4,4,1.0,7,3,5,12736596.0,5451.6,0.6,8
Ameerpet,1288.5,2,2,0.0,2,14,18,7181445.0,5573.5,0.778,0
Banjara Hills,1176.9,3,3,1.0,10,13,25,16739272.0,14223.2,0.52,1
Bowenpally,976.4,2,3,1.0,2,10,11,5733399.0,5872.0,0.909,3
Banjara Hills,1279.8,3,4,1.0,15,9,21,15514362.0,12122.5,0.429,1
Nizampet,1385.9,2,3,3.0,1,21,22,8501621.0,6134.4,0.955,16
Shaikpet,1084.1,2,2,1.0,20,3,3,6357535.0,5864.3,1.0,17
Manikonda,1221.8,2,3,1.0,5,15,16,7782293.0,6369.5,0.938,13
Ameerpet,1073.7,2,3,1.0,15,4,18,6530715.0,6082.4,0.222,0
Kukatpally,1920.5,3,4,2.0,10,6,14,10728058.0,5586.1,0.429,10
Madhapur,1881.2,3,3,1.0,3,3,6,14452486.0,7682.6,0.5,12
Uppal,1503.0,3,3,2.0,5,21,21,7031487.0,4678.3,1.0,19
Hitech City,1407.1,3,3,1.0,3,16,25,13101440.0,9311.0,0.64,6
Nizampet,2501.4,4,5,1.0,5,0,4,12197007.0,4876.1,0.0,16
Ameerpet,1986.4,3,3,1.0,3,6,18,11622253.0,5850.9,0.333,0
Nizampet,3321.4,5,5,2.0,20,16,18,16679747.0,5021.9,0.889,16
Hitech City,1304.8,3,4,1.0,7,15,19,12032924.0,9222.0,0.789,6
Shaikpet,2956.6,4,4,1.0,7,8,9,20698181.0,7000.7,0.889,17
Gachibowli,1429.7,2,2,1.0,5,11,14,14187518.0,9923.4,0.786,5
Kukatpally,1520.2,3,3,1.0,1,2,15,8580446.0,5644.3,0.133,10
Kompally,1114.5,2,2,1.0,2,3,6,5673858.0,5090.9,0.5,8
Kukatpally,1850.8,3,3,3.0,0,0,4,13417014.0,7249.3,0.0,10
Nallagandla,1196.4,2,3,2.0,10,0,6,7058845.0,5900.1,0.0,15
Nizampet,3155.6,5,5,2.0,5,2,7,18006830.0,5706.3,0.286,16
Miyapur,1653.9,3,3,2.0,1,15,25,8814099.0,5329.3,0.6,14
Kompally,2300.6,4,5,2.0,5,1,6,10834436.0,4709.4,0.167,8
Nallagandla,1840.7,4,4,1.0,10,13,13,12575072.0,6831.7,1.0,15
Manikonda,1309.9,3,4,2.0,3,7,7,8382214.0,6399.1,1.0,13
Miyapur,1043.1,2,2,2.0,1,10,21,6333731.0,6072.0,0.476,14
Miyapur,1300.4,2,3,1.0,20,4,15,6727230.0,5173.2,0.267,14
Kompally,1166.9,2,2,1.0,10,19,20,5589770.0,4790.3,0.95,8
Madhapur,1087.0,2,2,1.0,7,15,16,9234719.0,8495.6,0.938,12
Bowenpally,568.1,1,1,1.0,2,6,6,2749576.0,4840.0,1.0,3
Ameerpet,1021.9,2,2,1.0,0,7,7,7103345.0,6951.1,1.0,0
Hitech City,2174.3,4,5,2.0,7,7,13,20178258.0,9280.3,0.538,6
Manikonda,2138.9,3,3,2.0,7,5,7,11904414.0,5565.7,0.714,13
Financial District,2225.1,4,4,2.0,5,5,6,20222817.0,9088.5,0.833,4
Banjara Hills,1560.6,3,3,1.0,7,3,11,19761301.0,12662.6,0.273,1
Kukatpally,2700.2,4,5,1.0,15,0,3,13316174.0,4931.6,0.0,10
Shaikpet,1583.5,3,4,1.0,3,2,2,11206592.0,7077.1,1.0,17
Gachibowli,1178.8,2,2,1.0,7,7,10,9639871.0,8177.7,0.7,5
Financial District,679.2,1,2,1.0,3,0,24,6863259.0,10104.9,0.0,4
Nallagandla,2358.9,4,5,1.0,15,4,7,13635640.0,5780.5,0.571,15
Uppal,2134.6,4,5,1.0,7,7,11,10141964.0,4751.2,0.636,19
Nizampet,2213.4,3,4,2.0,0,18,18,12655772.0,5717.8,1.0,16
Nallagandla,1774.8,3,4,2.0,2,1,11,10010025.0,5640.1,0.091,15
Kondapur,777.8,1,1,1.0,2,16,23,6070004.0,7804.1,0.696,9
Hitech City,1751.7,3,3,1.0,3,3,18,13823280.0,7891.4,0.167,6
Madhapur,1115.6,2,2,1.0,15,2,14,8305706.0,7445.1,0.143,12
Banjara Hills,1393.6,2,3,1.0,5,12,18,23871417.0,17129.3,0.667,1
Ameerpet,1729.4,3,3,2.0,2,15,18,11925535.0,6895.8,0.833,0
Nizampet,1478.5,3,3,1.0,3,15,15,8520722.0,5763.1,1.0,16
LB Nagar,748.2,1,1,1.0,10,7,9,3432989.0,4588.3,0.778,11
Ameerpet,1091.9,2,2,2.0,7,9,19,7177528.0,6573.4,0.474,0
Hitech City,1920.4,3,4,2.0,20,6,14,15430076.0,8034.8,0.429,6
Ameerpet,1789.6,3,3,2.0,10,6,17,11175909.0,6244.9,0.353,0
Uppal,765.1,1,2,1.0,0,2,17,3308771.0,4324.6,0.118,19
Begumpet,651.8,1,1,1.0,1,0,6,4137121.0,6347.2,0.0,2
Kondapur,1141.0,2,3,0.0,20,11,15,6874009.0,6024.5,0.733,9
Bowenpally,1029.9,2,3,1.0,1,12,12,5741711.0,5575.0,1.0,3
Ameerpet,722.1,1,1,1.0,10,9,18,4828414.0,6686.6,0.5,0
Nizampet,1684.9,3,3,1.0,15,0,3,8228400.0,4883.6,0.0,16
Banjara Hills,635.5,1,2,1.0,3,8,10,9268775.0,14585.0,0.8,1
Kondapur,723.6,1,1,0.0,3,21,24,5093304.0,7038.8,0.875,9
Manikonda,2380.4,4,4,1.0,20,4,6,12077312.0,5073.6,0.667,13
Jubilee Hills,1416.2,2,2,2.0,0,4,13,21611288.0,15260.1,0.308,7
Miyapur,742.3,1,1,1.0,15,1,24,3601908.0,4852.4,0.042,14
Jubilee Hills,530.5,1,2,2.0,0,15,22,7670848.0,14459.7,0.682,7
Madhapur,1051.8,2,2,1.0,10,9,14,8287981.0,7879.8,0.643,12
Banjara Hills,1061.7,2,2,1.0,5,7,11,16597339.0,15632.8,0.636,1
Kukatpally,1314.1,2,3,1.0,1,0,9,8392828.0,6386.7,0.0,10
Nizampet,1204.7,2,3,1.0,3,15,16,6827917.0,5667.7,0.938,16
Nizampet,1337.3,2,2,1.0,25,2,9,5868101.0,4388.0,0.222,16
Gachibowli,1750.4,3,3,2.0,20,2,11,12784028.0,7303.5,0.182,5
Tellapur,668.4,1,1,1.0,3,22,22,3540299.0,5296.7,1.0,18
Financial District,1390.0,3,3,1.0,2,4,11,13848354.0,9962.8,0.364,4
Begumpet,2447.0,4,5,1.0,2,0,4,17030049.0,6959.6,0.0,2
Bowenpally,1841.1,3,3,2.0,3,20,23,10625873.0,5771.5,0.87,3
Hitech City,1240.5,3,3,0.0,2,12,21,11433275.0,9216.7,0.571,6
Financial District,1452.5,3,3,2.0,25,2,15,10611844.0,7305.9,0.133,4
Nizampet,1051.8,2,3,1.0,1,2,2,5926502.0,5634.6,1.0,16
Jubilee Hills,1434.9,2,3,1.0,25,0,13,17154934.0,11955.5,0.0,7
Kompally,966.3,2,3,1.0,2,1,14,4975158.0,5148.7,0.071,8
Gachibowli,627.2,1,2,2.0,1,1,11,5594067.0,8919.1,0.091,5
Ameerpet,1551.0,3,3,1.0,1,3,4,10212677.0,6584.6,0.75,0
Gachibowli,1968.4,3,3,1.0,7,5,9,17043788.0,8658.7,0.556,5
Hitech City,1902.8,3,4,1.0,7,8,14,17222292.0,9051.0,0.571,6
Kondapur,1930.2,4,5,1.0,25,9,20,12726702.0,6593.5,0.45,9
Jubilee Hills,692.3,1,1,2.0,7,1,16,9916217.0,14323.6,0.062,7
Kukatpally,1329.3,2,3,1.0,10,1,12,7913050.0,5952.8,0.083,10
Uppal,1314.8,3,3,1.0,1,3,6,5999286.0,4562.9,0.5,19
Nallagandla,1663.6,3,4,0.0,1,0,2,11374560.0,6837.3,0.0,15
Nallagandla,1552.4,3,3,2.0,15,6,6,9203794.0,5928.8,1.0,15
Financial District,2125.8,4,4,2.0,5,2,11,21033602.0,9894.4,0.182,4
Kondapur,1654.3,3,3,2.0,2,4,11,12609325.0,7622.2,0.364,9
Kondapur,1222.6,3,3,1.0,10,15,23,8164922.0,6678.3,0.652,9
Begumpet,1625.9,3,3,2.0,7,14,25,13506763.0,8307.3,0.56,2
Kondapur,1800.2,3,3,1.0,10,5,10,12263687.0,6812.4,0.5,9
Ameerpet,2124.2,4,4,2.0,3,17,20,14484070.0,6818.6,0.85,0
Kondapur,2773.0,4,5,3.0,15,3,3,18804220.0,6781.2,1.0,9
Nizampet,918.2,2,2,2.0,25,8,8,3657715.0,3983.6,1.0,16
Gachibowli,1074.2,2,2,1.0,1,3,3,8655946.0,8058.0,1.0,5
Nizampet,1930.2,3,4,1.0,15,6,7,8961095.0,4642.6,0.857,16
Gachibowli,1030.9,2,2,1.0,5,11,17,9752072.0,9459.8,0.647,5
Kompally,3442.3,5,6,3.0,5,3,10,18375194.0,5338.1,0.3,8
Nallagandla,1176.4,2,3,1.0,15,19,23,6657331.0,5659.1,0.826,15
Ameerpet,1631.8,3,3,2.0,5,1,3,10147856.0,6218.8,0.333,0
Miyapur,1141.3,2,2,2.0,7,3,4,5912155.0,5180.2,0.75,14
Bowenpally,1003.0,2,3,1.0,5,14,20,5269352.0,5253.6,0.7,3
LB Nagar,1782.5,4,5,2.0,10,12,20,7285914.0,4087.5,0.6,11
Shaikpet,2217.3,3,3,1.0,7,1,8,13733741.0,6193.9,0.125,17
Kompally,967.8,2,2,2.0,20,18,24,4302115.0,4445.3,0.75,8
Hitech City,1509.6,3,4,1.0,1,13,16,16434302.0,10886.5,0.812,6
Begumpet,633.8,1,1,1.0,10,16,18,5108075.0,8059.4,0.889,2
Kompally,2263.6,4,4,1.0,2,5,6,11758901.0,5194.8,0.833,8
Uppal,2323.6,4,5,2.0,15,0,5,9385846.0,4039.4,0.0,19
Tellapur,1668.3,3,3,1.0,3,13,15,11535482.0,6914.5,0.867,18
Manikonda,1191.5,2,3,0.0,25,0,3,6289675.0,5278.8,0.0,13
Jubilee Hills,1361.3,2,3,1.0,0,3,20,20899525.0,15352.6,0.15,7
Ameerpet,2211.3,4,4,1.0,3,1,17,15666282.0,7084.6,0.059,0
Uppal,950.7,2,2,2.0,7,3,14,4344586.0,4569.9,0.214,19
Shaikpet,673.3,1,1,1.0,5,3,15,4331082.0,6432.6,0.2,17
Jubilee Hills,1025.7,2,2,1.0,7,6,9,13182352.0,12852.1,0.667,7
LB Nagar,1161.8,2,2,1.0,2,14,20,4574699.0,3937.6,0.7,11
Kompally,1313.2,2,3,3.0,0,0,3,7322567.0,5576.1,0.0,8
Ameerpet,2200.0,4,5,1.0,15,0,7,12665664.0,5757.1,0.0,0
Kondapur,1130.0,2,2,1.0,7,19,25,7609239.0,6733.8,0.76,9
Kompally,1554.1,3,3,2.0,3,13,21,8133211.0,5233.4,0.619,8
Shaikpet,1588.1,3,4,1.0,2,7,21,12088143.0,7611.7,0.333,17
Ameerpet,1193.0,2,3,1.0,7,2,13,7233553.0,6063.3,0.154,0
Ameerpet,1659.0,3,3,1.0,15,3,3,9256074.0,5579.3,1.0,0
Uppal,793.7,2,3,1.0,7,7,12,3369005.0,4244.7,0.583,19
Madhapur,1585.3,3,3,1.0,7,2,5,14186867.0,8949.0,0.4,12
Uppal,1144.7,2,2,0.0,5,7,19,4969577.0,4341.4,0.368,19
LB Nagar,1174.4,2,3,1.0,2,10,20,5375229.0,4577.0,0.5,11
Financial District,1117.8,2,3,2.0,7,16,16,11927815.0,10670.8,1.0,4
Madhapur,1398.2,3,4,1.0,2,4,6,11572528.0,8276.7,0.667,12
Nizampet,2171.9,4,5,1.0,3,19,21,14054687.0,6471.1,0.905,16
Gachibowli,1517.0,3,4,0.0,3,0,25,14539709.0,9584.5,0.0,5
Kondapur,1624.8,3,3,1.0,25,9,21,8731231.0,5373.7,0.429,9
Gachibowli,1222.0,2,3,2.0,7,23,24,10622657.0,8692.8,0.958,5
Kompally,2368.7,4,5,2.0,20,3,7,9936251.0,4194.8,0.429,8
LB Nagar,749.3,1,1,3.0,3,12,21,3503206.0,4675.3,0.571,11
Jubilee Hills,1027.3,2,3,1.0,5,2,7,14496258.0,14111.0,0.286,7
Nizampet,1863.1,3,4,1.0,1,6,7,9697536.0,5205.1,0.857,16
Begumpet,2244.1,4,5,1.0,10,18,19,16980999.0,7567.0,0.947,2
Miyapur,569.3,1,1,2.0,1,7,22,3675715.0,6456.6,0.318,14
Kukatpally,1038.2,2,3,1.0,10,13,15,6226430.0,5997.3,0.867,10
Ameerpet,600.9,1,1,1.0,5,17,22,3661155.0,6092.8,0.773,0
Nizampet,1028.6,2,3,1.0,3,5,21,5730465.0,5571.1,0.238,16
Nallagandla,1226.6,2,2,1.0,20,14,15,7319396.0,5967.2,0.933,15
Banjara Hills,1522.0,3,4,1.0,2,5,6,20143792.0,13235.1,0.833,1
Tellapur,1270.9,2,3,3.0,15,1,2,8200141.0,6452.2,0.5,18
Madhapur,1392.3,3,4,1.0,25,0,7,8551876.0,6142.3,0.0,12
Begumpet,1391.8,2,2,1.0,10,0,3,10569585.0,7594.2,0.0,2
Financial District,1769.6,3,4,1.0,1,20,22,17511209.0,9895.6,0.909,4
Miyapur,2329.7,4,5,1.0,0,2,11,14206923.0,6098.2,0.182,14
Nallagandla,1410.5,2,2,3.0,7,16,20,8717365.0,6180.3,0.8,15
Banjara Hills,1187.8,2,2,1.0,15,3,8,16188497.0,13629.0,0.375,1
Nizampet,1191.4,2,3,2.0,0,3,16,6575563.0,5519.2,0.188,16
Madhapur,1449.1,2,2,2.0,15,10,21,10216706.0,7050.4,0.476,12
Kondapur,1114.8,2,2,1.0,5,1,3,7956813.0,7137.4,0.333,9
Kompally,1412.9,3,3,2.0,20,1,7,5261326.0,3723.8,0.143,8
Tellapur,1241.3,2,3,0.0,0,6,13,7887133.0,6353.9,0.462,18
Uppal,1848.6,4,4,0.0,5,4,14,7969619.0,4311.2,0.286,19
Kompally,651.2,1,2,3.0,1,2,8,3321961.0,5101.3,0.25,8
Ameerpet,1265.4,2,3,1.0,0,7,12,7826572.0,6185.1,0.583,0
Tellapur,1892.4,4,4,0.0,2,2,6,13600336.0,7186.8,0.333,18
Begumpet,1600.6,3,4,2.0,1,8,23,14104658.0,8812.1,0.348,2
Begumpet,1880.4,4,4,1.0,2,24,24,12808790.0,6811.7,1.0,2
Bowenpally,1426.0,2,2,1.0,5,9,14,7092968.0,4974.0,0.643,3
Tellapur,1673.0,3,4,1.0,7,5,22,11055727.0,6608.3,0.227,18
Madhapur,1858.3,4,5,1.0,0,4,19,14904924.0,8020.7,0.211,12
Madhapur,1993.1,4,5,1.0,5,12,20,15296606.0,7674.8,0.6,12
Kompally,1399.5,2,3,1.0,1,0,3,7933473.0,5668.8,0.0,8
Shaikpet,1258.7,2,2,2.0,5,1,3,8865346.0,7043.3,0.333,17
Kompally,1534.7,3,3,1.0,7,5,13,7178490.0,4677.5,0.385,8
LB Nagar,1265.7,2,2,2.0,5,0,13,5284412.0,4175.1,0.0,11
Madhapur,1143.0,2,2,1.0,7,5,10,9643907.0,8437.4,0.5,12
Nizampet,2084.3,3,3,1.0,1,8,19,12166712.0,5837.3,0.421,16
Uppal,989.2,2,2,2.0,15,2,19,3605316.0,3644.7,0.105,19
Hitech City,663.8,1,1,1.0,2,21,23,5877538.0,8854.4,0.913,6
Miyapur,1972.8,3,3,1.0,3,5,10,11027300.0,5589.7,0.5,14
Nallagandla,1592.5,3,3,1.0,5,17,23,9649107.0,6059.1,0.739,15
Nallagandla,1717.9,3,3,1.0,2,4,8,11129945.0,6478.8,0.5,15
Begumpet,2673.3,4,4,1.0,5,0,11,16302118.0,6098.1,0.0,2
Kompally,1440.5,3,3,1.0,7,6,24,7132765.0,4951.6,0.25,8
Ameerpet,1105.3,2,2,2.0,3,11,21,7307640.0,6611.5,0.524,0
Kondapur,3123.7,5,5,1.0,20,1,17,19297128.0,6177.7,0.059,9
Tellapur,600.3,1,2,0.0,20,15,15,3861581.0,6432.8,1.0,18
Kondapur,2136.9,4,4,0.0,0,6,18,16126263.0,7546.6,0.333,9
Ameerpet,1081.6,2,3,0.0,7,8,8,6928713.0,6406.0,1.0,0
Madhapur,1115.3,2,2,3.0,5,13,16,9883743.0,8862.0,0.812,12
Jubilee Hills,1116.8,2,3,1.0,25,8,8,13515618.0,12102.1,1.0,7
Ameerpet,2466.6,4,4,1.0,10,3,12,16173628.0,6557.1,0.25,0
Uppal,1961.3,3,3,2.0,0,2,9,8137494.0,4149.0,0.222,19
Madhapur,2260.2,4,4,1.0,7,3,11,19417401.0,8591.0,0.273,12
Ameerpet,1000.1,2,3,1.0,7,4,9,6311351.0,6310.7,0.444,0
Nallagandla,1785.6,3,4,1.0,3,2,3,11097805.0,6215.2,0.667,15
Ameerpet,1378.3,3,3,0.0,2,12,17,8715459.0,6323.3,0.706,0
Miyapur,1150.4,2,3,2.0,10,9,11,6612998.0,5748.4,0.818,14
Kompally,762.8,2,2,2.0,7,0,11,3807580.0,4991.6,0.0,8
Kondapur,727.2,1,1,1.0,20,6,16,4999415.0,6874.9,0.375,9
Banjara Hills,610.0,1,1,2.0,2,2,4,8132772.0,13332.4,0.5,1
Gachibowli,1836.2,3,4,1.0,3,3,3,15820350.0,8615.8,1.0,5
Shaikpet,1163.8,2,2,1.0,1,13,20,9671371.0,8310.2,0.65,17
Begumpet,1156.4,2,3,1.0,15,14,22,7161763.0,6193.2,0.636,2
LB Nagar,750.8,1,1,1.0,0,6,17,3246751.0,4324.4,0.353,11
Kondapur,1650.2,4,5,2.0,2,4,12,12421318.0,7527.2,0.333,9
Bowenpally,2221.5,3,3,1.0,1,16,25,12541680.0,5645.6,0.64,3
Manikonda,1172.3,2,2,0.0,7,6,18,7799359.0,6653.0,0.333,13
Miyapur,1477.1,3,4,1.0,25,2,14,7109736.0,4813.3,0.143,14
Shaikpet,1350.8,2,2,2.0,0,0,5,8500243.0,6292.7,0.0,17
Banjara Hills,1505.1,3,4,2.0,5,0,13,20236236.0,13445.1,0.0,1
Nallagandla,618.2,1,1,1.0,5,19,24,4012046.0,6489.9,0.792,15
LB Nagar,1483.6,3,4,2.0,1,10,24,6514156.0,4390.8,0.417,11
Nizampet,1693.3,3,4,0.0,1,1,8,8886757.0,5248.2,0.125,16
Miyapur,1245.7,2,2,0.0,10,17,18,7399351.0,5939.9,0.944,14
Financial District,2134.3,4,4,0.0,2,6,9,20899083.0,9792.0,0.667,4
Financial District,2498.0,4,5,1.0,2,10,21,24170649.0,9676.0,0.476,4
Uppal,2746.3,4,4,2.0,2,4,20,11992160.0,4366.7,0.2,19
LB Nagar,2247.5,4,4,2.0,0,5,11,10704568.0,4762.9,0.455,11
Bowenpally,2515.3,4,5,1.0,20,3,21,10426138.0,4145.1,0.143,3
Kompally,1807.7,3,4,1.0,2,7,9,10179532.0,5631.2,0.778,8
Hitech City,933.4,2,3,0.0,7,3,16,8357120.0,8953.4,0.188,6
Nallagandla,2523.5,4,4,2.0,5,9,18,17660523.0,6998.4,0.5,15
Uppal,1270.3,2,3,1.0,5,17,23,6009634.0,4730.9,0.739,19
Begumpet,1663.6,3,3,2.0,0,17,24,14464890.0,8694.9,0.708,2
Hitech City,1493.3,4,4,1.0,5,6,7,12047309.0,8067.6,0.857,6
Uppal,1490.5,3,3,1.0,7,3,13,6442767.0,4322.6,0.231,19
Miyapur,1995.4,3,4,2.0,3,8,10,11660430.0,5843.7,0.8,14
Miyapur,1530.6,3,4,2.0,5,1,6,8699291.0,5683.6,0.167,14
Ameerpet,3618.2,5,6,1.0,7,0,8,19459516.0,5378.2,0.0,0
Madhapur,1677.8,3,3,0.0,2,2,3,13140316.0,7831.9,0.667,12
Bowenpally,1117.9,2,2,1.0,5,2,5,5952516.0,5324.7,0.4,3
Nallagandla,1610.4,3,3,1.0,3,7,22,9692899.0,6018.9,0.318,15
Financial District,2056.1,3,4,2.0,0,14,15,20416382.0,9929.7,0.933,4
Financial District,1669.8,3,3,1.0,25,5,17,13382231.0,8014.3,0.294,4
Madhapur,1393.5,2,2,2.0,5,0,11,10360675.0,7435.0,0.0,12
Hitech City,2729.2,5,6,1.0,20,4,14,21082602.0,7724.8,0.286,6
Miyapur,1732.2,3,3,1.0,7,6,7,9466724.0,5465.1,0.857,14
LB Nagar,1809.6,3,3,2.0,1,13,18,7584185.0,4191.1,0.722,11
Gachibowli,1610.7,3,3,2.0,10,10,17,13237904.0,8218.7,0.588,5
Miyapur,1774.5,3,3,2.0,0,0,5,9103242.0,5130.0,0.0,14
Hitech City,1279.4,2,3,1.0,5,18,18,11599187.0,9066.1,1.0,6
Ameerpet,2011.5,3,3,1.0,5,3,11,11461123.0,5697.8,0.273,0
Kukatpally,3096.9,5,6,2.0,10,7,23,18211878.0,5880.7,0.304,10
Tellapur,1264.5,2,3,2.0,15,3,17,7994301.0,6322.1,0.176,18
Gachibowli,1707.5,3,4,2.0,2,19,19,14304951.0,8377.7,1.0,5
Nizampet,2293.7,4,4,1.0,20,20,23,10767405.0,4694.3,0.87,16
Miyapur,1581.9,3,4,1.0,3,17,22,9186465.0,5807.2,0.773,14
Tellapur,2141.6,4,4,1.0,7,12,24,12675430.0,5918.7,0.5,18
Tellapur,2182.5,4,5,1.0,1,2,14,13456001.0,6165.4,0.143,18
Uppal,1859.5,3,3,1.0,2,0,6,8405147.0,4520.1,0.0,19
Uppal,1506.3,3,4,1.0,3,0,7,6269494.0,4162.2,0.0,19
Kukatpally,1717.1,3,3,1.0,15,5,6,9119436.0,5311.0,0.833,10
Uppal,1745.7,4,4,1.0,1,13,14,8683004.0,4973.9,0.929,19
Gachibowli,2111.3,4,4,1.0,1,12,24,18012467.0,8531.5,0.5,5
Financial District,1761.8,3,3,1.0,25,4,7,14241910.0,8083.7,0.571,4
Tellapur,1169.6,2,2,1.0,2,20,22,8053783.0,6885.9,0.909,18
Banjara Hills,1645.3,3,3,2.0,1,5,5,23083568.0,14030.0,1.0,1
Hitech City,1736.6,3,3,1.0,5,7,17,14785737.0,8514.2,0.412,6
Manikonda,1219.5,2,3,1.0,7,1,9,7694180.0,6309.3,0.111,13
Bowenpally,1621.2,3,3,1.0,15,5,15,7867362.0,4852.8,0.333,3
Financial District,1219.0,2,2,1.0,5,2,3,11460523.0,9401.6,0.667,4
Shaikpet,1848.7,4,4,1.0,15,18,21,10675622.0,5774.7,0.857,17
Jubilee Hills,1313.5,2,2,2.0,1,2,5,19167070.0,14592.4,0.4,7
Tellapur,674.5,1,2,1.0,0,1,11,4590192.0,6805.3,0.091,18
Hitech City,1385.6,3,4,1.0,25,16,22,10173305.0,7342.2,0.727,6
Tellapur,2503.3,4,4,2.0,3,2,15,16479195.0,6583.0,0.133,18
Miyapur,1104.0,2,3,1.0,7,0,22,5323738.0,4822.2,0.0,14
Hitech City,1718.4,3,3,1.0,2,12,14,16188693.0,9420.8,0.857,6
LB Nagar,1023.9,2,2,2.0,25,1,9,3862142.0,3772.0,0.111,11
Nallagandla,1192.1,2,2,1.0,5,9,21,8366903.0,7018.6,0.429,15
Hitech City,1223.2,2,2,2.0,5,1,4,11628706.0,9506.8,0.25,6
Miyapur,1445.0,3,4,1.0,15,7,24,7744821.0,5359.7,0.292,14
Jubilee Hills,1446.2,3,3,1.0,10,1,14,21672473.0,14985.8,0.071,7
Bowenpally,1777.3,4,5,2.0,10,18,23,11557738.0,6503.0,0.783,3
Gachibowli,1040.4,2,3,2.0,3,4,4,7204557.0,6924.8,1.0,5
Shaikpet,1112.8,2,2,3.0,1,13,21,8295316.0,7454.5,0.619,17
Miyapur,2199.6,4,4,1.0,2,12,18,13016645.0,5917.7,0.667,14
Manikonda,1391.7,2,2,1.0,10,4,7,7731428.0,5555.4,0.571,13
Bowenpally,1865.1,3,3,1.0,3,9,21,8413303.0,4510.9,0.429,3
Nizampet,2561.7,4,5,2.0,1,2,10,15105432.0,5896.6,0.2,16
Jubilee Hills,1407.6,2,3,1.0,5,13,16,20487829.0,14555.1,0.812,7
Financial District,1209.8,2,3,2.0,0,1,17,11374360.0,9401.9,0.059,4
Shaikpet,1562.6,3,4,1.0,7,9,13,11088846.0,7096.4,0.692,17
LB Nagar,1063.8,2,2,1.0,7,3,8,4744901.0,4460.3,0.375,11
Hitech City,1140.5,2,2,1.0,0,5,5,9847826.0,8634.7,1.0,6
Bowenpally,1806.8,3,3,2.0,5,1,6,9609831.0,5318.7,0.167,3
LB Nagar,1112.0,2,2,2.0,3,2,5,5182802.0,4660.8,0.4,11
Manikonda,576.2,1,2,1.0,3,18,25,3726195.0,6466.8,0.72,13
Kondapur,657.7,1,1,1.0,5,6,8,4813169.0,7318.2,0.75,9
Gachibowli,1466.7,3,3,2.0,7,12,22,14067004.0,9590.9,0.545,5
Tellapur,1766.0,3,3,1.0,7,6,7,12074470.0,6837.2,0.857,18
Ameerpet,1099.5,2,3,2.0,7,2,20,6771824.0,6159.0,0.1,0
Financial District,2097.3,4,5,0.0,10,17,23,18451266.0,8797.6,0.739,4
Tellapur,2678.3,4,4,1.0,5,15,17,21186756.0,7910.5,0.882,18
Shaikpet,1210.3,2,3,2.0,1,5,9,9101511.0,7520.0,0.556,17
Tellapur,1464.1,3,3,1.0,3,9,19,10800442.0,7376.8,0.474,18
Uppal,1699.0,3,4,3.0,3,11,16,8709383.0,5126.2,0.688,19
Nallagandla,1140.5,2,3,1.0,0,0,15,7735726.0,6782.7,0.0,15
Nizampet,1189.5,2,2,1.0,2,2,18,6254943.0,5258.5,0.111,16
Banjara Hills,1237.1,2,2,2.0,1,8,13,17365913.0,14037.6,0.615,1
Nallagandla,971.5,2,2,2.0,20,6,10,5807828.0,5978.2,0.6,15
Kondapur,1141.8,2,3,1.0,5,5,8,8050087.0,7050.3,0.625,9
Manikonda,1202.9,2,3,3.0,3,1,3,7149717.0,5943.7,0.333,13
Hitech City,836.3,1,1,1.0,7,1,3,7940544.0,9494.9,0.333,6
Gachibowli,1532.0,2,2,1.0,1,0,11,12881013.0,8408.0,0.0,5
Madhapur,791.9,2,3,2.0,10,1,14,6201152.0,7830.7,0.071,12
LB Nagar,1451.8,3,3,1.0,2,19,20,7067033.0,4867.8,0.95,11
Jubilee Hills,770.1,1,1,3.0,15,14,23,10324893.0,13407.2,0.609,7
Madhapur,2079.2,4,5,1.0,7,2,17,16899748.0,8128.0,0.118,12
Bowenpally,1933.8,3,4,1.0,0,9,16,10707741.0,5537.2,0.562,3
Gachibowli,621.0,1,1,1.0,25,8,13,4105852.0,6611.7,0.615,5
Gachibowli,2360.8,4,4,1.0,10,3,18,20293236.0,8595.9,0.167,5
Kompally,1399.6,3,4,0.0,7,0,5,7695889.0,5498.6,0.0,8
Bowenpally,1277.1,2,3,1.0,5,3,25,6018804.0,4712.9,0.12,3
Financial District,1088.1,2,2,1.0,5,19,22,10292616.0,9459.3,0.864,4
Ameerpet,1181.1,2,2,2.0,10,6,6,7350426.0,6223.4,1.0,0
Tellapur,2684.0,4,5,2.0,5,6,8,17956734.0,6690.3,0.75,18
Gachibowli,1656.2,3,4,2.0,25,2,9,11583010.0,6993.7,0.222,5
LB Nagar,635.9,1,1,3.0,20,12,19,2592736.0,4077.3,0.632,11
Tellapur,1517.2,3,4,2.0,7,0,14,10745621.0,7082.5,0.0,18
Hitech City,2559.4,4,5,1.0,5,8,9,24346560.0,9512.6,0.889,6
Miyapur,1103.6,2,2,1.0,7,4,5,6050908.0,5482.9,0.8,14
Hitech City,604.0,1,1,1.0,5,2,3,5419460.0,8972.6,0.667,6
Begumpet,1602.1,3,3,1.0,10,7,12,10321602.0,6442.5,0.583,2
Kukatpally,2894.4,5,6,2.0,10,14,23,19334485.0,6680.0,0.609,10
Gachibowli,1299.5,2,3,2.0,7,11,19,11020949.0,8480.9,0.579,5
Nizampet,1861.9,4,5,1.0,0,4,8,9969637.0,5354.6,0.5,16
Hitech City,1774.7,3,4,1.0,1,19,22,17478919.0,9848.9,0.864,6
LB Nagar,1962.1,4,4,2.0,25,2,12,6582719.0,3354.9,0.167,11
Jubilee Hills,876.9,2,3,1.0,2,0,11,14645956.0,16702.0,0.0,7
Bowenpally,1587.8,3,4,1.0,3,4,10,8794479.0,5538.8,0.4,3
LB Nagar,1512.8,3,3,1.0,1,22,22,6731407.0,4449.6,1.0,11
Madhapur,1591.7,3,3,2.0,15,0,3,11785584.0,7404.4,0.0,12
Ameerpet,590.8,1,1,2.0,7,2,2,3641235.0,6163.2,1.0,0
Financial District,1351.2,2,2,2.0,15,15,19,12295936.0,9100.0,0.789,4
Nallagandla,1058.5,2,3,2.0,2,15,19,6949079.0,6565.0,0.789,15
Miyapur,1319.1,3,3,1.0,2,2,2,8306276.0,6296.9,1.0,14
Gachibowli,1866.6,4,5,1.0,1,3,3,16429790.0,8802.0,1.0,5
Kondapur,2774.8,4,4,1.0,25,4,11,16164827.0,5825.6,0.364,9
Begumpet,1836.9,3,4,1.0,3,1,2,13837479.0,7533.1,0.5,2
Madhapur,1524.1,3,3,1.0,0,11,12,12795182.0,8395.2,0.917,12
Bowenpally,717.8,1,1,1.0,5,5,10,3270463.0,4556.2,0.5,3
Madhapur,1880.5,3,4,1.0,2,3,18,14777254.0,7858.2,0.167,12
Shaikpet,1263.2,2,3,1.0,3,1,2,8435172.0,6677.6,0.5,17
Begumpet,2464.5,4,4,1.0,10,10,11,18599061.0,7546.8,0.909,2
LB Nagar,1459.6,2,3,1.0,20,4,12,5092013.0,3488.6,0.333,11
Uppal,2101.5,3,3,1.0,1,2,7,9032694.0,4298.2,0.286,19
Manikonda,2071.9,4,4,1.0,10,0,22,12195987.0,5886.4,0.0,13
Financial District,1575.6,3,3,1.0,1,5,8,14478831.0,9189.4,0.625,4
Tellapur,1000.7,2,2,1.0,5,13,13,6861644.0,6856.8,1.0,18
Hitech City,1730.7,3,3,1.0,3,23,25,16944690.0,9790.7,0.92,6
Ameerpet,2216.2,4,4,1.0,10,4,5,11873298.0,5357.5,0.8,0
Uppal,1901.4,3,4,1.0,15,6,10,7586010.0,3989.7,0.6,19
Gachibowli,1315.0,3,3,2.0,1,9,14,12521828.0,9522.3,0.643,5
Kukatpally,1097.4,2,3,0.0,0,8,14,7023443.0,6400.1,0.571,10
Manikonda,2046.9,3,3,1.0,0,1,7,12793247.0,6250.1,0.143,13
Jubilee Hills,1634.9,3,3,0.0,5,8,10,25142480.0,15378.6,0.8,7
Uppal,1131.0,2,3,2.0,15,1,18,4192489.0,3706.9,0.056,19
Tellapur,585.6,1,2,1.0,0,0,8,4194307.0,7162.4,0.0,18
Uppal,3631.4,5,6,1.0,10,13,17,16883111.0,4649.2,0.765,19
Hitech City,1937.4,3,3,2.0,3,1,2,16927396.0,8737.2,0.5,6
Shaikpet,2548.2,4,4,2.0,25,5,12,16836331.0,6607.1,0.417,17
Kompally,1976.8,3,3,1.0,25,3,5,8574274.0,4337.5,0.6,8
Kondapur,1338.2,2,2,1.0,15,9,11,9329487.0,6971.7,0.818,9
Manikonda,762.5,2,3,1.0,2,14,16,4963577.0,6509.6,0.875,13
Madhapur,2311.1,4,5,1.0,7,5,9,16052952.0,6946.0,0.556,12
Manikonda,2203.8,4,4,0.0,3,4,11,14577070.0,6614.5,0.364,13
Begumpet,2259.9,4,4,2.0,7,0,24,16161661.0,7151.5,0.0,2
LB Nagar,1275.2,2,2,2.0,1,8,14,6004235.0,4708.5,0.571,11
Gachibowli,2353.4,4,4,0.0,0,10,19,19830364.0,8426.3,0.526,5
Jubilee Hills,1231.9,2,2,1.0,5,8,11,18242330.0,14808.3,0.727,7
Tellapur,1866.1,4,4,0.0,5,3,3,11812916.0,6330.3,1.0,18
Jubilee Hills,1256.8,2,2,1.0,3,15,18,18297214.0,14558.6,0.833,7
Ameerpet,2563.9,4,4,2.0,0,5,16,18704911.0,7295.5,0.312,0
Banjara Hills,1779.5,3,3,3.0,2,10,20,24995385.0,14046.3,0.5,1
Bowenpally,1676.1,3,3,1.0,1,1,15,8902907.0,5311.7,0.067,3
Ameerpet,1160.5,3,3,3.0,0,9,20,8275342.0,7130.8,0.45,0
Gachibowli,1322.7,3,3,1.0,1,10,17,12105204.0,9151.9,0.588,5
Banjara Hills,1533.0,3,4,1.0,1,0,7,23728210.0,15478.3,0.0,1
Manikonda,1344.8,3,4,3.0,0,20,21,9706959.0,7218.1,0.952,13
Manikonda,568.0,1,1,3.0,2,1,6,3254108.0,5729.1,0.167,13
Miyapur,1623.6,3,3,0.0,5,4,13,8856516.0,5454.9,0.308,14
Shaikpet,1618.3,3,3,2.0,5,5,5,12164767.0,7517.0,1.0,17
Jubilee Hills,1315.8,3,3,2.0,25,2,23,15138286.0,11505.0,0.087,7
Kondapur,1087.2,2,2,1.0,7,8,19,7499071.0,6897.6,0.421,9
Uppal,1379.8,3,3,1.0,10,5,8,5004910.0,3627.3,0.625,19
Shaikpet,1161.2,2,2,1.0,0,1,6,8048263.0,6931.0,0.167,17
Uppal,1537.7,3,4,2.0,2,13,22,7477765.0,4863.0,0.591,19
Begumpet,2446.5,4,4,3.0,7,4,7,16740901.0,6842.8,0.571,2
Uppal,955.4,2,2,1.0,25,20,24,3466969.0,3628.8,0.833,19
Ameerpet,3928.1,5,5,2.0,7,3,6,21769983.0,5542.1,0.5,0
Nizampet,1412.6,3,3,2.0,0,12,17,8289634.0,5868.4,0.706,16
Hitech City,1897.9,3,3,0.0,0,5,6,18175991.0,9576.9,0.833,6
Madhapur,1180.9,2,3,1.0,15,8,9,8218147.0,6959.2,0.889,12
Uppal,1302.9,2,3,1.0,10,4,7,6242663.0,4791.4,0.571,19
Bowenpally,1657.7,3,3,1.0,0,18,25,7867651.0,4746.1,0.72,3
Uppal,2345.3,4,5,1.0,2,7,9,10843749.0,4623.6,0.778,19
Financial District,2473.4,4,5,1.0,3,6,19,24554705.0,9927.5,0.316,4
Ameerpet,1781.6,3,4,1.0,5,3,5,11514975.0,6463.3,0.6,0
Hitech City,2906.1,4,5,2.0,15,2,12,22431777.0,7718.9,0.167,6
Tellapur,1907.3,3,3,2.0,10,8,23,12623678.0,6618.6,0.348,18
LB Nagar,1478.4,3,3,1.0,5,5,6,6119643.0,4139.4,0.833,11
Uppal,2001.5,3,3,2.0,10,4,8,8718788.0,4356.1,0.5,19
Nallagandla,1804.4,3,3,1.0,15,8,13,10028338.0,5557.7,0.615,15
Financial District,1886.5,3,3,1.0,15,9,18,17989178.0,9535.7,0.5,4
Bowenpally,1313.8,2,2,2.0,7,4,4,7612644.0,5794.4,1.0,3
Kompally,1530.5,3,3,1.0,20,13,23,7434427.0,4857.5,0.565,8
Begumpet,1363.2,2,2,2.0,10,3,10,10097860.0,7407.5,0.3,2
Tellapur,2289.9,4,4,2.0,10,2,19,13673993.0,5971.4,0.105,18
Kukatpally,1121.8,2,2,1.0,1,9,11,7812917.0,6964.6,0.818,10
Bowenpally,1657.7,3,3,2.0,7,3,6,7978808.0,4813.2,0.5,3
Miyapur,2424.4,4,5,2.0,5,3,3,13512303.0,5573.5,1.0,14
Kukatpally,1405.4,2,3,3.0,5,2,16,8967423.0,6380.7,0.125,10
Gachibowli,1825.3,3,3,1.0,15,7,11,16181898.0,8865.3,0.636,5
Tellapur,1562.7,3,3,1.0,1,4,24,9961931.0,6374.8,0.167,18
Gachibowli,2632.3,4,5,1.0,3,2,5,24286695.0,9226.4,0.4,5
Gachibowli,1339.8,2,2,1.0,20,1,18,10148200.0,7574.4,0.056,5
Kukatpally,1417.8,3,3,1.0,3,9,23,8870091.0,6256.2,0.391,10
Gachibowli,1562.7,3,3,1.0,0,20,22,13854111.0,8865.5,0.909,5
Jubilee Hills,1719.7,4,4,1.0,10,6,6,22186849.0,12901.6,1.0,7
Jubilee Hills,1033.7,2,2,1.0,2,0,2,15953729.0,15433.6,0.0,7
Nizampet,1530.6,3,3,2.0,1,4,7,8560472.0,5592.9,0.571,16
Tellapur,1606.5,3,3,3.0,1,14,15,11248079.0,7001.6,0.933,18
LB Nagar,987.5,2,2,1.0,7,9,10,4080660.0,4132.3,0.9,11
Shaikpet,2064.5,4,5,0.0,7,3,13,13976648.0,6770.0,0.231,17
Financial District,1170.7,2,2,1.0,2,8,20,11423718.0,9758.0,0.4,4
Hitech City,910.9,2,3,2.0,0,0,17,8293888.0,9105.2,0.0,6
Begumpet,1580.3,3,3,1.0,2,17,18,11759371.0,7441.2,0.944,2
Uppal,1108.2,2,3,1.0,15,10,15,5029091.0,4538.1,0.667,19
Nallagandla,2165.1,3,4,1.0,2,3,17,15661943.0,7233.8,0.176,15
Tellapur,2126.3,4,4,0.0,2,3,3,17129986.0,8056.2,1.0,18
Uppal,869.6,2,3,1.0,3,17,21,4512230.0,5188.9,0.81,19
Manikonda,2380.5,4,4,3.0,25,8,11,13070117.0,5490.5,0.727,13
Financial District,2461.6,4,5,2.0,7,5,6,19334309.0,7854.4,0.833,4
Banjara Hills,950.4,2,2,1.0,2,13,18,15461199.0,16268.1,0.722,1
Shaikpet,581.8,1,2,0.0,5,3,7,3509619.0,6032.3,0.429,17
Begumpet,2014.2,4,4,2.0,7,12,14,16137067.0,8011.7,0.857,2
Tellapur,1310.3,2,3,1.0,3,16,16,9327420.0,7118.5,1.0,18
Manikonda,1176.6,3,4,0.0,1,13,21,8480128.0,7207.3,0.619,13
Banjara Hills,1373.8,2,3,1.0,5,13,23,18858281.0,13727.1,0.565,1
Ameerpet,1222.9,2,2,1.0,0,8,9,7399014.0,6050.4,0.889,0
Begumpet,2179.7,4,5,1.0,0,0,4,16720666.0,7671.1,0.0,2
LB Nagar,2297.2,4,4,1.0,10,9,21,9647748.0,4199.8,0.429,11
Ameerpet,2065.5,4,5,1.0,0,8,10,13996415.0,6776.3,0.8,0
Kompally,1654.8,4,5,1.0,15,6,12,8276120.0,5001.3,0.5,8
Kompally,1570.6,3,3,2.0,1,9,24,7322919.0,4662.5,0.375,8
Jubilee Hills,1442.9,3,3,2.0,3,0,19,19283876.0,13364.7,0.0,7
Hitech City,1209.7,2,3,1.0,7,5,16,10834390.0,8956.3,0.312,6
Manikonda,1278.7,3,3,1.0,7,3,8,7975691.0,6237.3,0.375,13
Nallagandla,1111.0,2,3,3.0,2,14,16,7742674.0,6969.1,0.875,15
Madhapur,1699.9,3,3,2.0,1,3,19,14980327.0,8812.5,0.158,12
Begumpet,2572.9,4,5,1.0,1,13,16,21224633.0,8249.3,0.812,2
Ameerpet,2090.7,4,5,1.0,2,13,15,13714842.0,6559.9,0.867,0
LB Nagar,1128.6,2,2,1.0,2,20,23,4954707.0,4390.1,0.87,11
Begumpet,1317.0,2,2,2.0,20,0,18,8687259.0,6596.2,0.0,2
Kompally,1623.5,3,3,1.0,2,1,5,7619173.0,4693.1,0.2,8
Tellapur,1761.2,3,3,1.0,1,11,16,12787065.0,7260.4,0.688,18
Tellapur,2000.0,3,4,3.0,0,12,12,14137701.0,7068.9,1.0,18
Tellapur,2894.2,5,5,1.0,10,15,24,17100498.0,5908.5,0.625,18
Bowenpally,2141.4,4,4,0.0,1,5,11,12071149.0,5637.0,0.455,3
Madhapur,2332.7,4,4,1.0,0,12,22,18461784.0,7914.3,0.545,12
Begumpet,1186.1,2,3,1.0,3,4,20,8173746.0,6891.3,0.2,2
Financial District,1112.5,2,2,0.0,1,12,14,9580644.0,8611.8,0.857,4
Gachibowli,2183.6,4,4,1.0,5,14,17,20367881.0,9327.7,0.824,5
Banjara Hills,1043.6,2,2,0.0,2,6,8,15687375.0,15032.0,0.75,1
Uppal,1608.4,3,4,2.0,1,9,10,7575463.0,4709.9,0.9,19
Madhapur,1529.4,3,4,2.0,7,7,22,12035171.0,7869.2,0.318,12
Manikonda,2260.7,4,4,1.0,7,1,13,14364274.0,6353.9,0.077,13
LB Nagar,746.9,1,1,2.0,20,16,18,2874382.0,3848.4,0.889,11
LB Nagar,1146.5,2,3,2.0,15,5,24,4627518.0,4036.2,0.208,11
Shaikpet,695.8,1,1,2.0,7,2,7,4424322.0,6358.6,0.286,17
Financial District,636.2,1,1,1.0,7,2,4,5869137.0,9225.3,0.5,4
Manikonda,1555.4,3,3,1.0,10,13,14,8803857.0,5660.2,0.929,13
Tellapur,1856.9,4,4,1.0,1,13,24,12451318.0,6705.4,0.542,18
Nallagandla,1052.6,2,2,1.0,5,14,17,6868572.0,6525.3,0.824,15
Kompally,1621.4,3,3,1.0,7,15,22,7346462.0,4530.9,0.682,8
Hitech City,1129.4,2,2,1.0,10,9,17,9178470.0,8126.9,0.529,6
Nallagandla,1608.7,3,3,1.0,2,1,4,10871231.0,6757.8,0.25,15
Tellapur,2983.8,5,5,2.0,3,7,14,19616689.0,6574.4,0.5,18
Ameerpet,926.0,2,3,0.0,2,9,9,5305548.0,5729.5,1.0,0
Tellapur,1374.0,3,3,1.0,20,10,14,8414629.0,6124.2,0.714,18
LB Nagar,1203.6,2,2,2.0,5,4,19,4887645.0,4060.9,0.211,11
Nizampet,946.5,2,3,1.0,15,6,9,4197616.0,4434.9,0.667,16
Hitech City,2610.7,4,4,2.0,1,4,7,24303268.0,9309.1,0.571,6
Gachibowli,1438.6,2,2,1.0,3,3,14,12608534.0,8764.4,0.214,5
Ameerpet,1900.3,3,3,1.0,5,12,13,13037410.0,6860.7,0.923,0
Miyapur,999.8,2,2,0.0,25,3,16,5320797.0,5321.9,0.188,14
Hitech City,1483.3,3,4,2.0,1,0,2,12554178.0,8463.7,0.0,6
Kompally,2033.6,4,4,2.0,5,1,6,10514897.0,5170.6,0.167,8
Nallagandla,1748.9,3,4,2.0,3,1,3,12256825.0,7008.3,0.333,15
Begumpet,1374.6,3,4,1.0,3,0,15,10519597.0,7652.8,0.0,2
Nizampet,1219.3,2,2,1.0,10,5,7,6201057.0,5085.8,0.714,16
Tellapur,2653.7,4,5,1.0,10,1,8,14767593.0,5564.9,0.125,18
Kondapur,1955.4,3,3,1.0,0,4,4,16895313.0,8640.3,1.0,9
Begumpet,1113.4,2,2,1.0,5,12,12,7767534.0,6976.4,1.0,2
Kondapur,959.0,2,3,1.0,1,7,15,7226559.0,7535.5,0.467,9
Ameerpet,3288.3,5,5,1.0,2,18,20,23417175.0,7121.4,0.9,0
Nallagandla,2155.6,4,4,2.0,3,5,13,13662300.0,6338.0,0.385,15
Shaikpet,2355.7,4,4,1.0,0,1,3,16990049.0,7212.3,0.333,17
Banjara Hills,1529.2,3,3,1.0,20,3,14,19886071.0,13004.2,0.214,1
Nizampet,1108.6,2,2,1.0,0,1,7,6380715.0,5755.7,0.143,16
Ameerpet,631.5,1,2,1.0,5,13,20,4161666.0,6590.1,0.65,0
Financial District,1196.4,2,3,2.0,0,3,6,11294359.0,9440.3,0.5,4
Nizampet,1631.7,3,3,2.0,2,10,13,8901503.0,5455.4,0.769,16
Kondapur,2909.9,5,6,1.0,7,18,24,19964100.0,6860.8,0.75,9
Kukatpally,1853.9,3,3,3.0,3,14,21,13230651.0,7136.7,0.667,10
Kompally,1044.1,2,2,3.0,1,10,12,6080321.0,5823.5,0.833,8
Madhapur,1257.4,2,3,1.0,3,2,12,10313842.0,8202.5,0.167,12
Hitech City,1172.7,2,2,1.0,20,0,20,8670427.0,7393.6,0.0,6
Begumpet,1880.8,4,4,2.0,2,17,20,15527237.0,8255.7,0.85,2
Miyapur,1555.4,3,3,0.0,0,0,10,8735623.0,5616.3,0.0,14
Manikonda,2022.5,4,4,1.0,0,11,17,15285230.0,7557.6,0.647,13
Begumpet,1097.2,2,3,2.0,5,9,17,8507807.0,7754.1,0.529,2
Kukatpally,1676.4,3,3,1.0,5,3,3,11152123.0,6652.4,1.0,10
Banjara Hills,1433.0,2,3,1.0,15,12,18,18811601.0,13127.4,0.667,1
Ameerpet,1635.8,3,3,1.0,0,6,12,10958258.0,6699.0,0.5,0
Bowenpally,1540.0,2,2,0.0,10,13,22,8355081.0,5425.4,0.591,3
Kondapur,629.8,1,2,1.0,3,13,14,4623280.0,7340.9,0.929,9
Nallagandla,2828.6,4,4,1.0,2,15,19,18995572.0,6715.5,0.789,15
Begumpet,1619.1,3,3,3.0,5,2,3,13121814.0,8104.4,0.667,2
Madhapur,1993.3,4,5,0.0,15,10,12,13548811.0,6797.2,0.833,12
Madhapur,1679.2,3,3,3.0,10,13,17,12913093.0,7690.0,0.765,12
Begumpet,2248.3,4,4,1.0,10,17,19,16326651.0,7261.8,0.895,2
Bowenpally,1513.5,3,4,3.0,25,13,17,6617025.0,4372.0,0.765,3
Kompally,973.4,2,3,2.0,10,5,14,4383525.0,4503.3,0.357,8
Hitech City,996.9,2,3,2.0,5,0,14,8793874.0,8821.2,0.0,6
Kondapur,1310.4,2,2,0.0,2,5,20,10017561.0,7644.7,0.25,9
Jubilee Hills,1334.8,2,3,3.0,1,9,25,20671399.0,15486.5,0.36,7
Financial District,2691.7,4,5,2.0,25,7,11,19078440.0,7087.9,0.636,4
Shaikpet,1032.6,2,3,0.0,10,9,18,6471180.0,6266.9,0.5,17
Miyapur,1956.4,4,4,2.0,25,2,3,9157457.0,4680.8,0.667,14
Gachibowli,647.7,1,2,1.0,3,15,22,5944128.0,9177.3,0.682,5
Kukatpally,1740.0,3,3,1.0,15,3,23,9231882.0,5305.7,0.13,10
Manikonda,1367.9,2,3,1.0,0,3,3,7916252.0,5787.2,1.0,13
Kompally,1159.9,2,2,2.0,3,15,24,6619308.0,5706.8,0.625,8
Uppal,1143.6,2,2,2.0,15,4,9,4724085.0,4130.9,0.444,19
Ameerpet,1699.2,3,3,1.0,15,2,2,9589995.0,5643.8,1.0,0
Banjara Hills,1318.9,3,3,1.0,15,7,24,15834508.0,12005.8,0.292,1
Nizampet,1628.6,3,3,1.0,7,12,12,8596237.0,5278.3,1.0,16
LB Nagar,1909.3,3,4,1.0,5,7,24,7547248.0,3952.9,0.292,11
Gachibowli,1621.3,3,3,0.0,3,15,18,12975345.0,8003.1,0.833,5
Hitech City,1808.9,3,3,3.0,1,12,13,19843391.0,10969.9,0.923,6
Shaikpet,1661.5,3,3,2.0,0,1,9,12839588.0,7727.7,0.111,17
Uppal,1388.4,3,3,1.0,5,3,7,6241135.0,4495.2,0.429,19
Bowenpally,1630.7,3,3,0.0,2,9,19,9049044.0,5549.2,0.474,3
Madhapur,1194.9,2,2,2.0,0,0,7,10925075.0,9143.1,0.0,12
Kondapur,2610.7,4,4,2.0,10,2,6,15899658.0,6090.2,0.333,9
Banjara Hills,1057.6,2,3,0.0,3,3,8,13838773.0,13085.1,0.375,1
Bowenpally,2157.6,4,4,2.0,0,2,10,11761137.0,5451.0,0.2,3
Nallagandla,1391.5,3,3,3.0,0,0,13,8882555.0,6383.4,0.0,15
Manikonda,2646.0,5,5,2.0,15,2,10,14973458.0,5658.9,0.2,13
Manikonda,1604.1,3,4,1.0,2,2,3,9906052.0,6175.5,0.667,13
Kondapur,600.5,1,1,0.0,5,14,20,4216344.0,7021.4,0.7,9
Hitech City,634.5,1,1,1.0,2,2,23,5708485.0,8996.8,0.087,6
Shaikpet,1936.0,3,3,3.0,15,9,16,11212218.0,5791.4,0.562,17
Jubilee Hills,1505.9,3,3,1.0,20,1,3,18226587.0,12103.5,0.333,7
Madhapur,987.0,2,2,1.0,7,2,18,7466198.0,7564.5,0.111,12
Jubilee Hills,1487.7,3,3,1.0,3,4,10,21336862.0,14342.2,0.4,7
Kompally,1724.7,3,3,1.0,2,5,14,8161518.0,4732.1,0.357,8
LB Nagar,1888.6,3,3,1.0,5,5,8,8552827.0,4528.7,0.625,11
Gachibowli,2062.1,3,3,2.0,1,19,20,18319105.0,8883.7,0.95,5
Kondapur,1856.8,3,3,1.0,1,2,3,12883070.0,6938.3,0.667,9
Shaikpet,1963.3,4,4,1.0,3,2,2,12337328.0,6284.0,1.0,17
Uppal,1123.4,2,3,1.0,0,0,2,4696472.0,4180.6,0.0,19
Bowenpally,1217.3,2,3,2.0,15,12,15,6797316.0,5583.9,0.8,3
Ameerpet,2178.9,4,5,0.0,2,10,11,13414812.0,6156.7,0.909,0
Uppal,1200.0,2,2,1.0,2,12,20,6042356.0,5035.3,0.6,19
Manikonda,559.1,1,2,1.0,7,6,9,3699913.0,6617.6,0.667,13
Bowenpally,1375.7,2,2,1.0,2,1,3,7125341.0,5179.4,0.333,3
Nizampet,1094.4,2,3,1.0,3,5,19,5825296.0,5322.8,0.263,16
Gachibowli,2099.3,3,4,1.0,1,7,10,18385522.0,8757.9,0.7,5
Uppal,1972.7,4,5,2.0,15,1,20,7965862.0,4038.1,0.05,19
Manikonda,1856.8,3,3,2.0,15,2,3,11313506.0,6093.0,0.667,13
Jubilee Hills,1133.1,2,2,2.0,0,5,24,17299706.0,15267.6,0.208,7
Uppal,3020.8,5,5,2.0,0,19,24,14288229.0,4729.9,0.792,19
Hitech City,1102.2,2,2,1.0,3,3,8,10411765.0,9446.3,0.375,6
Nizampet,1423.8,4,5,0.0,7,5,5,7034812.0,4940.9,1.0,16
Jubilee Hills,1408.3,3,4,2.0,10,11,15,23971367.0,17021.5,0.733,7
Shaikpet,1593.5,3,3,0.0,1,12,12,12336805.0,7742.0,1.0,17
Bowenpally,1270.5,2,2,2.0,7,5,23,6661851.0,5243.5,0.217,3
Nallagandla,1435.1,3,4,1.0,1,5,9,8598249.0,5991.4,0.556,15
Nizampet,1586.3,3,3,1.0,7,8,8,8326946.0,5249.3,1.0,16
Miyapur,1141.0,2,3,2.0,20,5,21,6014798.0,5271.5,0.238,14
Manikonda,1131.9,2,3,1.0,15,10,17,6185367.0,5464.6,0.588,13
Kondapur,626.2,1,1,1.0,1,0,8,4737111.0,7564.9,0.0,9
Kondapur,1532.9,3,4,0.0,15,8,8,11156425.0,7278.0,1.0,9
Miyapur,1983.1,4,4,1.0,5,0,4,10288984.0,5188.3,0.0,14
Shaikpet,1734.4,3,3,1.0,5,7,14,11186421.0,6449.7,0.5,17
Kukatpally,1061.0,2,2,1.0,7,6,9,5788219.0,5455.4,0.667,10
Kukatpally,1681.2,3,3,1.0,10,1,22,9656862.0,5744.0,0.045,10
Hitech City,2174.0,4,4,1.0,7,6,13,20477893.0,9419.5,0.462,6
Jubilee Hills,1161.9,2,3,1.0,3,15,15,18499654.0,15921.9,1.0,7
LB Nagar,3434.8,5,6,1.0,10,4,5,14804451.0,4310.1,0.8,11
Hitech City,1788.0,3,3,0.0,10,4,4,15474442.0,8654.6,1.0,6
Shaikpet,1275.1,2,2,1.0,25,3,4,7347300.0,5762.1,0.75,17
Gachibowli,1678.3,3,4,2.0,15,10,12,15251506.0,9087.5,0.833,5
LB Nagar,1756.9,3,3,1.0,3,8,17,7128402.0,4057.4,0.471,11
Kondapur,1939.0,4,4,0.0,15,6,8,13503681.0,6964.3,0.75,9
LB Nagar,1806.4,3,3,2.0,0,0,13,8028097.0,4444.3,0.0,11
LB Nagar,1516.7,3,3,0.0,15,9,20,5858615.0,3862.7,0.45,11
Miyapur,857.1,2,2,1.0,7,1,10,4484278.0,5231.9,0.1,14
Kukatpally,2040.0,3,3,1.0,3,5,11,11815377.0,5791.9,0.455,10
LB Nagar,1195.1,2,3,3.0,10,1,8,4806759.0,4022.1,0.125,11
Ameerpet,1233.5,2,2,1.0,15,1,4,6804965.0,5516.8,0.25,0
Madhapur,1551.2,3,4,1.0,3,16,22,13492538.0,8698.1,0.727,12
Banjara Hills,1168.0,2,3,2.0,7,4,15,15924650.0,13634.1,0.267,1
Tellapur,977.7,2,2,1.0,2,3,20,6379793.0,6525.3,0.15,18
Ameerpet,1493.7,3,3,0.0,2,7,22,10211313.0,6836.3,0.318,0
LB Nagar,1147.3,2,2,3.0,3,21,23,4828106.0,4208.2,0.913,11
Gachibowli,1073.1,2,2,1.0,5,10,23,7677006.0,7154.0,0.435,5
Kukatpally,1428.5,3,4,2.0,7,1,2,8306978.0,5815.2,0.5,10
Nallagandla,1096.4,2,2,1.0,1,5,17,7724152.0,7045.0,0.294,15
Banjara Hills,1486.9,2,2,2.0,2,1,2,21998104.0,14794.6,0.5,1
Nizampet,1658.6,3,3,1.0,1,24,25,9556137.0,5761.6,0.96,16
Manikonda,1319.6,3,3,1.0,7,7,10,8447231.0,6401.4,0.7,13
Madhapur,1209.6,2,3,1.0,3,0,9,10131299.0,8375.7,0.0,12
Nizampet,1081.2,2,2,1.0,25,0,5,4477842.0,4141.5,0.0,16
Uppal,3334.7,5,5,2.0,25,6,11,11669456.0,3499.4,0.545,19
Kukatpally,1580.0,3,3,2.0,15,5,17,8614666.0,5452.3,0.294,10
Kondapur,1867.7,3,4,2.0,5,14,14,13885113.0,7434.3,1.0,9
Miyapur,626.3,1,1,2.0,1,1,20,3690064.0,5891.8,0.05,14
Jubilee Hills,547.1,1,1,2.0,5,21,22,8925161.0,16313.6,0.955,7
Miyapur,1063.0,2,3,1.0,5,2,3,5121399.0,4817.9,0.667,14
Ameerpet,2305.2,4,4,1.0,3,6,6,14426779.0,6258.4,1.0,0
Nallagandla,1117.8,2,3,2.0,7,7,13,8348038.0,7468.3,0.538,15
Miyapur,2123.2,4,4,1.0,5,1,2,12247132.0,5768.2,0.5,14
Uppal,1297.6,2,2,2.0,1,12,17,6217068.0,4791.2,0.706,19
Begumpet,1846.8,3,3,0.0,7,9,25,13120844.0,7104.6,0.36,2
Kompally,2233.0,4,5,2.0,20,2,15,9762871.0,4372.1,0.133,8
Kondapur,2433.4,4,4,1.0,1,15,15,20255565.0,8324.0,1.0,9
Tellapur,3209.3,5,5,2.0,5,16,21,22110873.0,6889.6,0.762,18
Kukatpally,1132.6,2,2,1.0,2,3,3,6495508.0,5735.0,1.0,10
Kompally,1560.3,3,4,1.0,3,4,6,8519129.0,5459.9,0.667,8
LB Nagar,1802.2,3,4,3.0,1,1,10,8134292.0,4513.5,0.1,11
Kondapur,1165.2,2,2,1.0,3,4,10,9136676.0,7841.3,0.4,9
Manikonda,1127.0,2,2,1.0,1,7,9,6557324.0,5818.4,0.778,13
Uppal,1299.6,2,2,1.0,1,4,17,5961319.0,4587.0,0.235,19
Nizampet,1792.3,3,3,1.0,25,1,14,7659640.0,4273.6,0.071,16
Kompally,1243.1,2,2,2.0,25,2,3,5142017.0,4136.4,0.667,8
Bowenpally,1361.7,3,4,1.0,5,4,12,8275364.0,6077.2,0.333,3
Nallagandla,1352.3,2,2,2.0,2,6,8,9590010.0,7091.6,0.75,15
Gachibowli,2328.0,4,4,2.0,7,13,17,19061314.0,8187.8,0.765,5
Kukatpally,1749.7,3,3,1.0,3,3,20,9422857.0,5385.4,0.15,10
Miyapur,1049.1,2,2,1.0,7,8,25,5035577.0,4799.9,0.32,14
Gachibowli,2840.6,4,4,1.0,7,9,12,23215443.0,8172.7,0.75,5
Financial District,990.6,2,2,1.0,5,0,3,8736303.0,8819.2,0.0,4
Nizampet,1211.8,2,2,2.0,7,8,22,5773635.0,4764.5,0.364,16
Tellapur,1652.5,3,4,1.0,15,4,4,10944347.0,6622.9,1.0,18
Ameerpet,1015.3,2,3,2.0,2,22,24,6536639.0,6438.1,0.917,0
Tellapur,1553.3,3,4,1.0,15,9,21,9557472.0,6153.0,0.429,18
Miyapur,611.0,1,1,1.0,3,6,16,3530649.0,5778.5,0.375,14
Miyapur,2364.7,4,4,0.0,10,15,20,12971455.0,5485.5,0.75,14
Miyapur,1438.2,3,3,0.0,1,1,9,7722456.0,5369.5,0.111,14
Banjara Hills,1547.2,3,3,1.0,5,1,8,21116640.0,13648.3,0.125,1
Gachibowli,684.6,1,1,1.0,2,10,17,5364208.0,7835.5,0.588,5
Kompally,1179.2,2,3,2.0,7,3,17,6094096.0,5168.0,0.176,8
Uppal,1231.5,2,3,1.0,7,3,8,5492567.0,4460.1,0.375,19
Hitech City,2559.3,4,5,2.0,15,13,13,19655318.0,7680.0,1.0,6
Shaikpet,1738.9,3,3,1.0,10,2,24,11512260.0,6620.4,0.083,17
Gachibowli,1555.1,3,4,2.0,10,1,3,13233373.0,8509.7,0.333,5
Nizampet,2031.6,4,4,1.0,5,3,12,10365023.0,5101.9,0.25,16
Kukatpally,1159.7,2,2,0.0,10,3,3,6404517.0,5522.6,1.0,10
Nizampet,1134.7,2,3,1.0,2,0,23,6406396.0,5645.9,0.0,16
Gachibowli,1621.2,3,3,2.0,15,0,18,12422116.0,7662.3,0.0,5
Nallagandla,1425.4,3,4,1.0,5,2,2,8825239.0,6191.4,1.0,15
Manikonda,1197.9,3,4,3.0,0,1,5,7721813.0,6446.1,0.2,13
Kondapur,2247.5,4,4,2.0,25,10,24,13548781.0,6028.4,0.417,9
Financial District,1337.3,2,2,1.0,3,10,21,13748817.0,10281.0,0.476,4
Madhapur,2281.2,4,5,1.0,10,2,12,17874833.0,7835.7,0.167,12
Kondapur,1105.7,2,2,0.0,2,12,19,8106830.0,7331.9,0.632,9
Jubilee Hills,1584.4,3,4,1.0,0,17,25,24649814.0,15557.8,0.68,7
Ameerpet,1175.5,2,3,1.0,20,3,19,6880071.0,5852.9,0.158,0
Ameerpet,1440.7,2,3,1.0,0,14,22,8584491.0,5958.6,0.636,0
Miyapur,1513.4,3,3,1.0,15,4,4,7407271.0,4894.5,1.0,14
Banjara Hills,1513.5,2,2,0.0,5,13,13,19828412.0,13101.0,1.0,1
Banjara Hills,1220.3,2,3,0.0,5,9,14,18381548.0,15063.1,0.643,1
Madhapur,875.0,2,2,1.0,20,6,8,5772813.0,6597.5,0.75,12
Jubilee Hills,1098.1,2,2,1.0,2,1,12,16274746.0,14820.8,0.083,7
Banjara Hills,1183.1,2,2,0.0,0,5,6,15945490.0,13477.7,0.833,1
Nallagandla,2856.9,4,4,1.0,2,12,23,19186250.0,6715.8,0.522,15
Tellapur,1490.3,3,3,2.0,3,17,20,10432978.0,7000.6,0.85,18
Madhapur,1149.5,2,3,2.0,20,15,17,8738084.0,7601.6,0.882,12
Gachibowli,1753.3,3,3,0.0,7,1,8,13462259.0,7678.2,0.125,5
Kondapur,1278.7,3,4,2.0,15,12,25,9058888.0,7084.5,0.48,9
Hitech City,1640.4,3,3,1.0,7,20,24,14588166.0,8893.1,0.833,6
Uppal,1307.7,2,2,1.0,5,9,25,5904411.0,4515.1,0.36,19
Hitech City,1210.0,2,2,3.0,5,11,13,12320863.0,10182.5,0.846,6
LB Nagar,1292.1,2,3,1.0,7,19,22,5468548.0,4232.3,0.864,11
Uppal,3731.7,5,6,2.0,3,3,6,16562372.0,4438.3,0.5,19
Ameerpet,1911.0,4,5,1.0,20,8,16,10737279.0,5618.7,0.5,0
Financial District,1449.8,2,3,3.0,2,5,15,14575656.0,10053.6,0.333,4
Kukatpally,927.8,2,3,1.0,5,3,19,6020377.0,6488.9,0.158,10
Nallagandla,3162.4,5,5,2.0,7,24,24,22386620.0,7079.0,1.0,15
Nallagandla,987.6,2,3,2.0,2,4,5,7317610.0,7409.5,0.8,15
LB Nagar,960.8,2,3,1.0,2,0,2,4632982.0,4822.0,0.0,11
Nallagandla,867.9,2,2,1.0,2,2,2,5887148.0,6783.2,1.0,15
Begumpet,1458.1,3,4,0.0,3,8,12,10414783.0,7142.7,0.667,2
Kondapur,1405.0,3,4,3.0,0,0,7,10256739.0,7300.2,0.0,9
Miyapur,2931.7,5,6,1.0,7,1,3,15583772.0,5315.6,0.333,14
Nallagandla,632.3,1,1,2.0,3,3,24,3658677.0,5786.3,0.125,15
Manikonda,1579.0,3,3,1.0,7,1,2,10128857.0,6414.7,0.5,13
Madhapur,1729.7,3,4,1.0,1,9,24,13869343.0,8018.4,0.375,12
Kompally,2052.4,3,3,3.0,15,1,18,9298804.0,4530.7,0.056,8
Begumpet,1741.8,3,4,1.0,0,1,2,12297702.0,7060.3,0.5,2
Uppal,1559.7,3,4,1.0,0,8,17,7658497.0,4910.2,0.471,19
Kukatpally,2448.1,4,4,1.0,7,7,18,15224028.0,6218.7,0.389,10
Manikonda,1459.8,3,3,2.0,5,2,24,8508943.0,5828.8,0.083,13
Jubilee Hills,1766.9,3,3,1.0,15,5,12,25323131.0,14332.0,0.417,7
Kondapur,1160.6,2,2,1.0,3,3,16,8008183.0,6900.0,0.188,9
Madhapur,1378.3,3,4,1.0,7,11,21,10402044.0,7547.0,0.524,12
Banjara Hills,1180.9,2,3,1.0,0,6,7,16262148.0,13771.0,0.857,1
Nizampet,1513.3,3,4,0.0,7,3,15,7692359.0,5083.2,0.2,16
Kompally,1498.4,2,2,1.0,5,1,4,7489627.0,4998.4,0.25,8
LB Nagar,940.1,2,3,1.0,1,8,16,4348324.0,4625.4,0.5,11
Tellapur,690.1,1,1,2.0,3,24,24,5672979.0,8220.5,1.0,18
Begumpet,1634.3,3,4,2.0,10,9,22,12253917.0,7498.0,0.409,2
Madhapur,1383.6,3,4,1.0,3,8,14,11833534.0,8552.7,0.571,12
Miyapur,1750.6,3,4,2.0,10,7,10,8386176.0,4790.5,0.7,14
Shaikpet,1147.9,2,2,1.0,3,12,24,9203680.0,8017.8,0.5,17
Tellapur,1277.3,2,2,2.0,2,18,23,8249787.0,6458.8,0.783,18
Financial District,2560.3,4,5,1.0,5,5,10,24684624.0,9641.3,0.5,4
Begumpet,1479.6,3,3,1.0,5,10,19,11097908.0,7500.6,0.526,2
Nallagandla,2214.3,4,5,2.0,2,14,19,15543430.0,7019.6,0.737,15
Uppal,3115.8,5,5,1.0,1,6,6,15550691.0,4990.9,1.0,19
Nallagandla,1642.1,3,3,1.0,0,2,2,11886180.0,7238.4,1.0,15
Bowenpally,1884.1,4,5,1.0,2,9,15,10343549.0,5489.9,0.6,3
Hitech City,1111.6,2,3,1.0,7,0,25,9784881.0,8802.5,0.0,6
Miyapur,1869.9,3,4,3.0,3,1,6,11041820.0,5905.0,0.167,14
Nizampet,1022.0,2,2,1.0,0,2,3,5240050.0,5127.3,0.667,16
Kompally,1495.0,3,3,1.0,15,1,17,6852764.0,4583.8,0.059,8
Uppal,3697.3,5,5,1.0,10,8,14,16524760.0,4469.4,0.571,19
Kondapur,3555.2,5,5,3.0,25,2,13,23527817.0,6617.9,0.154,9
Gachibowli,1866.5,3,3,2.0,5,4,4,12947508.0,6936.8,1.0,5
Ameerpet,1281.1,2,3,1.0,3,4,23,8316105.0,6491.4,0.174,0
Uppal,1577.6,3,3,0.0,15,22,24,6557768.0,4156.8,0.917,19
Ameerpet,1574.2,3,3,1.0,7,2,7,8609988.0,5469.4,0.286,0
Miyapur,1091.5,2,2,0.0,25,12,13,5237124.0,4798.1,0.923,14
Jubilee Hills,1060.6,2,2,1.0,7,15,21,15012125.0,14154.4,0.714,7
Banjara Hills,1794.4,3,3,1.0,7,8,10,23964044.0,13354.9,0.8,1
Gachibowli,2507.0,4,5,1.0,15,10,20,17462489.0,6965.5,0.5,5
Bowenpally,1482.8,3,3,1.0,15,22,23,7313573.0,4932.3,0.957,3
Nallagandla,1561.6,3,4,1.0,20,0,25,8866897.0,5678.1,0.0,15
Madhapur,745.8,1,1,3.0,0,3,15,7464739.0,10009.0,0.2,12
Tellapur,569.8,1,2,2.0,7,13,20,4086176.0,7171.2,0.65,18
Kukatpally,789.2,1,1,1.0,10,1,3,4370503.0,5537.9,0.333,10
Tellapur,1486.2,2,2,0.0,10,0,3,8901126.0,5989.2,0.0,18
Kompally,1697.7,3,3,2.0,7,2,21,8651742.0,5096.2,0.095,8
Begumpet,750.2,1,1,1.0,20,3,4,4739746.0,6318.0,0.75,2
Hitech City,1716.6,3,3,2.0,7,21,21,16672190.0,9712.3,1.0,6
Madhapur,1336.2,2,2,1.0,3,0,16,12022929.0,8997.9,0.0,12
Nallagandla,1198.6,2,3,1.0,1,1,3,7085676.0,5911.6,0.333,15
Kondapur,1032.2,2,2,1.0,3,7,18,8568489.0,8301.2,0.389,9
Banjara Hills,1758.7,3,3,1.0,3,16,20,24614161.0,13995.7,0.8,1
Gachibowli,1878.6,3,3,2.0,0,11,24,17406121.0,9265.5,0.458,5
Miyapur,2220.0,4,4,0.0,7,3,5,11866327.0,5345.2,0.6,14
Bowenpally,1485.2,3,4,1.0,1,3,3,8672081.0,5839.0,1.0,3
Madhapur,2365.5,4,5,1.0,10,4,7,17937782.0,7583.1,0.571,12
Hitech City,1564.1,3,3,2.0,5,12,18,12621575.0,8069.5,0.667,6
Begumpet,2493.4,4,4,1.0,0,2,4,19144768.0,7678.2,0.5,2
Manikonda,1497.9,2,2,1.0,2,1,5,10161286.0,6783.7,0.2,13
Uppal,1214.2,2,2,1.0,10,3,18,5086345.0,4189.1,0.167,19
Madhapur,2966.2,5,5,2.0,15,11,15,23028811.0,7763.7,0.733,12
Miyapur,2300.9,4,4,1.0,10,12,18,11838259.0,5145.1,0.667,14
Banjara Hills,1253.8,2,2,1.0,15,4,6,15700798.0,12522.6,0.667,1
Banjara Hills,1608.4,3,3,1.0,2,15,18,22762852.0,14152.5,0.833,1
Shaikpet,1084.1,2,2,1.0,2,4,7,7450810.0,6872.8,0.571,17
Kondapur,1353.7,2,2,1.0,3,14,14,11288782.0,8339.2,1.0,9
Gachibowli,1142.4,2,2,1.0,2,8,19,8653427.0,7574.8,0.421,5
LB Nagar,1854.4,3,4,1.0,1,17,23,8985123.0,4845.3,0.739,11
Madhapur,1116.4,2,2,1.0,20,7,23,7824513.0,7008.7,0.304,12
Banjara Hills,1071.1,2,2,1.0,3,6,13,17054275.0,15922.2,0.462,1
Jubilee Hills,1940.5,3,4,0.0,20,11,14,23603606.0,12163.7,0.786,7
Manikonda,2645.6,4,4,1.0,7,6,6,15581122.0,5889.4,1.0,13
Bowenpally,3367.0,5,5,1.0,7,15,15,19757721.0,5868.0,1.0,3
Financial District,753.1,1,2,1.0,7,2,2,6947447.0,9225.1,1.0,4
Gachibowli,1797.1,3,3,1.0,1,10,16,14947050.0,8317.3,0.625,5
Manikonda,1133.2,2,2,3.0,1,0,10,7111862.0,6275.9,0.0,13
Kompally,3195.6,5,6,1.0,3,1,4,16558413.0,5181.6,0.25,8
Shaikpet,1481.2,3,4,1.0,1,7,8,11011900.0,7434.4,0.875,17
Hitech City,1221.2,3,4,1.0,3,2,3,11674726.0,9560.0,0.667,6
Nallagandla,1746.5,3,3,1.0,7,3,12,10494757.0,6009.0,0.25,15
Shaikpet,579.6,1,1,1.0,0,2,3,3964728.0,6840.5,0.667,17
Banjara Hills,1219.3,2,3,2.0,15,5,25,14018822.0,11497.4,0.2,1
Kukatpally,2054.2,4,4,2.0,25,4,6,9924204.0,4831.2,0.667,10
Shaikpet,2432.1,4,4,1.0,7,9,12,16986630.0,6984.3,0.75,17
Uppal,1497.0,3,3,1.0,5,6,9,6347426.0,4240.1,0.667,19
Bowenpally,1039.0,2,3,2.0,10,3,20,5898484.0,5677.1,0.15,3
Manikonda,1124.6,2,2,1.0,15,5,18,6555771.0,5829.4,0.278,13
Financial District,1603.2,2,3,1.0,20,2,3,13834494.0,8629.3,0.667,4
Manikonda,1455.6,3,4,1.0,1,1,2,9098711.0,6250.8,0.5,13
Financial District,1653.6,3,4,1.0,1,8,10,15959830.0,9651.6,0.8,4
Kukatpally,2313.7,4,4,1.0,5,10,12,14608598.0,6314.0,0.833,10
Uppal,763.3,1,1,1.0,2,9,13,3485215.0,4566.0,0.692,19
Manikonda,1951.5,4,4,2.0,5,20,22,13179396.0,6753.5,0.909,13
Tellapur,2458.8,4,4,1.0,1,18,23,15573576.0,6333.8,0.783,18
LB Nagar,673.7,1,2,1.0,1,8,11,3124590.0,4638.0,0.727,11
Manikonda,2009.8,3,3,1.0,10,1,8,11898714.0,5920.3,0.125,13
Begumpet,974.2,2,3,1.0,2,8,15,7729605.0,7934.3,0.533,2
Nallagandla,3197.9,5,5,1.0,7,3,5,18588676.0,5812.8,0.6,15
Bowenpally,3131.6,5,6,2.0,25,0,5,12024139.0,3839.6,0.0,3
Madhapur,1212.0,2,2,3.0,3,2,6,11376325.0,9386.4,0.333,12
Manikonda,2348.3,4,5,3.0,3,16,16,15376962.0,6548.1,1.0,13
Uppal,1624.5,3,3,0.0,2,3,18,7081096.0,4358.9,0.167,19
Kondapur,1556.1,3,4,2.0,5,5,8,12528653.0,8051.3,0.625,9
Madhapur,1659.4,3,4,1.0,7,11,16,12899568.0,7773.6,0.688,12
Financial District,1935.2,4,5,3.0,7,2,5,18124690.0,9365.8,0.4,4
Nallagandla,1229.9,2,3,1.0,20,1,5,7258941.0,5902.1,0.2,15
Miyapur,2200.8,4,5,1.0,10,2,8,11210613.0,5093.9,0.25,14
Bowenpally,1385.4,3,3,1.0,0,1,5,7889032.0,5694.4,0.2,3
Jubilee Hills,1323.9,2,2,2.0,7,1,10,17931675.0,13544.6,0.1,7
Kukatpally,1813.9,3,3,1.0,3,19,21,12037850.0,6636.4,0.905,10
Manikonda,1168.7,2,2,3.0,5,13,13,7585141.0,6490.2,1.0,13
LB Nagar,1084.2,2,3,2.0,0,17,18,5026611.0,4636.2,0.944,11
Kompally,2559.2,4,4,1.0,0,7,21,12961892.0,5064.8,0.333,8
Uppal,1036.4,2,2,1.0,5,1,6,4493553.0,4335.7,0.167,19
Nizampet,1133.6,2,2,1.0,10,3,5,5202292.0,4589.2,0.6,16
Kukatpally,1485.3,3,4,1.0,3,23,23,8733543.0,5880.0,1.0,10
LB Nagar,1125.1,2,2,2.0,0,7,21,5376283.0,4778.5,0.333,11
Kukatpally,1688.6,4,4,1.0,1,12,16,11015815.0,6523.6,0.75,10
Shaikpet,1250.4,3,4,1.0,10,5,10,8890460.0,7110.1,0.5,17
Bowenpally,1315.3,2,2,2.0,15,11,14,6550010.0,4979.9,0.786,3
Nizampet,1325.6,2,3,2.0,3,6,21,7788123.0,5875.2,0.286,16
LB Nagar,1576.8,3,3,0.0,3,11,21,7206925.0,4570.6,0.524,11
Uppal,1118.5,2,2,2.0,0,0,11,5268208.0,4710.1,0.0,19
Banjara Hills,1530.0,3,3,2.0,5,13,13,21871811.0,14295.3,1.0,1
Kondapur,550.0,1,2,1.0,3,6,9,3942632.0,7168.4,0.667,9
Shaikpet,1086.2,2,2,1.0,3,1,7,7660892.0,7052.9,0.143,17
Miyapur,2278.4,4,4,1.0,25,2,5,9799888.0,4301.2,0.4,14
Miyapur,1176.0,2,3,1.0,5,11,11,6425356.0,5463.7,1.0,14
Financial District,1643.9,3,3,1.0,10,13,22,13694368.0,8330.4,0.591,4
Nizampet,2518.3,4,4,0.0,5,3,23,12988970.0,5157.8,0.13,16
Shaikpet,2087.2,3,3,1.0,2,1,2,13649997.0,6539.9,0.5,17
Nizampet,1223.8,2,2,1.0,7,5,13,6561353.0,5361.5,0.385,16
Kompally,949.7,2,2,1.0,7,6,13,5015056.0,5280.7,0.462,8
Kondapur,1344.3,3,3,1.0,2,9,21,8830332.0,6568.7,0.429,9
Gachibowli,1010.3,2,2,2.0,20,9,16,7714334.0,7635.7,0.562,5
Tellapur,1150.4,2,2,2.0,1,10,11,8346865.0,7255.6,0.909,18
Begumpet,2314.4,4,5,3.0,2,5,17,19494082.0,8423.0,0.294,2
Ameerpet,2046.0,3,4,1.0,15,2,5,12048052.0,5888.6,0.4,0
Nallagandla,2706.6,4,5,3.0,7,2,17,19286076.0,7125.6,0.118,15
Hitech City,1113.0,2,2,1.0,2,1,4,9915908.0,8909.2,0.25,6
Bowenpally,1132.7,2,3,1.0,3,3,13,5405617.0,4772.3,0.231,3
Financial District,1446.5,3,3,0.0,20,12,22,11478577.0,7935.4,0.545,4
Uppal,1302.5,2,2,1.0,15,2,5,4612994.0,3541.6,0.4,19
Miyapur,1115.2,2,2,1.0,5,0,2,7011217.0,6287.0,0.0,14
Shaikpet,2418.6,4,5,1.0,5,11,18,17881814.0,7393.5,0.611,17
LB Nagar,1092.9,2,2,0.0,3,1,22,4324841.0,3957.2,0.045,11
Tellapur,1627.5,3,3,0.0,10,18,19,10771395.0,6618.4,0.947,18
Kompally,2113.9,3,3,2.0,5,10,13,11277516.0,5334.9,0.769,8
Bowenpally,1663.2,3,4,1.0,20,1,17,8256347.0,4964.1,0.059,3
Tellapur,1175.6,2,2,2.0,2,10,12,8883455.0,7556.5,0.833,18
LB Nagar,1937.4,3,3,1.0,2,2,4,7600702.0,3923.1,0.5,11
Banjara Hills,2019.7,4,4,1.0,5,1,2,25580011.0,12665.3,0.5,1
Uppal,616.3,1,2,1.0,5,5,5,3195701.0,5185.3,1.0,19
Financial District,1833.3,4,4,2.0,15,1,5,15429598.0,8416.3,0.2,4
Gachibowli,2692.8,4,4,1.0,7,12,13,22965549.0,8528.5,0.923,5
Nizampet,2263.1,3,4,1.0,5,12,12,12537657.0,5540.0,1.0,16
Kukatpally,1065.6,2,2,2.0,5,6,14,6822660.0,6402.6,0.429,10
Tellapur,1156.3,2,2,0.0,20,4,15,7154074.0,6187.0,0.267,18
Bowenpally,1041.0,2,3,2.0,5,1,20,5853471.0,5622.9,0.05,3
Hitech City,1611.0,3,4,1.0,3,6,18,13871565.0,8610.5,0.333,6
Kukatpally,1255.8,2,2,1.0,15,3,13,6070657.0,4834.1,0.231,10
LB Nagar,580.3,1,1,1.0,2,17,24,2577813.0,4442.2,0.708,11
Nallagandla,1512.9,3,4,1.0,5,0,17,9769789.0,6457.7,0.0,15
Financial District,1690.8,3,4,2.0,3,8,10,15753165.0,9317.0,0.8,4
Bowenpally,1256.2,2,3,1.0,0,11,13,8630215.0,6870.1,0.846,3
Banjara Hills,1681.3,3,3,1.0,5,3,16,21957204.0,13059.7,0.188,1
Kukatpally,2117.3,4,4,2.0,0,2,3,13450417.0,6352.6,0.667,10
Miyapur,2248.7,4,4,2.0,1,0,9,12065696.0,5365.6,0.0,14
Bowenpally,2308.2,4,5,2.0,0,5,11,12885812.0,5582.6,0.455,3
Kondapur,1274.9,2,2,2.0,0,18,22,9744587.0,7643.4,0.818,9
Kondapur,1663.8,3,4,0.0,3,0,17,12780169.0,7681.3,0.0,9
Begumpet,2720.2,4,4,1.0,7,4,8,20146751.0,7406.3,0.5,2
Begumpet,1848.7,3,3,1.0,20,12,14,13530239.0,7318.8,0.857,2
Tellapur,1606.7,3,4,0.0,15,3,13,8669834.0,5396.1,0.231,18
Kukatpally,672.1,1,1,1.0,10,22,24,4087375.0,6081.5,0.917,10
Banjara Hills,1799.9,3,3,1.0,0,1,4,25337191.0,14077.0,0.25,1
Financial District,1125.9,2,2,1.0,15,6,6,8720131.0,7745.0,1.0,4
Hitech City,1767.0,3,4,1.0,25,14,24,14767741.0,8357.5,0.583,6
Kondapur,2356.8,4,4,2.0,5,5,7,18917426.0,8026.7,0.714,9
Gachibowli,1803.0,3,4,2.0,7,21,25,16757818.0,9294.4,0.84,5
Miyapur,1281.1,3,4,2.0,20,6,10,6053346.0,4725.1,0.6,14
Kompally,1306.6,2,2,3.0,15,4,15,6363901.0,4870.6,0.267,8
Shaikpet,1230.5,2,3,0.0,5,6,19,8196245.0,6660.9,0.316,17
Bowenpally,1203.0,2,3,2.0,1,10,24,5714363.0,4750.1,0.417,3
Shaikpet,1665.6,3,3,2.0,2,8,12,11924112.0,7159.0,0.667,17
Kompally,2048.3,4,4,3.0,2,3,5,10722620.0,5234.9,0.6,8
Hitech City,1317.7,2,2,1.0,1,3,19,12679619.0,9622.5,0.158,6
Gachibowli,1687.6,3,3,1.0,15,16,16,11645889.0,6900.9,1.0,5
Shaikpet,1774.7,3,4,1.0,1,3,16,12910437.0,7274.7,0.188,17
Uppal,1120.1,2,2,1.0,1,11,15,5166274.0,4612.3,0.733,19
Nallagandla,2016.4,3,3,3.0,5,11,25,11781491.0,5842.8,0.44,15
Bowenpally,1655.9,3,4,1.0,2,1,14,8609477.0,5199.3,0.071,3
LB Nagar,679.7,1,2,1.0,15,3,4,2704153.0,3978.5,0.75,11
Gachibowli,2882.5,4,4,2.0,5,5,5,23166867.0,8037.1,1.0,5
Bowenpally,1677.7,3,3,2.0,20,8,19,7768468.0,4630.4,0.421,3
Uppal,1202.8,2,2,0.0,10,2,4,5330828.0,4432.0,0.5,19
LB Nagar,1755.3,3,4,1.0,20,2,10,6823277.0,3887.2,0.2,11
LB Nagar,1082.6,2,2,1.0,10,3,7,4117166.0,3803.0,0.429,11
Jubilee Hills,1243.8,2,2,1.0,5,4,17,19016670.0,15289.2,0.235,7
Kondapur,1395.8,2,3,2.0,7,3,4,10260984.0,7351.3,0.75,9
Madhapur,2176.6,4,4,0.0,0,18,23,17689064.0,8126.9,0.783,12
LB Nagar,3699.5,5,5,2.0,7,13,16,16795292.0,4539.9,0.812,11
Kondapur,609.2,1,2,1.0,1,1,3,4434908.0,7279.9,0.333,9
Financial District,2157.4,4,4,0.0,1,12,14,18935217.0,8776.9,0.857,4
Banjara Hills,1298.9,2,3,3.0,7,21,21,18166467.0,13986.0,1.0,1
Begumpet,1090.7,2,3,0.0,1,20,25,7772978.0,7126.6,0.8,2
Bowenpally,989.0,2,2,1.0,5,0,3,4961247.0,5016.4,0.0,3
Shaikpet,1533.5,3,3,0.0,5,4,6,11307957.0,7374.0,0.667,17
Shaikpet,1193.5,2,2,0.0,5,1,16,8491748.0,7115.0,0.062,17
Tellapur,3277.8,5,6,1.0,0,0,9,21124055.0,6444.6,0.0,18
Begumpet,1198.6,2,2,1.0,2,13,15,9050240.0,7550.7,0.867,2
Kondapur,1769.9,3,4,1.0,5,15,15,13786891.0,7789.6,1.0,9
Kondapur,1486.7,3,3,1.0,3,2,2,11075772.0,7449.9,1.0,9
Hitech City,1908.1,3,4,1.0,0,19,23,20117706.0,10543.3,0.826,6
Ameerpet,1664.9,3,3,1.0,3,6,16,11485732.0,6898.8,0.375,0
Nizampet,1569.8,3,3,1.0,2,21,21,9781066.0,6230.8,1.0,16
Ameerpet,921.8,2,2,2.0,1,17,18,6449901.0,6997.1,0.944,0
Nizampet,1741.3,3,3,1.0,5,5,8,8668288.0,4978.1,0.625,16
Miyapur,1949.8,3,3,1.0,1,2,23,9377390.0,4809.4,0.087,14
Manikonda,581.1,1,2,2.0,20,0,2,3211620.0,5526.8,0.0,13
Tellapur,959.1,2,2,2.0,1,5,7,6644983.0,6928.4,0.714,18
Gachibowli,1275.2,2,3,1.0,3,3,10,11673152.0,9154.0,0.3,5
Nallagandla,2093.8,3,3,1.0,3,0,4,13382355.0,6391.4,0.0,15
Nizampet,1021.8,2,3,1.0,5,0,22,5049697.0,4942.0,0.0,16
Manikonda,1025.4,2,2,2.0,1,13,15,7233342.0,7054.2,0.867,13
Shaikpet,2212.8,4,5,1.0,10,23,23,12892070.0,5826.1,1.0,17
Madhapur,1734.6,3,3,2.0,1,18,18,14768565.0,8514.1,1.0,12
Miyapur,1562.2,3,4,1.0,7,19,25,9526370.0,6098.0,0.76,14
Madhapur,1641.4,3,4,1.0,5,0,4,13624506.0,8300.5,0.0,12
Miyapur,1505.1,3,3,1.0,0,2,7,7671443.0,5097.0,0.286,14
Ameerpet,1467.0,3,3,2.0,10,6,15,9199240.0,6270.8,0.4,0
Madhapur,1202.1,2,3,1.0,0,11,12,10514098.0,8746.4,0.917,12
LB Nagar,2530.1,4,5,1.0,7,17,25,11605533.0,4587.0,0.68,11
Miyapur,1100.3,2,2,1.0,2,0,2,5939522.0,5398.1,0.0,14
LB Nagar,1591.8,3,3,3.0,3,13,15,7009928.0,4403.8,0.867,11
Manikonda,1230.4,2,2,1.0,7,4,12,6760246.0,5494.3,0.333,13
Madhapur,1107.6,2,3,1.0,1,1,4,8815008.0,7958.7,0.25,12
Kompally,1705.0,3,4,2.0,1,0,2,8131861.0,4769.4,0.0,8
Financial District,1331.4,2,2,1.0,0,6,9,12564959.0,9437.4,0.667,4
Hitech City,767.3,2,3,1.0,20,17,18,7194722.0,9376.7,0.944,6
Kompally,1364.2,2,2,1.0,0,1,3,7782541.0,5704.8,0.333,8
Ameerpet,1253.6,2,2,1.0,0,13,19,7466818.0,5956.3,0.684,0
Miyapur,1623.4,3,4,2.0,1,1,12,9022762.0,5557.9,0.083,14
Shaikpet,2032.0,4,5,1.0,3,6,9,14792787.0,7279.9,0.667,17
Begumpet,2259.0,4,4,2.0,5,12,12,18354933.0,8125.2,1.0,2
Madhapur,1644.2,3,4,1.0,3,5,19,15106135.0,9187.5,0.263,12
Banjara Hills,1620.0,3,3,1.0,7,19,20,23383077.0,14434.0,0.95,1
Bowenpally,1417.2,3,4,0.0,10,1,10,6917679.0,4881.2,0.1,3
Hitech City,2307.4,4,4,1.0,10,9,15,20318319.0,8805.7,0.6,6
Manikonda,1663.4,3,3,2.0,15,4,16,9791241.0,5886.3,0.25,13
Nizampet,2467.1,4,4,1.0,15,4,5,11334532.0,4594.3,0.8,16
Hitech City,1882.9,3,3,1.0,0,8,13,16231808.0,8620.6,0.615,6
Jubilee Hills,1355.5,3,3,1.0,10,9,14,16267107.0,12000.8,0.643,7
Bowenpally,1548.7,3,3,1.0,10,9,14,8161415.0,5269.8,0.643,3
Madhapur,2297.5,4,4,1.0,5,4,21,18936352.0,8242.2,0.19,12
Ameerpet,1017.3,3,4,1.0,3,1,13,6323883.0,6216.3,0.077,0
Manikonda,1539.1,3,3,1.0,1,1,3,10157331.0,6599.5,0.333,13
Miyapur,726.7,1,1,1.0,5,5,15,3704833.0,5098.2,0.333,14
Madhapur,1113.4,2,3,1.0,15,12,12,8910022.0,8002.5,1.0,12
LB Nagar,1918.0,3,4,2.0,3,2,22,8529682.0,4447.2,0.091,11
Banjara Hills,1661.5,3,4,2.0,1,14,19,21882092.0,13170.1,0.737,1
LB Nagar,3235.5,5,5,1.0,0,5,11,16452737.0,5085.1,0.455,11
LB Nagar,1555.6,3,3,1.0,1,6,7,7719003.0,4962.1,0.857,11
Tellapur,1398.5,2,2,1.0,25,2,16,8569605.0,6127.7,0.125,18
Kompally,1845.3,3,4,1.0,0,9,17,9254420.0,5015.1,0.529,8
Shaikpet,2352.7,4,4,1.0,5,11,14,16687952.0,7093.1,0.786,17
Jubilee Hills,1163.1,2,2,1.0,5,7,25,16524737.0,14207.5,0.28,7
Hitech City,2641.4,4,5,1.0,0,5,10,25319026.0,9585.5,0.5,6
Kondapur,1461.4,3,3,3.0,15,5,15,10511345.0,7192.7,0.333,9
Kondapur,1316.9,2,3,1.0,1,0,3,9026165.0,6854.1,0.0,9
Nizampet,2363.5,4,5,1.0,20,4,8,11679746.0,4941.7,0.5,16
Gachibowli,2062.0,4,5,2.0,15,1,4,15386106.0,7461.7,0.25,5
Gachibowli,1674.7,3,3,0.0,2,11,23,13620028.0,8132.8,0.478,5
Tellapur,2159.2,4,4,2.0,1,5,5,14372463.0,6656.4,1.0,18
Tellapur,2287.2,4,5,1.0,10,9,16,14713962.0,6433.2,0.562,18
Banjara Hills,951.3,2,3,1.0,2,13,13,14036636.0,14755.2,1.0,1
Bowenpally,703.9,1,1,1.0,7,0,5,3140968.0,4462.2,0.0,3
Nallagandla,2505.6,4,4,1.0,7,3,23,14497236.0,5785.9,0.13,15
Bowenpally,2678.0,5,6,1.0,0,15,15,13569221.0,5066.9,1.0,3
Kukatpally,1136.3,2,3,2.0,15,13,19,6211788.0,5466.7,0.684,10
Manikonda,2365.3,4,4,1.0,0,14,19,13833561.0,5848.5,0.737,13
Uppal,3417.9,5,6,1.0,7,4,11,14221665.0,4160.9,0.364,19
Miyapur,725.5,1,1,1.0,2,2,6,3727946.0,5138.5,0.333,14
Gachibowli,2503.2,4,5,1.0,1,7,7,22647520.0,9047.4,1.0,5
Kukatpally,2115.6,4,5,3.0,7,2,2,13738285.0,6493.8,1.0,10
Kukatpally,1006.8,2,3,3.0,1,4,6,5591782.0,5554.0,0.667,10
Kondapur,1280.4,2,2,1.0,20,23,25,7657732.0,5980.7,0.92,9
Begumpet,2835.5,4,4,2.0,1,14,24,23657939.0,8343.5,0.583,2
Begumpet,1553.2,3,4,1.0,0,2,5,12186884.0,7846.3,0.4,2
Kondapur,1893.6,3,4,1.0,7,22,22,14375022.0,7591.4,1.0,9
LB Nagar,1760.4,4,4,2.0,15,9,22,6578058.0,3736.7,0.409,11
Uppal,1670.0,3,3,1.0,5,2,2,7226195.0,4327.1,1.0,19
Tellapur,1976.7,4,5,1.0,10,0,7,12564370.0,6356.2,0.0,18
Kukatpally,1121.9,2,2,1.0,7,3,3,6093925.0,5431.8,1.0,10
Gachibowli,1808.1,3,4,2.0,7,18,22,16855942.0,9322.5,0.818,5
Jubilee Hills,1226.0,2,2,1.0,7,13,15,17665807.0,14409.3,0.867,7
Financial District,1768.8,3,3,0.0,2,2,6,16176734.0,9145.6,0.333,4
Uppal,2377.1,4,5,1.0,7,8,9,11214312.0,4717.6,0.889,19
Banjara Hills,1407.5,2,3,2.0,5,2,13,19411967.0,13791.8,0.154,1
Gachibowli,2546.0,4,4,0.0,20,9,22,19203860.0,7542.8,0.409,5
Ameerpet,1725.2,3,4,1.0,3,4,11,10461321.0,6063.8,0.364,0
Kukatpally,1069.9,2,3,2.0,10,15,22,6110629.0,5711.4,0.682,10
Hitech City,1862.7,4,4,2.0,2,5,10,18685205.0,10031.2,0.5,6
LB Nagar,1115.6,2,3,1.0,10,15,22,4933668.0,4422.4,0.682,11
Miyapur,1382.7,2,2,3.0,2,10,10,9139827.0,6610.1,1.0,14
Tellapur,1942.1,3,3,1.0,3,1,18,11797183.0,6074.4,0.056,18
Uppal,2277.5,4,5,1.0,15,7,10,9800395.0,4303.1,0.7,19
Nallagandla,645.5,1,1,1.0,7,1,6,4103117.0,6356.5,0.167,15
Manikonda,1264.8,3,3,1.0,10,11,19,6794256.0,5371.8,0.579,13
Tellapur,1109.1,2,2,2.0,2,8,10,8040113.0,7249.2,0.8,18
Ameerpet,1270.8,2,2,1.0,20,16,18,7131330.0,5611.7,0.889,0
Bowenpally,2116.9,4,5,2.0,0,1,15,12873816.0,6081.4,0.067,3
Hitech City,1658.5,3,3,1.0,7,14,18,15286140.0,9216.8,0.778,6
Hitech City,1285.5,3,4,2.0,10,0,7,12447687.0,9683.1,0.0,6
Shaikpet,2261.5,4,5,1.0,5,3,4,14686235.0,6494.0,0.75,17
Kondapur,977.9,2,3,3.0,5,12,24,7280127.0,7444.7,0.5,9
Uppal,1841.7,3,4,3.0,10,2,10,7976554.0,4331.1,0.2,19
Nallagandla,1079.2,2,2,1.0,7,7,19,6311511.0,5848.3,0.368,15
Nallagandla,1184.3,2,2,0.0,3,1,14,6962943.0,5879.4,0.071,15
Kondapur,984.7,2,3,3.0,0,2,2,7140998.0,7252.0,1.0,9
Hitech City,1088.7,2,2,1.0,0,1,23,9380420.0,8616.2,0.043,6
Kukatpally,1562.8,3,4,1.0,3,0,2,8851196.0,5663.7,0.0,10
Gachibowli,1773.7,3,3,0.0,7,14,22,15950247.0,8992.6,0.636,5
Madhapur,1786.1,3,4,1.0,3,1,15,15792922.0,8842.1,0.067,12
Kondapur,3213.2,5,5,1.0,0,4,5,21623357.0,6729.5,0.8,9
Manikonda,707.5,1,1,1.0,15,14,14,4539111.0,6415.7,1.0,13
Banjara Hills,1618.1,3,3,1.0,15,17,22,23786013.0,14700.0,0.773,1
Tellapur,1073.4,2,3,2.0,2,2,7,8202274.0,7641.4,0.286,18
Gachibowli,1059.1,2,3,2.0,2,3,3,8821752.0,8329.5,1.0,5
LB Nagar,1651.0,3,3,1.0,3,6,12,8018230.0,4856.6,0.5,11
Kondapur,1191.5,2,3,2.0,3,10,10,8425929.0,7071.7,1.0,9
Nallagandla,724.9,1,2,1.0,2,12,20,4702072.0,6486.5,0.6,15
Kondapur,2347.5,4,4,1.0,1,0,14,16317301.0,6950.9,0.0,9
Tellapur,1493.5,3,3,1.0,20,8,15,8759072.0,5864.8,0.533,18
Kondapur,1828.9,3,4,1.0,25,0,16,11855424.0,6482.3,0.0,9
Begumpet,1652.1,3,3,2.0,5,3,23,12087343.0,7316.4,0.13,2
Nizampet,877.0,2,3,1.0,7,15,17,4733980.0,5397.9,0.882,16
Jubilee Hills,1241.3,2,2,2.0,1,11,18,21462481.0,17290.3,0.611,7
Uppal,1384.5,3,3,0.0,15,3,3,5880534.0,4247.4,1.0,19
Hitech City,1782.1,3,4,1.0,15,2,13,13855847.0,7775.0,0.154,6
LB Nagar,1257.0,2,2,1.0,7,7,19,5611446.0,4464.2,0.368,11
Kondapur,1232.3,2,2,2.0,5,4,14,9079429.0,7367.9,0.286,9
Nizampet,656.1,1,2,2.0,0,2,4,3523771.0,5370.8,0.5,16
Kukatpally,1259.0,2,2,3.0,2,17,17,8478929.0,6734.7,1.0,10
Nallagandla,965.7,2,2,2.0,3,3,17,6082132.0,6298.2,0.176,15
Banjara Hills,1140.7,2,3,1.0,5,4,8,15975764.0,14005.2,0.5,1
Financial District,603.5,1,1,1.0,7,1,14,5874184.0,9733.5,0.071,4
Nizampet,1167.3,2,2,1.0,7,6,9,5332827.0,4568.5,0.667,16
Financial District,2470.8,4,4,1.0,25,12,15,20561589.0,8321.8,0.8,4
Nizampet,1346.9,2,2,2.0,3,5,11,7372558.0,5473.7,0.455,16
Nizampet,1053.4,2,2,1.0,5,0,21,4986203.0,4733.4,0.0,16
Miyapur,2116.4,4,4,2.0,0,0,23,11499813.0,5433.7,0.0,14
Begumpet,1163.4,2,2,2.0,2,1,15,10025514.0,8617.4,0.067,2
Jubilee Hills,1341.1,3,4,1.0,3,4,9,20947323.0,15619.5,0.444,7
Begumpet,1263.3,2,2,1.0,20,3,20,7632909.0,6042.0,0.15,2
Ameerpet,2528.5,4,5,1.0,1,11,15,17861927.0,7064.2,0.733,0
Nizampet,651.3,1,1,1.0,7,4,19,2926895.0,4493.9,0.211,16
Kukatpally,1512.8,3,4,2.0,10,4,17,9165372.0,6058.5,0.235,10
Financial District,1316.0,2,3,2.0,0,1,13,12563644.0,9546.8,0.077,4
Financial District,1092.2,2,2,2.0,3,4,17,9923413.0,9085.7,0.235,4
Bowenpally,764.2,1,1,2.0,7,1,6,3390384.0,4436.5,0.167,3
Ameerpet,1158.5,2,2,2.0,0,8,8,7856442.0,6781.6,1.0,0
Miyapur,1607.9,3,4,2.0,20,6,7,7572174.0,4709.4,0.857,14
Kompally,1300.4,2,3,1.0,7,9,9,5923473.0,4555.1,1.0,8
Nallagandla,759.2,1,2,0.0,3,6,19,4730539.0,6231.0,0.316,15
Nizampet,1170.1,2,3,1.0,0,0,12,5824509.0,4977.8,0.0,16
Ameerpet,985.1,2,3,2.0,15,10,13,6051132.0,6142.7,0.769,0
Bowenpally,1713.8,3,3,2.0,10,1,2,8169683.0,4767.0,0.5,3
Uppal,1713.0,3,3,1.0,3,18,25,7656564.0,4469.7,0.72,19
Financial District,1069.7,3,3,2.0,2,0,3,11219359.0,10488.3,0.0,4
Jubilee Hills,1821.5,3,3,1.0,10,5,10,25421211.0,13956.2,0.5,7
Financial District,2383.0,4,4,1.0,20,7,9,21742010.0,9123.8,0.778,4
Kondapur,1887.1,3,3,1.0,10,3,8,12936987.0,6855.5,0.375,9
Shaikpet,1471.2,3,4,0.0,7,0,6,10507332.0,7142.0,0.0,17
Banjara Hills,1886.4,3,4,0.0,15,4,4,21410990.0,11350.2,1.0,1
Manikonda,902.6,2,2,2.0,1,14,19,6165936.0,6831.3,0.737,13
Uppal,2723.6,4,4,1.0,2,4,23,12873465.0,4726.6,0.174,19
Madhapur,1263.9,2,2,2.0,10,2,5,10152044.0,8032.3,0.4,12
Kompally,1124.3,2,3,0.0,15,18,22,5703581.0,5073.0,0.818,8
Nallagandla,638.3,1,2,2.0,2,3,3,3939303.0,6171.6,1.0,15
Hitech City,1794.6,3,4,1.0,5,17,19,17752103.0,9892.0,0.895,6
Banjara Hills,1269.1,2,2,0.0,1,9,24,16344944.0,12879.2,0.375,1
Nallagandla,1081.4,2,3,1.0,25,2,2,5484810.0,5072.0,1.0,15
Hitech City,1946.7,3,4,2.0,7,3,5,18241790.0,9370.6,0.6,6
Kompally,1165.5,2,3,0.0,3,7,8,6158687.0,5284.2,0.875,8
Kukatpally,3263.8,5,6,2.0,10,12,13,21159663.0,6483.1,0.923,10
LB Nagar,1620.3,3,3,2.0,1,3,20,6622154.0,4087.0,0.15,11
Shaikpet,1096.2,2,2,2.0,0,4,5,7762534.0,7081.3,0.8,17
Begumpet,1369.6,2,3,1.0,5,13,24,11215358.0,8188.8,0.542,2
Shaikpet,1063.3,2,2,1.0,2,9,23,7777682.0,7314.7,0.391,17
Begumpet,3016.2,4,4,2.0,3,6,8,23382493.0,7752.3,0.75,2
Kompally,1263.7,2,2,0.0,3,3,16,6228445.0,4928.7,0.188,8
Begumpet,1604.8,3,3,3.0,7,2,6,10513061.0,6551.0,0.333,2
Uppal,1146.9,2,3,1.0,0,5,10,5797953.0,5055.3,0.5,19
Begumpet,1351.6,2,2,2.0,5,23,24,11002558.0,8140.4,0.958,2
Nizampet,1460.4,3,4,2.0,20,18,21,7465966.0,5112.3,0.857,16
Banjara Hills,2268.7,4,4,1.0,20,3,10,25181400.0,11099.5,0.3,1
Kondapur,1653.6,3,4,1.0,15,1,23,12802223.0,7742.0,0.043,9
LB Nagar,1061.3,2,3,1.0,15,4,9,4123997.0,3885.8,0.444,11
Tellapur,1083.5,2,2,2.0,3,2,2,6677763.0,6163.1,1.0,18
Tellapur,1307.8,2,2,2.0,7,19,20,9802635.0,7495.5,0.95,18
Madhapur,666.6,1,1,1.0,7,1,10,5325294.0,7988.7,0.1,12
Nizampet,1031.3,2,2,2.0,10,6,6,5164803.0,5008.1,1.0,16
Madhapur,1056.6,2,3,1.0,1,4,4,7924135.0,7499.7,1.0,12
Bowenpally,1994.7,4,4,2.0,1,9,18,9995177.0,5010.9,0.5,3
Hitech City,572.8,1,1,2.0,5,7,13,5184494.0,9051.1,0.538,6
Manikonda,3202.3,5,5,1.0,7,10,16,19255402.0,6013.0,0.625,13
Ameerpet,1959.0,4,4,2.0,5,0,13,11185242.0,5709.7,0.0,0
Manikonda,1721.5,3,4,3.0,25,5,6,9721839.0,5647.3,0.833,13
Gachibowli,665.1,1,2,0.0,1,5,13,5792469.0,8709.2,0.385,5
Begumpet,2130.6,4,4,0.0,1,3,7,15772742.0,7403.0,0.429,2
Financial District,1293.9,2,2,2.0,5,0,8,13138775.0,10154.4,0.0,4
Nizampet,1452.0,3,4,1.0,3,3,6,7949490.0,5474.9,0.5,16
Madhapur,2483.4,4,4,2.0,1,4,11,22414188.0,9025.6,0.364,12
Nizampet,1299.4,2,2,2.0,20,11,23,6822649.0,5250.6,0.478,16
Ameerpet,1698.3,4,5,1.0,2,3,8,10827610.0,6375.6,0.375,0
Kondapur,842.3,2,2,1.0,2,7,7,6367636.0,7559.8,1.0,9
Hitech City,1246.5,2,2,3.0,2,2,9,11661428.0,9355.3,0.222,6
Tellapur,947.2,2,3,1.0,0,5,14,7194273.0,7595.3,0.357,18
Hitech City,2801.8,4,4,1.0,20,14,17,22865551.0,8161.0,0.824,6
Kukatpally,1079.3,2,2,1.0,2,2,9,6562349.0,6080.2,0.222,10
Hitech City,2429.6,4,4,2.0,7,5,8,21476705.0,8839.6,0.625,6
Ameerpet,1542.2,3,3,1.0,15,13,18,10228994.0,6632.7,0.722,0
Uppal,1740.8,3,3,1.0,1,13,14,8932621.0,5131.3,0.929,19
Banjara Hills,1358.1,2,3,3.0,3,5,16,19381983.0,14271.4,0.312,1
Tellapur,1659.6,3,3,2.0,3,8,17,10308476.0,6211.4,0.471,18
Shaikpet,1134.1,2,3,2.0,2,2,3,7791567.0,6870.3,0.667,17
Jubilee Hills,1759.0,3,3,1.0,2,4,7,24105702.0,13704.2,0.571,7
Kondapur,2602.9,4,5,2.0,2,25,25,19792679.0,7604.1,1.0,9
Kondapur,2338.4,4,4,2.0,2,8,14,18127333.0,7752.0,0.571,9
Kondapur,1209.4,2,2,2.0,2,0,2,8382589.0,6931.2,0.0,9
Financial District,1111.2,2,3,2.0,0,4,20,10912003.0,9820.0,0.2,4
Ameerpet,1233.8,2,2,1.0,3,15,18,7809205.0,6329.4,0.833,0
Banjara Hills,1214.1,2,2,1.0,7,11,16,16859133.0,13886.1,0.688,1
Begumpet,2117.7,4,5,1.0,1,4,8,16970629.0,8013.7,0.5,2
Nizampet,1296.6,3,4,2.0,10,1,8,6964604.0,5371.4,0.125,16
Kondapur,1860.2,3,4,3.0,1,4,9,13585362.0,7303.2,0.444,9
Kompally,1519.0,3,3,3.0,0,10,11,7701376.0,5070.0,0.909,8
Tellapur,1310.5,2,2,1.0,10,7,18,9034223.0,6893.7,0.389,18
Jubilee Hills,1878.1,3,4,1.0,1,1,25,24605097.0,13101.1,0.04,7
Manikonda,3133.0,5,6,2.0,10,4,13,17972569.0,5736.5,0.308,13
Banjara Hills,685.5,1,2,1.0,3,0,2,10068766.0,14688.2,0.0,1
Miyapur,1631.4,3,4,1.0,10,7,12,8734800.0,5354.2,0.583,14
Miyapur,1243.5,2,2,2.0,5,13,16,6705140.0,5392.2,0.812,14
Hitech City,1444.3,3,3,2.0,20,8,9,12168743.0,8425.4,0.889,6
Kondapur,1783.5,3,3,1.0,10,4,14,12808056.0,7181.4,0.286,9
Hitech City,1388.8,3,4,1.0,15,4,5,11207461.0,8069.9,0.8,6
Kompally,1764.6,3,3,1.0,20,20,21,6725378.0,3811.3,0.952,8
Bowenpally,2589.9,4,4,1.0,3,0,10,13442077.0,5190.2,0.0,3
Kondapur,1213.9,2,2,1.0,3,11,12,9249577.0,7619.7,0.917,9
Manikonda,1137.8,2,2,1.0,20,5,9,6056678.0,5323.1,0.556,13
Banjara Hills,1095.8,2,3,1.0,1,0,3,13961072.0,12740.5,0.0,1
Madhapur,1240.6,3,3,1.0,0,12,22,9802645.0,7901.5,0.545,12
Uppal,1309.1,2,3,1.0,15,0,2,5057251.0,3863.2,0.0,19
Nizampet,1317.8,2,3,1.0,0,4,10,6401037.0,4857.4,0.4,16
Gachibowli,2106.5,4,5,2.0,25,2,21,16019056.0,7604.6,0.095,5
Banjara Hills,1006.5,2,3,2.0,3,0,17,14560959.0,14466.9,0.0,1
Tellapur,1529.4,3,3,1.0,7,3,8,9175743.0,5999.6,0.375,18
Kukatpally,1383.0,3,3,0.0,10,6,25,8582939.0,6206.0,0.24,10
Manikonda,1314.1,3,4,1.0,7,3,17,8168358.0,6215.9,0.176,13
Bowenpally,1250.1,2,3,1.0,3,7,21,6775019.0,5419.6,0.333,3
Miyapur,1732.9,3,3,2.0,1,15,19,10053006.0,5801.3,0.789,14
Financial District,1019.4,2,2,1.0,0,7,12,10047566.0,9856.4,0.583,4
Nizampet,621.4,1,1,2.0,1,3,8,3247263.0,5225.7,0.375,16
Tellapur,2836.6,4,4,2.0,2,16,16,20657565.0,7282.5,1.0,18
Gachibowli,1015.5,2,3,2.0,2,1,11,9515619.0,9370.4,0.091,5
Nallagandla,1138.7,2,3,1.0,0,7,12,8850556.0,7772.5,0.583,15
Ameerpet,2724.9,4,5,1.0,1,8,25,18337075.0,6729.4,0.32,0
Nizampet,1980.1,4,4,1.0,10,12,13,10519950.0,5312.8,0.923,16
Tellapur,1600.8,3,4,1.0,0,1,22,11843320.0,7398.4,0.045,18
Madhapur,1051.3,2,3,1.0,10,3,10,8435997.0,8024.3,0.3,12
Tellapur,1523.9,3,3,1.0,3,3,6,10925009.0,7169.1,0.5,18
Ameerpet,1810.4,3,4,1.0,3,12,12,13251483.0,7319.6,1.0,0
Banjara Hills,1048.2,2,3,1.0,5,16,20,14302444.0,13644.8,0.8,1
Kukatpally,1191.2,2,2,1.0,5,1,4,7542738.0,6332.1,0.25,10
Kondapur,1382.3,3,3,2.0,3,11,17,9855332.0,7129.7,0.647,9
Gachibowli,1693.8,3,3,1.0,0,2,3,15578471.0,9197.3,0.667,5
Madhapur,1848.6,3,3,1.0,7,1,23,16280288.0,8806.8,0.043,12
Ameerpet,1218.5,2,2,2.0,0,2,4,8410277.0,6902.2,0.5,0
Hitech City,774.6,1,1,1.0,7,17,24,6639736.0,8571.8,0.708,6
Kompally,1861.7,3,3,1.0,1,13,17,8950966.0,4808.0,0.765,8
Gachibowli,1137.2,2,2,1.0,1,22,24,9517925.0,8369.6,0.917,5
Kondapur,2353.4,4,4,1.0,3,9,16,15603452.0,6630.2,0.562,9
Nallagandla,1119.0,2,3,2.0,1,5,10,6666738.0,5957.8,0.5,15
Nizampet,1086.2,2,2,1.0,1,14,14,4992111.0,4595.9,1.0,16
Tellapur,1061.3,2,2,1.0,5,11,21,7116234.0,6705.2,0.524,18
Financial District,893.5,2,3,1.0,3,21,24,8395562.0,9396.3,0.875,4
Banjara Hills,1174.8,2,2,1.0,2,2,11,18754839.0,15964.3,0.182,1
Bowenpally,1380.8,3,4,1.0,5,7,17,7408215.0,5365.2,0.412,3
Kondapur,1590.0,3,3,1.0,7,4,4,10743873.0,6757.2,1.0,9
Financial District,1539.2,3,3,2.0,5,4,10,13829352.0,8984.8,0.4,4
Hitech City,1164.3,2,2,3.0,0,12,19,12356444.0,10612.8,0.632,6
Gachibowli,1861.7,3,4,1.0,10,2,2,14180501.0,7617.0,1.0,5
Tellapur,1438.8,4,5,1.0,2,4,5,10557732.0,7337.9,0.8,18
Kondapur,2390.6,4,5,1.0,1,6,8,15401242.0,6442.4,0.75,9
Financial District,1355.0,2,2,1.0,5,13,18,12959744.0,9564.4,0.722,4
Kompally,581.8,1,1,0.0,5,16,20,2603619.0,4475.1,0.8,8
Nallagandla,727.0,1,2,1.0,25,9,20,4234193.0,5824.2,0.45,15
Tellapur,1431.9,2,3,2.0,0,5,17,10746815.0,7505.3,0.294,18
Kukatpally,1117.3,2,2,1.0,0,2,10,6702185.0,5998.6,0.2,10
Banjara Hills,1723.5,3,3,3.0,10,1,12,21404847.0,12419.4,0.083,1
Financial District,1030.7,2,3,2.0,2,0,23,10670136.0,10352.3,0.0,4
Kukatpally,1209.9,2,2,0.0,20,6,9,5620170.0,4645.2,0.667,10
LB Nagar,2633.8,4,5,1.0,15,1,4,9953030.0,3779.0,0.25,11
Kukatpally,2529.0,4,5,1.0,1,19,19,15244564.0,6027.9,1.0,10
Miyapur,1396.0,2,2,1.0,10,11,18,7159676.0,5128.7,0.611,14
Nizampet,1634.9,2,2,2.0,20,9,22,7862937.0,4809.4,0.409,16
Uppal,1524.4,3,4,1.0,2,4,4,6725852.0,4412.1,1.0,19
Bowenpally,2266.5,4,5,1.0,15,1,21,10020693.0,4421.2,0.048,3
Nallagandla,1629.7,3,3,2.0,10,18,18,11093951.0,6807.4,1.0,15
Bowenpally,1911.6,3,3,2.0,3,4,4,10463667.0,5473.8,1.0,3
Nallagandla,2061.2,4,4,3.0,7,13,19,13174976.0,6391.9,0.684,15
Bowenpally,1191.3,3,3,0.0,1,6,9,6413371.0,5383.5,0.667,3
Madhapur,1515.3,3,4,1.0,2,13,23,12793762.0,8443.1,0.565,12
LB Nagar,1264.6,2,2,0.0,15,7,23,5213952.0,4123.0,0.304,11
Kondapur,2584.2,4,5,2.0,25,2,18,14140560.0,5471.9,0.111,9
Nallagandla,2949.2,5,6,0.0,2,13,19,20655408.0,7003.7,0.684,15
Ameerpet,999.1,2,2,1.0,1,18,23,7476923.0,7483.7,0.783,0
Gachibowli,1782.4,3,3,1.0,25,6,8,11345370.0,6365.2,0.75,5
Madhapur,948.4,2,2,1.0,5,3,5,7644290.0,8060.2,0.6,12
Manikonda,2348.6,4,4,1.0,1,0,20,13983918.0,5954.2,0.0,13
Nizampet,696.3,1,1,1.0,7,0,5,3841106.0,5516.5,0.0,16
Shaikpet,2937.3,5,6,3.0,1,14,21,21515161.0,7324.8,0.667,17
Financial District,1649.7,3,3,2.0,1,6,6,16750790.0,10153.8,1.0,4
Hitech City,1089.3,2,2,2.0,2,9,10,10075646.0,9249.7,0.9,6
Gachibowli,1050.6,2,3,1.0,10,0,18,8094769.0,7704.9,0.0,5
Shaikpet,1870.2,3,4,1.0,5,0,3,14185484.0,7585.0,0.0,17
Ameerpet,700.1,1,1,1.0,3,17,22,4159827.0,5941.8,0.773,0
Manikonda,2205.0,4,5,1.0,5,0,3,14026102.0,6361.0,0.0,13
Banjara Hills,1744.5,3,4,1.0,25,1,11,18315924.0,10499.2,0.091,1
Kukatpally,1016.4,2,3,2.0,20,1,14,5140108.0,5057.2,0.071,10
Financial District,1250.4,2,2,0.0,7,4,16,10611826.0,8486.7,0.25,4
Kondapur,2034.4,4,5,3.0,0,5,17,15822668.0,7777.6,0.294,9
Miyapur,1094.2,2,3,2.0,5,10,24,6457523.0,5901.6,0.417,14
LB Nagar,893.7,2,3,1.0,1,1,7,3475691.0,3889.1,0.143,11
LB Nagar,3410.8,5,6,2.0,7,7,13,14458113.0,4238.9,0.538,11
Miyapur,1090.6,2,2,1.0,15,2,11,5581375.0,5117.7,0.182,14
Kukatpally,2480.9,4,4,1.0,1,7,8,15187441.0,6121.7,0.875,10
Banjara Hills,1682.0,3,3,2.0,3,19,23,22035551.0,13100.8,0.826,1
Hitech City,1928.7,4,5,1.0,3,5,19,18537057.0,9611.2,0.263,6
Nallagandla,2547.5,4,4,1.0,5,5,6,16477424.0,6468.1,0.833,15
Hitech City,1454.9,3,3,1.0,15,2,12,12206999.0,8390.3,0.167,6
Financial District,671.4,1,2,1.0,1,4,10,6403464.0,9537.5,0.4,4
Kompally,2435.1,4,5,1.0,2,5,6,13064482.0,5365.1,0.833,8
Begumpet,2569.0,4,4,1.0,7,9,9,16780107.0,6531.8,1.0,2
Kondapur,2094.2,4,4,1.0,1,15,16,17332593.0,8276.5,0.938,9
Bowenpally,1653.5,3,3,2.0,2,10,14,10662834.0,6448.6,0.714,3
Hitech City,1981.4,3,3,2.0,10,10,14,19431185.0,9806.8,0.714,6
Banjara Hills,1215.5,2,3,1.0,3,7,24,17386910.0,14304.3,0.292,1
Shaikpet,901.7,2,2,1.0,7,5,9,6066177.0,6727.5,0.556,17
Manikonda,2366.8,4,4,1.0,3,1,6,13600890.0,5746.5,0.167,13
Nallagandla,3345.6,5,6,1.0,0,2,4,21461919.0,6415.0,0.5,15
Jubilee Hills,1454.0,2,3,0.0,5,1,7,18217698.0,12529.4,0.143,7
Miyapur,1020.1,2,3,1.0,20,10,13,4563393.0,4473.5,0.769,14
Bowenpally,1372.1,2,2,0.0,2,14,17,7647765.0,5573.8,0.824,3
Miyapur,1138.6,2,3,1.0,20,7,9,5985535.0,5256.9,0.778,14
Manikonda,1590.9,3,4,1.0,7,12,15,9419562.0,5920.9,0.8,13
Hitech City,1404.0,3,4,3.0,15,17,22,12734267.0,9070.0,0.773,6
Miyapur,1708.2,3,3,1.0,15,11,19,9610056.0,5625.8,0.579,14
Gachibowli,1316.2,2,3,1.0,2,12,13,11819595.0,8980.1,0.923,5
Banjara Hills,1246.4,3,3,2.0,10,0,25,16609950.0,13326.3,0.0,1
Jubilee Hills,1154.1,2,3,2.0,25,1,16,12824167.0,11111.8,0.062,7
Uppal,1448.1,3,3,1.0,3,1,9,6615994.0,4568.7,0.111,19
Shaikpet,1102.8,2,3,1.0,1,1,2,7446051.0,6752.0,0.5,17
Madhapur,2465.7,4,5,1.0,15,7,8,17658995.0,7161.9,0.875,12
Gachibowli,2021.7,4,4,1.0,1,11,13,18017153.0,8911.9,0.846,5
Kompally,2731.7,4,5,1.0,0,5,10,14659646.0,5366.5,0.5,8
Miyapur,1611.3,3,4,2.0,2,0,6,8614307.0,5346.2,0.0,14
Nizampet,3638.8,5,5,1.0,20,10,20,18867591.0,5185.1,0.5,16
Uppal,1082.6,2,3,2.0,1,22,25,5425945.0,5012.0,0.88,19
Tellapur,1845.7,4,4,1.0,1,0,3,12614516.0,6834.5,0.0,18
Madhapur,1450.7,2,3,2.0,2,0,20,11579060.0,7981.7,0.0,12
Bowenpally,749.1,1,1,0.0,10,0,15,3663701.0,4890.8,0.0,3
Manikonda,1507.7,3,4,1.0,25,14,24,7611239.0,5048.2,0.583,13
LB Nagar,1759.2,3,3,1.0,5,3,21,7289057.0,4143.4,0.143,11
Jubilee Hills,702.0,1,1,2.0,0,1,3,12216540.0,17402.5,0.333,7
Nallagandla,1483.1,3,3,2.0,1,12,18,11418429.0,7699.0,0.667,15
Jubilee Hills,1496.0,3,4,1.0,10,4,17,21636424.0,14462.9,0.235,7
Begumpet,3226.2,5,6,1.0,7,5,17,23784073.0,7372.2,0.294,2
Kompally,2453.6,4,5,2.0,2,3,10,12397725.0,5052.9,0.3,8
Gachibowli,1315.2,2,2,1.0,1,12,14,12168899.0,9252.5,0.857,5
Bowenpally,2541.5,4,5,1.0,3,8,13,14160982.0,5571.9,0.615,3
Manikonda,1614.7,3,4,0.0,0,18,23,9954447.0,6164.9,0.783,13
Kompally,1396.2,3,3,2.0,10,12,15,7650657.0,5479.6,0.8,8
Begumpet,1602.4,3,3,1.0,5,6,8,11548021.0,7206.7,0.75,2
Jubilee Hills,1544.1,3,4,1.0,1,6,12,23808811.0,15419.2,0.5,7
Hitech City,596.1,1,1,1.0,5,3,10,4687393.0,7863.4,0.3,6
Miyapur,1685.9,3,3,1.0,15,3,5,7254942.0,4303.3,0.6,14
Tellapur,1808.4,3,3,1.0,20,0,4,10671160.0,5900.9,0.0,18
Kukatpally,1179.3,2,3,2.0,3,0,4,7353049.0,6235.1,0.0,10
Financial District,1566.8,3,3,0.0,10,2,8,12163257.0,7763.1,0.25,4
Kondapur,2636.6,4,4,3.0,1,3,4,19520088.0,7403.5,0.75,9
Banjara Hills,1755.3,3,3,1.0,20,19,23,21010868.0,11970.0,0.826,1
Ameerpet,1544.9,3,3,1.0,15,12,23,8931698.0,5781.4,0.522,0
Tellapur,2832.0,5,5,1.0,15,12,20,17102519.0,6039.0,0.6,18
Nallagandla,2162.2,4,4,1.0,0,0,5,13187007.0,6098.9,0.0,15
Nallagandla,1141.2,2,3,1.0,2,0,25,7029312.0,6159.6,0.0,15
Kukatpally,1384.6,3,3,1.0,25,7,22,7429260.0,5365.6,0.318,10
Bowenpally,1396.5,2,3,2.0,0,13,19,7649561.0,5477.7,0.684,3
Gachibowli,1651.2,3,4,1.0,15,6,6,11675228.0,7070.8,1.0,5
Hitech City,982.8,2,3,1.0,1,23,23,9757223.0,9928.0,1.0,6
Gachibowli,1711.9,3,3,2.0,7,0,17,12386491.0,7235.5,0.0,5
Madhapur,950.5,2,3,2.0,0,20,25,7974426.0,8389.7,0.8,12
Financial District,1154.8,2,3,1.0,25,8,22,9913328.0,8584.5,0.364,4
Uppal,1163.8,2,2,1.0,7,4,11,4973905.0,4273.8,0.364,19
Banjara Hills,1538.1,3,3,1.0,2,2,2,22454420.0,14598.8,1.0,1
Shaikpet,1678.2,3,4,1.0,5,18,18,12450950.0,7419.2,1.0,17
Madhapur,1997.4,4,4,1.0,1,4,20,17501581.0,8762.2,0.2,12
Hitech City,1290.2,2,3,1.0,15,3,22,9476454.0,7344.9,0.136,6
Nallagandla,1975.7,4,4,0.0,1,0,8,12317093.0,6234.3,0.0,15
Jubilee Hills,1152.8,2,3,1.0,5,8,17,15100779.0,13099.2,0.471,7
Kompally,2069.5,4,4,2.0,25,12,24,9964165.0,4814.8,0.5,8
Manikonda,1955.7,3,4,1.0,2,3,7,13030314.0,6662.7,0.429,13
Kompally,1225.5,2,3,1.0,0,23,23,6551200.0,5345.7,1.0,8
Tellapur,2009.7,3,4,0.0,1,11,12,15600413.0,7762.6,0.917,18
Bowenpally,661.5,1,2,1.0,3,1,3,3446262.0,5209.8,0.333,3
Miyapur,1589.5,3,3,1.0,0,1,5,8218777.0,5170.7,0.2,14
Begumpet,1607.3,3,4,1.0,7,7,13,12517647.0,7788.0,0.538,2
Uppal,1719.7,3,3,1.0,1,9,20,7882572.0,4583.7,0.45,19
Gachibowli,1123.8,2,2,0.0,0,19,23,9713240.0,8643.2,0.826,5
Tellapur,1760.3,3,4,1.0,5,4,14,10795497.0,6132.8,0.286,18
Manikonda,2170.8,4,4,2.0,5,3,5,11537885.0,5315.0,0.6,13
Gachibowli,1239.0,2,2,0.0,1,8,19,10766476.0,8689.6,0.421,5
Banjara Hills,1635.2,3,3,1.0,10,3,7,19528966.0,11942.9,0.429,1
Ameerpet,730.7,1,1,1.0,7,4,5,4275197.0,5850.8,0.8,0
Kondapur,586.5,1,1,1.0,10,8,9,3774966.0,6436.4,0.889,9
Manikonda,646.2,1,1,1.0,15,6,8,3619648.0,5601.4,0.75,13
Nallagandla,953.7,2,2,1.0,25,3,7,5898139.0,6184.5,0.429,15
Nizampet,982.3,2,2,1.0,5,19,23,4376329.0,4455.2,0.826,16
Ameerpet,1281.3,2,2,1.0,0,3,17,7370129.0,5752.1,0.176,0
Madhapur,708.3,1,1,1.0,20,6,6,4526291.0,6390.4,1.0,12
Kukatpally,1789.9,3,3,0.0,20,12,16,9093367.0,5080.4,0.75,10
Shaikpet,1130.2,2,3,0.0,10,3,4,6528358.0,5776.3,0.75,17
Banjara Hills,1575.2,3,3,1.0,0,2,6,22633769.0,14368.8,0.333,1
Nallagandla,1269.3,2,2,1.0,0,3,10,8417643.0,6631.7,0.3,15
Hitech City,1013.2,2,2,2.0,7,6,19,9238054.0,9117.7,0.316,6
Uppal,1511.5,3,3,1.0,3,2,7,6015410.0,3979.8,0.286,19
Jubilee Hills,1117.3,2,3,1.0,10,5,12,13410849.0,12002.9,0.417,7
Uppal,1155.3,2,2,2.0,0,6,16,4944195.0,4279.6,0.375,19
Ameerpet,1436.8,3,3,1.0,7,8,25,9276338.0,6456.2,0.32,0
Jubilee Hills,662.6,1,1,1.0,2,3,15,9520174.0,14367.9,0.2,7
Shaikpet,1200.1,2,2,1.0,3,13,17,8867795.0,7389.2,0.765,17
LB Nagar,2581.3,4,5,2.0,5,1,20,11128988.0,4311.4,0.05,11
Ameerpet,1716.0,3,4,2.0,2,8,22,11274655.0,6570.3,0.364,0
Kukatpally,1547.3,3,4,2.0,10,17,20,9676488.0,6253.8,0.85,10
Nizampet,1698.6,3,3,0.0,7,24,24,9673788.0,5695.2,1.0,16
Tellapur,1380.8,2,3,1.0,1,2,10,9997381.0,7240.3,0.2,18
Hitech City,2590.1,4,5,2.0,2,8,18,23076809.0,8909.6,0.444,6
Nizampet,1191.5,2,2,0.0,10,1,8,5486136.0,4604.4,0.125,16
Shaikpet,1332.5,3,3,2.0,10,7,10,8841134.0,6635.0,0.7,17
Hitech City,658.5,1,1,0.0,3,0,3,5351535.0,8126.9,0.0,6
Nizampet,2938.8,4,5,1.0,1,2,12,15751744.0,5359.9,0.167,16
Nizampet,1297.2,2,2,0.0,3,0,2,7205072.0,5554.3,0.0,16
Gachibowli,2480.1,4,5,1.0,15,16,16,21121605.0,8516.4,1.0,5
Begumpet,1084.1,2,2,1.0,2,2,20,7611807.0,7021.3,0.1,2
Shaikpet,1200.9,2,2,1.0,1,4,5,8026953.0,6684.1,0.8,17
Kompally,1644.5,3,4,2.0,10,15,15,8852217.0,5382.9,1.0,8
Shaikpet,1474.5,3,3,1.0,25,14,21,8365236.0,5673.3,0.667,17
Nallagandla,1674.7,3,3,1.0,20,0,6,9576191.0,5718.2,0.0,15
Kompally,1015.0,2,2,2.0,2,5,5,4746847.0,4676.7,1.0,8
Jubilee Hills,1690.7,3,3,2.0,20,2,2,23005298.0,13607.0,1.0,7
Ameerpet,1026.0,2,3,0.0,7,9,21,6025737.0,5873.0,0.429,0
LB Nagar,1358.5,2,3,1.0,5,3,4,5855416.0,4310.2,0.75,11
Kukatpally,2425.4,4,4,1.0,2,1,5,14293360.0,5893.2,0.2,10
Kondapur,1208.5,2,3,2.0,2,1,14,9843665.0,8145.4,0.071,9
Financial District,1789.7,3,3,2.0,15,4,10,14526664.0,8116.8,0.4,4
Hitech City,540.3,1,1,2.0,25,0,11,4288063.0,7936.4,0.0,6
LB Nagar,1666.5,3,4,2.0,1,2,6,7707502.0,4625.0,0.333,11
Bowenpally,1935.8,3,3,1.0,7,3,7,9788415.0,5056.5,0.429,3
Begumpet,1187.0,2,3,2.0,5,6,17,9713810.0,8183.5,0.353,2
Kukatpally,2033.6,4,4,0.0,7,0,2,11042726.0,5430.1,0.0,10
Kompally,1167.2,2,2,1.0,5,5,9,4771194.0,4087.7,0.556,8
Bowenpally,1026.5,2,2,1.0,0,2,2,5940964.0,5787.6,1.0,3
Gachibowli,1336.1,3,4,0.0,3,11,13,12173195.0,9111.0,0.846,5
Shaikpet,1200.9,2,3,1.0,3,2,6,8420708.0,7012.0,0.333,17
Manikonda,1685.9,3,4,3.0,15,8,22,9154341.0,5429.9,0.364,13
Ameerpet,1865.1,3,3,2.0,2,2,9,12577676.0,6743.7,0.222,0
Gachibowli,2086.9,4,5,0.0,15,2,2,15334090.0,7347.8,1.0,5
Hitech City,1420.3,3,3,2.0,1,8,21,14697813.0,10348.4,0.381,6
Manikonda,1573.2,3,3,2.0,0,4,18,9948938.0,6324.0,0.222,13
Tellapur,713.0,1,1,1.0,7,4,11,5463190.0,7662.3,0.364,18
Ameerpet,2118.9,3,4,1.0,5,14,20,13507791.0,6374.9,0.7,0
Jubilee Hills,1739.0,3,4,2.0,10,2,10,21753381.0,12509.1,0.2,7
Ameerpet,2840.4,4,4,1.0,5,15,19,18888808.0,6650.1,0.789,0
Begumpet,3339.8,5,5,2.0,2,3,11,25376665.0,7598.3,0.273,2
Nallagandla,1013.9,2,2,1.0,7,6,6,6549383.0,6459.6,1.0,15
Nizampet,1625.3,3,4,1.0,3,7,16,8267733.0,5086.9,0.438,16
Ameerpet,1981.6,4,4,1.0,0,4,19,13243091.0,6683.0,0.211,0
Begumpet,1728.4,3,3,1.0,5,3,17,11682003.0,6758.9,0.176,2
Shaikpet,1167.9,2,2,1.0,7,6,12,8547708.0,7318.9,0.5,17
Gachibowli,647.0,1,2,1.0,3,4,14,6087434.0,9408.7,0.286,5
Kondapur,570.6,1,1,0.0,15,2,19,3903802.0,6841.6,0.105,9
Kondapur,1207.8,2,2,1.0,1,4,4,8529467.0,7062.0,1.0,9
Begumpet,1723.4,3,3,1.0,7,11,18,13978072.0,8110.8,0.611,2
Nallagandla,538.7,1,1,1.0,25,2,6,2948261.0,5472.9,0.333,15
Kompally,2184.0,4,5,1.0,1,6,15,11548727.0,5287.9,0.4,8
Begumpet,1524.3,3,4,1.0,10,20,25,10478589.0,6874.4,0.8,2
Kukatpally,566.6,1,1,1.0,7,15,16,3598857.0,6351.7,0.938,10
LB Nagar,1100.4,2,2,1.0,15,8,9,4154699.0,3775.6,0.889,11
Jubilee Hills,985.6,2,3,2.0,2,8,18,14277369.0,14486.0,0.444,7
Madhapur,2056.8,4,4,2.0,3,0,19,14742504.0,7167.7,0.0,12
Nizampet,1036.5,2,3,0.0,15,7,13,4939984.0,4766.0,0.538,16
Nizampet,1516.0,3,3,1.0,5,7,16,8903638.0,5873.1,0.438,16
Financial District,1873.5,3,3,1.0,1,0,6,14460819.0,7718.6,0.0,4
Kondapur,3560.7,5,5,1.0,25,12,20,20520062.0,5762.9,0.6,9
Financial District,1659.5,3,3,1.0,7,19,25,16323275.0,9836.3,0.76,4
Nallagandla,1142.7,2,3,2.0,3,3,10,7316523.0,6402.8,0.3,15
Banjara Hills,1593.6,3,3,1.0,10,1,7,20143766.0,12640.4,0.143,1
Jubilee Hills,1142.3,2,2,1.0,15,0,18,14888523.0,13033.8,0.0,7
Gachibowli,972.9,3,4,1.0,25,5,13,7214391.0,7415.3,0.385,5
Madhapur,1152.1,3,3,2.0,2,0,21,10186110.0,8841.3,0.0,12
Hitech City,2548.5,4,4,2.0,3,17,17,23391398.0,9178.5,1.0,6
Banjara Hills,1375.2,3,3,2.0,10,0,2,19129408.0,13910.3,0.0,1
Banjara Hills,1541.9,3,3,1.0,5,0,2,20765027.0,13467.2,0.0,1
LB Nagar,987.4,2,2,3.0,10,3,4,3768717.0,3816.8,0.75,11
Shaikpet,1115.1,2,2,2.0,5,10,14,6578000.0,5899.0,0.714,17
Gachibowli,2796.4,4,4,1.0,0,3,17,22925668.0,8198.3,0.176,5
Tellapur,1213.9,2,2,2.0,5,4,14,8467065.0,6975.1,0.286,18
Kukatpally,1263.5,2,2,2.0,3,3,6,7734350.0,6121.4,0.5,10
Nizampet,1270.5,2,3,2.0,3,4,15,6431518.0,5062.2,0.267,16
Bowenpally,1908.5,3,4,1.0,20,9,17,9440435.0,4946.5,0.529,3
Kondapur,2642.5,4,4,0.0,1,8,10,19991956.0,7565.5,0.8,9
Hitech City,1126.9,2,3,2.0,2,3,17,11309036.0,10035.5,0.176,6
Bowenpally,1879.8,4,4,1.0,0,1,2,10226092.0,5440.0,0.5,3
Bowenpally,2628.9,4,5,3.0,1,16,18,15254988.0,5802.8,0.889,3
Uppal,647.0,1,1,2.0,15,10,20,2894458.0,4473.7,0.5,19
Begumpet,1639.6,3,3,2.0,15,12,23,10308653.0,6287.3,0.522,2
Shaikpet,1911.2,3,3,3.0,5,7,23,12470238.0,6524.8,0.304,17
Nallagandla,1133.0,2,3,1.0,2,1,11,7125404.0,6289.0,0.091,15
Kompally,1350.6,3,4,2.0,25,3,7,5457426.0,4040.7,0.429,8
Bowenpally,1995.4,4,5,3.0,25,9,14,9599918.0,4811.0,0.643,3
Kompally,1092.1,2,3,1.0,5,11,15,5033988.0,4609.5,0.733,8
Jubilee Hills,981.7,2,3,2.0,3,3,8,12425631.0,12657.3,0.375,7
Financial District,2409.6,4,4,1.0,3,0,6,20774923.0,8621.7,0.0,4
LB Nagar,2280.0,4,4,3.0,3,2,5,10472718.0,4593.3,0.4,11
Financial District,1628.6,3,3,2.0,3,10,24,15499116.0,9516.8,0.417,4
Bowenpally,3569.5,5,5,2.0,3,2,10,17624137.0,4937.4,0.2,3
Madhapur,1227.8,2,2,2.0,5,16,18,10147991.0,8265.2,0.889,12
Miyapur,1107.7,2,3,0.0,10,10,10,5539185.0,5000.6,1.0,14
Kondapur,1515.3,3,4,1.0,5,16,23,10469656.0,6909.3,0.696,9
Begumpet,1306.5,2,2,2.0,15,8,17,9750894.0,7463.4,0.471,2
Miyapur,2195.4,4,4,1.0,15,9,10,11396474.0,5191.1,0.9,14
LB Nagar,578.9,1,1,1.0,2,0,14,2455352.0,4241.4,0.0,11
Jubilee Hills,1538.9,3,4,2.0,15,3,21,18369731.0,11936.9,0.143,7
LB Nagar,1494.0,3,3,1.0,15,0,4,4836923.0,3237.6,0.0,11
Gachibowli,1236.8,2,2,2.0,20,16,19,9429500.0,7624.1,0.842,5
Banjara Hills,1131.7,2,2,3.0,5,20,25,16756686.0,14806.7,0.8,1
Kompally,943.7,2,2,1.0,1,9,24,4436722.0,4701.4,0.375,8
Begumpet,1485.7,3,4,3.0,3,1,3,11083056.0,7459.8,0.333,2
Gachibowli,2075.6,3,4,3.0,1,2,6,17519047.0,8440.5,0.333,5
Uppal,995.7,2,2,1.0,2,12,20,4774253.0,4794.9,0.6,19
Manikonda,1167.2,2,2,1.0,2,0,2,6619280.0,5671.1,0.0,13
Manikonda,1574.0,3,4,1.0,20,0,16,8323956.0,5288.4,0.0,13
Nallagandla,953.8,2,3,2.0,2,12,25,5628491.0,5901.1,0.48,15
Kukatpally,1245.7,2,2,1.0,7,2,16,6618977.0,5313.5,0.125,10
Gachibowli,774.7,1,1,1.0,3,5,14,6716960.0,8670.4,0.357,5
Gachibowli,1054.9,2,2,1.0,20,6,10,8225861.0,7797.8,0.6,5
Banjara Hills,1344.6,3,3,1.0,3,11,23,19829909.0,14747.8,0.478,1
Madhapur,1156.8,2,3,0.0,7,6,6,8049349.0,6958.3,1.0,12
Begumpet,1232.0,2,2,2.0,5,16,19,9199449.0,7467.1,0.842,2
Nallagandla,2344.1,4,5,2.0,0,4,4,14961675.0,6382.7,1.0,15
Jubilee Hills,1155.8,2,2,1.0,3,6,6,15557870.0,13460.7,1.0,7
Miyapur,1740.1,3,4,2.0,3,17,25,11403939.0,6553.6,0.68,14
Nizampet,2396.7,4,4,2.0,2,0,2,13435601.0,5605.9,0.0,16
Hitech City,1917.1,3,3,2.0,5,2,22,14675113.0,7654.9,0.091,6
Kompally,1759.2,3,3,0.0,2,0,2,8885829.0,5051.1,0.0,8
Kukatpally,1216.8,2,3,1.0,15,13,25,6479339.0,5324.9,0.52,10
Uppal,1046.9,2,3,1.0,10,0,2,4368863.0,4173.1,0.0,19
Begumpet,1471.3,3,3,3.0,2,12,22,11969314.0,8135.2,0.545,2
Nizampet,1077.3,2,2,2.0,7,5,5,5470966.0,5078.4,1.0,16
Gachibowli,1576.5,3,4,2.0,1,9,14,14364008.0,9111.3,0.643,5
Jubilee Hills,1510.1,3,3,2.0,0,4,9,20216291.0,13387.4,0.444,7
Banjara Hills,1613.2,3,3,2.0,1,9,14,22099839.0,13699.4,0.643,1
Bowenpally,2164.4,4,4,1.0,25,9,15,9666526.0,4466.1,0.6,3
Jubilee Hills,1747.3,3,3,1.0,5,0,23,23326385.0,13350.0,0.0,7
Nallagandla,1015.7,2,2,1.0,7,5,5,5982922.0,5890.4,1.0,15
Uppal,2272.9,4,4,1.0,25,5,6,8847885.0,3892.8,0.833,19
Manikonda,1352.0,2,2,2.0,1,11,17,9299395.0,6878.3,0.647,13
Uppal,1832.2,3,3,3.0,7,2,7,8015019.0,4374.5,0.286,19
Ameerpet,2251.5,4,4,1.0,10,19,21,14726593.0,6540.8,0.905,0
Banjara Hills,1687.4,3,4,1.0,25,2,5,20647162.0,12236.1,0.4,1
Nizampet,1580.9,3,4,1.0,7,1,14,7336612.0,4640.8,0.071,16
Madhapur,2212.4,4,4,1.0,2,7,13,21464504.0,9701.9,0.538,12
Tellapur,1991.2,3,4,1.0,2,3,10,11856745.0,5954.6,0.3,18
Financial District,1225.0,2,3,2.0,2,9,24,11414181.0,9317.7,0.375,4
Financial District,1360.7,2,2,0.0,1,0,9,12046419.0,8853.1,0.0,4
Begumpet,1690.7,3,3,0.0,5,19,22,13287333.0,7859.1,0.864,2
Nallagandla,3177.7,5,6,2.0,5,5,6,22355056.0,7035.0,0.833,15
Kondapur,1285.0,2,3,1.0,10,5,15,9624828.0,7490.1,0.333,9
Kondapur,1970.5,4,5,2.0,3,4,8,15409521.0,7820.1,0.5,9
Miyapur,1465.6,3,4,1.0,2,4,14,8120203.0,5540.5,0.286,14
Uppal,2116.8,4,4,1.0,1,10,25,10831288.0,5116.8,0.4,19
Ameerpet,1041.6,2,2,1.0,7,12,19,6868389.0,6594.1,0.632,0
Jubilee Hills,1692.1,3,4,2.0,10,10,15,23448355.0,13857.5,0.667,7
Shaikpet,1481.2,3,4,2.0,0,15,16,12180166.0,8223.2,0.938,17
Kondapur,1706.0,3,4,3.0,3,4,13,13164771.0,7716.7,0.308,9
Uppal,3698.4,5,6,3.0,15,4,6,12944688.0,3500.1,0.667,19
LB Nagar,1240.8,2,3,0.0,1,20,23,5602981.0,4515.6,0.87,11
Madhapur,640.4,1,1,3.0,5,4,6,4966495.0,7755.3,0.667,12
Financial District,1115.4,2,2,1.0,10,11,21,11559878.0,10363.9,0.524,4
Kondapur,1396.5,2,2,1.0,7,5,16,9291871.0,6653.7,0.312,9
Shaikpet,1361.0,2,3,1.0,25,9,9,7480396.0,5496.2,1.0,17
Gachibowli,1022.7,2,2,0.0,0,3,3,7765978.0,7593.6,1.0,5
Uppal,1778.8,3,3,2.0,3,14,25,9371637.0,5268.5,0.56,19
Ameerpet,1222.4,2,2,0.0,0,4,4,7609181.0,6224.8,1.0,0
Gachibowli,1096.8,2,3,2.0,25,19,24,8222494.0,7496.8,0.792,5
Kukatpally,1068.8,2,2,1.0,3,4,8,6528505.0,6108.3,0.5,10
Uppal,1248.7,2,2,3.0,20,1,2,5471306.0,4381.6,0.5,19
Shaikpet,1738.1,3,3,1.0,2,9,22,12855563.0,7396.3,0.409,17
Ameerpet,3852.4,5,6,2.0,1,1,19,25306101.0,6568.9,0.053,0
Madhapur,1177.8,2,3,1.0,5,7,7,9460913.0,8032.7,1.0,12
Uppal,1825.7,3,3,1.0,3,4,4,7445418.0,4078.1,1.0,19
Gachibowli,1272.5,2,2,1.0,1,5,14,10998861.0,8643.5,0.357,5
Nizampet,3050.3,5,5,1.0,10,14,17,16150630.0,5294.8,0.824,16
Nallagandla,1359.8,2,2,1.0,5,17,17,8447918.0,6212.6,1.0,15
Miyapur,1238.9,2,2,2.0,5,6,23,6553459.0,5289.7,0.261,14
Begumpet,592.6,1,2,3.0,1,9,24,4764885.0,8040.6,0.375,2
Kompally,2520.1,4,4,2.0,5,10,12,11532483.0,4576.2,0.833,8
Hitech City,1660.2,3,3,0.0,15,7,14,13121886.0,7903.8,0.5,6
Bowenpally,1294.6,3,3,1.0,1,2,23,6382397.0,4930.0,0.087,3
LB Nagar,2590.8,4,5,0.0,7,10,24,11518041.0,4445.7,0.417,11
Nizampet,2242.1,4,4,1.0,3,13,21,12222652.0,5451.4,0.619,16
Gachibowli,770.3,1,1,2.0,20,8,20,5798664.0,7527.8,0.4,5
Manikonda,1304.8,3,3,2.0,3,0,7,7508526.0,5754.5,0.0,13
Jubilee Hills,1238.2,2,3,1.0,1,0,4,17018733.0,13744.7,0.0,7
Tellapur,1598.6,3,4,1.0,7,7,18,11890517.0,7438.1,0.389,18
Tellapur,1285.1,2,2,1.0,0,4,25,8551799.0,6654.6,0.16,18
Nizampet,2883.1,4,4,1.0,5,4,11,13912540.0,4825.5,0.364,16
Ameerpet,1209.4,2,2,1.0,1,4,4,7442086.0,6153.5,1.0,0
Nallagandla,3324.5,5,6,2.0,2,5,9,23584867.0,7094.3,0.556,15
Ameerpet,508.7,1,1,1.0,3,4,17,3425338.0,6733.5,0.235,0
Jubilee Hills,1408.9,3,3,1.0,3,4,7,21222802.0,15063.4,0.571,7
Kukatpally,1163.9,2,3,1.0,3,2,4,6836736.0,5874.0,0.5,10
Bowenpally,2711.5,4,4,1.0,3,0,10,15293201.0,5640.1,0.0,3
Hitech City,1780.6,3,3,1.0,15,13,15,15218079.0,8546.6,0.867,6
Kukatpally,1013.1,2,3,2.0,2,6,9,6206293.0,6126.0,0.667,10
Nizampet,1803.9,3,3,0.0,7,0,20,8332307.0,4619.1,0.0,16
Kondapur,1578.0,3,4,1.0,5,12,16,11396606.0,7222.2,0.75,9
Miyapur,515.8,1,2,1.0,7,0,7,2556382.0,4956.1,0.0,14
LB Nagar,1068.1,2,2,1.0,7,3,11,4347559.0,4070.4,0.273,11
Begumpet,1647.1,3,4,1.0,7,7,23,11077475.0,6725.4,0.304,2
Financial District,907.5,2,3,1.0,15,7,11,8505548.0,9372.5,0.636,4
Tellapur,1903.0,4,4,2.0,2,1,12,12644315.0,6644.4,0.083,18
Begumpet,1115.5,2,3,1.0,0,17,20,9265943.0,8306.5,0.85,2
Begumpet,1238.7,2,3,1.0,10,1,13,8373429.0,6759.9,0.077,2
LB Nagar,932.0,2,3,1.0,3,4,10,4173685.0,4478.2,0.4,11
Manikonda,1805.9,3,4,2.0,0,2,16,12475874.0,6908.4,0.125,13
Shaikpet,786.3,1,1,1.0,20,4,20,4327076.0,5503.1,0.2,17
Ameerpet,1059.0,2,3,2.0,10,2,10,6279869.0,5930.0,0.2,0
Begumpet,1168.3,2,3,0.0,2,11,23,7822570.0,6695.7,0.478,2
Banjara Hills,1345.2,3,3,1.0,7,1,14,18266195.0,13578.8,0.071,1
Begumpet,1922.1,4,5,2.0,1,6,6,14559739.0,7574.9,1.0,2
Kukatpally,1046.1,2,3,3.0,7,17,21,6010432.0,5745.6,0.81,10
Nallagandla,1583.4,3,3,1.0,3,6,8,10333155.0,6525.9,0.75,15
Tellapur,3448.1,5,6,1.0,2,4,6,22096363.0,6408.3,0.667,18
Uppal,2138.2,4,4,1.0,10,11,12,8880052.0,4153.1,0.917,19
Ameerpet,1399.1,3,3,2.0,0,12,14,9974939.0,7129.5,0.857,0
Begumpet,1732.7,3,3,1.0,10,5,8,11404864.0,6582.1,0.625,2
Financial District,1603.1,3,3,2.0,5,8,10,14327860.0,8937.6,0.8,4
Begumpet,1089.6,2,2,1.0,3,10,16,8250974.0,7572.5,0.625,2
Bowenpally,1585.3,3,4,2.0,10,11,17,7572032.0,4776.4,0.647,3
Bowenpally,1211.4,2,3,3.0,0,8,13,6727529.0,5553.5,0.615,3
Hitech City,1894.9,3,3,1.0,1,7,16,18435645.0,9729.1,0.438,6
Ameerpet,1497.7,3,3,2.0,7,2,13,8375561.0,5592.3,0.154,0
Banjara Hills,1727.2,3,3,2.0,2,6,11,24666087.0,14281.0,0.545,1
LB Nagar,1715.7,3,4,0.0,2,20,24,7254142.0,4228.1,0.833,11
Ameerpet,1207.1,2,2,2.0,5,5,11,7635338.0,6325.4,0.455,0
LB Nagar,1715.0,3,3,3.0,7,6,10,6192328.0,3610.7,0.6,11
Shaikpet,1054.2,2,3,2.0,20,17,22,6182456.0,5864.6,0.773,17
Miyapur,782.6,2,3,1.0,10,2,18,4287728.0,5478.8,0.111,14
Kukatpally,1511.2,3,3,1.0,3,7,11,9643050.0,6381.1,0.636,10
Shaikpet,1505.1,3,4,1.0,20,18,23,9490215.0,6305.4,0.783,17
Uppal,1696.2,3,3,2.0,1,11,12,8135091.0,4796.1,0.917,19
Tellapur,1580.6,3,3,1.0,10,12,18,10089950.0,6383.6,0.667,18
Gachibowli,1054.5,2,2,1.0,20,14,25,7750006.0,7349.5,0.56,5
Miyapur,1742.8,3,3,2.0,2,12,13,9484120.0,5441.9,0.923,14
LB Nagar,1549.7,3,4,2.0,3,3,6,7562524.0,4880.0,0.5,11
LB Nagar,2432.1,4,4,1.0,15,12,22,8761757.0,3602.5,0.545,11
LB Nagar,996.9,2,2,1.0,15,0,20,3816366.0,3828.2,0.0,11
Miyapur,1656.4,3,3,1.0,10,16,18,9638282.0,5818.8,0.889,14
Tellapur,3040.2,5,6,1.0,7,15,16,20625182.0,6784.2,0.938,18
Kompally,2024.3,4,4,3.0,3,11,24,10765693.0,5318.2,0.458,8
LB Nagar,2094.0,3,3,1.0,2,3,15,8955974.0,4277.0,0.2,11
Kukatpally,1289.4,2,2,2.0,15,5,25,7416596.0,5752.0,0.2,10
Financial District,1668.2,3,3,1.0,1,5,5,15746742.0,9439.4,1.0,4
Kukatpally,1644.9,3,3,1.0,5,5,21,10435347.0,6344.1,0.238,10
Hitech City,2032.4,4,4,1.0,5,14,20,18405790.0,9056.2,0.7,6
Miyapur,1426.2,3,3,0.0,3,1,7,7955399.0,5578.0,0.143,14
Banjara Hills,852.7,2,2,1.0,7,10,24,11586139.0,13587.6,0.417,1
Nizampet,940.9,2,2,0.0,7,2,7,4834465.0,5138.1,0.286,16
Jubilee Hills,821.8,2,2,2.0,25,1,7,9587846.0,11666.9,0.143,7
Financial District,1171.9,2,3,2.0,20,11,11,11160683.0,9523.6,1.0,4
Shaikpet,2114.6,4,4,1.0,1,3,3,13105271.0,6197.5,1.0,17
Kompally,1837.5,3,3,2.0,7,2,5,8900857.0,4844.0,0.4,8
Nizampet,1568.0,3,4,2.0,5,2,4,7762417.0,4950.5,0.5,16
Hitech City,1986.8,3,3,1.0,1,2,8,17732878.0,8925.3,0.25,6
Kondapur,573.8,1,1,2.0,5,6,8,4104679.0,7153.5,0.75,9
Kukatpally,1572.4,3,3,2.0,25,8,11,7644558.0,4861.7,0.727,10
Nallagandla,2052.6,4,5,2.0,2,5,7,14800977.0,7210.8,0.714,15
Manikonda,1524.9,3,3,2.0,0,7,24,9631656.0,6316.3,0.292,13
Kompally,1823.3,3,3,1.0,15,4,17,8444236.0,4631.3,0.235,8
Hitech City,1288.6,2,2,0.0,7,3,7,11653193.0,9043.3,0.429,6
Nizampet,1189.5,2,3,1.0,10,3,24,6747167.0,5672.3,0.125,16
Tellapur,1766.7,3,4,1.0,10,5,18,12082250.0,6838.9,0.278,18
Kukatpally,2210.4,4,5,2.0,3,17,17,14988261.0,6780.8,1.0,10
Kukatpally,2617.6,4,5,0.0,0,9,17,16267750.0,6214.8,0.529,10
Nallagandla,2403.4,4,4,1.0,7,6,13,15191994.0,6321.0,0.462,15
Shaikpet,1988.6,4,5,2.0,3,1,3,15312502.0,7700.1,0.333,17
Hitech City,1171.4,2,3,0.0,7,9,13,9969924.0,8511.1,0.692,6
Jubilee Hills,1062.0,2,2,1.0,10,10,12,14747890.0,13886.9,0.833,7
Madhapur,1475.3,3,3,1.0,20,4,12,9250144.0,6270.0,0.333,12
Miyapur,1533.2,3,4,1.0,0,12,19,8042662.0,5245.7,0.632,14
Tellapur,1501.0,3,3,3.0,15,4,7,9528091.0,6347.8,0.571,18
Miyapur,1547.8,3,3,1.0,0,5,6,8525935.0,5508.4,0.833,14
Manikonda,898.0,2,2,2.0,1,4,21,5900372.0,6570.6,0.19,13
Financial District,1110.7,2,3,1.0,1,0,4,9228998.0,8309.2,0.0,4
Kondapur,2113.6,4,4,1.0,7,8,13,16496967.0,7805.2,0.615,9
Banjara Hills,1537.8,3,4,3.0,20,5,14,19344392.0,12579.3,0.357,1
Manikonda,2588.9,5,5,1.0,3,0,12,16192069.0,6254.4,0.0,13
Tellapur,2391.2,4,5,1.0,10,0,3,14381662.0,6014.4,0.0,18
Ameerpet,1469.8,2,2,2.0,2,22,22,9191670.0,6253.7,1.0,0
Bowenpally,1808.3,3,4,1.0,5,5,17,9336386.0,5163.1,0.294,3
Kukatpally,2907.6,5,6,1.0,5,4,13,15759180.0,5420.0,0.308,10
Ameerpet,1317.5,3,3,1.0,0,9,14,9347061.0,7094.5,0.643,0
Shaikpet,1229.2,3,4,2.0,0,9,20,9043629.0,7357.3,0.45,17
Nallagandla,2415.2,4,4,3.0,2,0,6,15754654.0,6523.1,0.0,15
Financial District,1158.3,2,3,3.0,7,6,15,11137556.0,9615.4,0.4,4
Financial District,2100.0,4,4,1.0,1,20,20,19780024.0,9419.1,1.0,4
Gachibowli,875.4,2,2,1.0,3,6,24,8159888.0,9321.3,0.25,5
LB Nagar,1246.0,2,3,3.0,10,0,5,5479050.0,4397.3,0.0,11
Madhapur,1460.4,3,3,1.0,1,4,13,11352380.0,7773.5,0.308,12
Bowenpally,1577.2,3,4,1.0,0,4,6,8640526.0,5478.4,0.667,3
Kondapur,1305.8,3,3,2.0,0,7,7,7776556.0,5955.4,1.0,9
Nizampet,1262.4,2,2,2.0,3,13,15,7285605.0,5771.2,0.867,16
Nizampet,691.8,1,1,1.0,10,10,20,3977813.0,5749.9,0.5,16
Ameerpet,2653.2,4,5,2.0,7,12,20,16209209.0,6109.3,0.6,0
Nizampet,1410.5,3,3,1.0,3,13,22,7576201.0,5371.3,0.591,16
LB Nagar,1357.1,2,3,1.0,3,1,21,5728879.0,4221.4,0.048,11
Hitech City,1228.9,2,2,1.0,2,9,17,12688847.0,10325.4,0.529,6
Kompally,1394.0,3,4,2.0,3,7,22,6698394.0,4805.2,0.318,8
Kondapur,1787.7,3,4,3.0,3,10,16,14841535.0,8302.0,0.625,9
Kukatpally,1494.4,3,3,2.0,3,13,15,8900424.0,5955.9,0.867,10
Financial District,1974.1,4,4,2.0,15,1,8,15756599.0,7981.7,0.125,4
Shaikpet,553.9,1,1,1.0,7,5,16,3627422.0,6548.9,0.312,17
Nallagandla,1001.2,2,3,1.0,1,0,5,6841605.0,6833.4,0.0,15
Tellapur,1405.2,2,2,1.0,2,7,13,9565764.0,6807.4,0.538,18
Manikonda,1541.4,3,3,0.0,3,1,6,9287696.0,6025.5,0.167,13
Tellapur,920.3,2,3,1.0,7,2,3,6625125.0,7198.9,0.667,18
Kompally,2462.1,4,5,3.0,7,8,20,12279355.0,4987.4,0.4,8
Hitech City,588.2,1,1,1.0,5,9,9,5009516.0,8516.7,1.0,6
Nallagandla,973.5,1,1,1.0,15,1,16,5346468.0,5492.0,0.062,15
Banjara Hills,1115.4,2,2,2.0,0,5,6,15523622.0,13917.5,0.833,1
Tellapur,1486.3,3,3,1.0,0,3,7,9421928.0,6339.2,0.429,18
Financial District,1938.9,3,4,2.0,15,10,11,18117365.0,9344.1,0.909,4
Tellapur,1310.4,2,3,1.0,7,21,23,11605682.0,8856.6,0.913,18
Nallagandla,955.8,2,3,1.0,2,15,21,6389924.0,6685.4,0.714,15
Shaikpet,1851.3,3,4,2.0,0,1,5,13418985.0,7248.4,0.2,17
Financial District,997.3,2,2,1.0,0,0,21,9545332.0,9571.2,0.0,4
Kukatpally,1011.6,2,2,1.0,25,4,20,4759370.0,4704.8,0.2,10
Financial District,2453.5,4,4,2.0,7,1,13,23342841.0,9514.1,0.077,4
Nizampet,1736.5,3,3,2.0,5,1,5,7809108.0,4497.0,0.2,16
Financial District,1226.3,2,2,1.0,3,1,9,11021210.0,8987.4,0.111,4
Ameerpet,1822.5,3,4,1.0,1,7,10,9729268.0,5338.4,0.7,0
Uppal,1116.2,2,2,2.0,0,3,4,4774382.0,4277.4,0.75,19
Madhapur,2471.9,5,6,1.0,3,0,2,18908006.0,7649.2,0.0,12
Begumpet,2010.9,3,4,1.0,2,2,3,14431519.0,7176.6,0.667,2
Bowenpally,1684.5,3,3,2.0,10,4,8,8071530.0,4791.6,0.5,3
Nizampet,1141.3,2,3,1.0,0,1,6,5438202.0,4764.9,0.167,16
LB Nagar,2574.3,4,5,0.0,1,8,23,12766488.0,4959.2,0.348,11
Kukatpally,3289.5,5,6,1.0,3,9,17,21761035.0,6615.3,0.529,10
Kondapur,1613.0,3,3,1.0,10,0,2,9778250.0,6062.2,0.0,9
Gachibowli,2057.2,4,5,1.0,0,0,8,16921332.0,8225.4,0.0,5
Madhapur,1494.2,3,3,1.0,15,19,24,11046317.0,7392.8,0.792,12
Uppal,1056.0,2,2,3.0,7,5,20,4540801.0,4300.0,0.25,19
Gachibowli,1426.3,3,4,1.0,0,1,6,12707992.0,8909.8,0.167,5
Manikonda,1047.0,2,2,1.0,0,14,21,6879021.0,6570.2,0.667,13
Shaikpet,1925.0,3,4,1.0,2,10,12,15753230.0,8183.5,0.833,17
Uppal,1177.1,2,2,1.0,5,0,25,4833433.0,4106.2,0.0,19
Bowenpally,1346.5,2,2,1.0,10,0,6,6523409.0,4844.7,0.0,3
Kompally,583.2,1,2,2.0,25,11,18,2531762.0,4341.2,0.611,8
Shaikpet,2886.8,5,5,1.0,3,15,17,19685946.0,6819.3,0.882,17
Financial District,1488.3,3,3,3.0,0,3,5,14666006.0,9854.2,0.6,4
Gachibowli,1991.1,3,3,0.0,25,0,19,14088128.0,7075.6,0.0,5
Banjara Hills,1558.6,3,4,2.0,5,11,11,23721711.0,15219.9,1.0,1
Financial District,1834.4,3,4,0.0,3,2,8,18460206.0,10063.3,0.25,4
Madhapur,2258.1,4,5,1.0,1,0,7,19276451.0,8536.6,0.0,12
Hitech City,616.6,1,1,1.0,3,4,6,5003557.0,8114.8,0.667,6
Madhapur,1324.5,2,3,1.0,20,21,25,11698285.0,8832.2,0.84,12
Hitech City,995.1,2,3,1.0,15,1,17,7787438.0,7825.8,0.059,6
Miyapur,1437.1,2,3,2.0,5,11,12,8359015.0,5816.6,0.917,14
Kondapur,2211.0,4,5,2.0,5,7,14,16280093.0,7363.2,0.5,9
Banjara Hills,1673.0,3,4,1.0,15,3,9,22097462.0,13208.3,0.333,1
Kompally,907.0,2,2,1.0,3,14,15,4441422.0,4896.8,0.933,8
Shaikpet,1265.9,3,4,1.0,5,4,16,8759177.0,6919.3,0.25,17
Madhapur,2300.6,4,4,0.0,5,5,19,18348229.0,7975.4,0.263,12
Miyapur,1285.1,2,3,1.0,15,9,24,6650362.0,5175.0,0.375,14
Uppal,1230.4,2,2,1.0,3,0,3,6258446.0,5086.5,0.0,19
Shaikpet,559.9,1,1,1.0,10,2,16,3828007.0,6836.9,0.125,17
Bowenpally,1585.8,3,4,1.0,10,7,22,7070924.0,4458.9,0.318,3
Shaikpet,2462.9,4,4,2.0,15,2,12,17163451.0,6968.8,0.167,17
Uppal,1180.4,2,3,2.0,10,6,14,4669204.0,3955.6,0.429,19
Miyapur,1779.8,3,3,1.0,3,4,7,10365830.0,5824.2,0.571,14
Uppal,1574.8,3,3,2.0,20,9,25,6735898.0,4277.3,0.36,19
LB Nagar,1603.8,3,3,1.0,10,8,16,6894851.0,4299.1,0.5,11
Nallagandla,1847.7,3,3,1.0,0,0,10,13262272.0,7177.7,0.0,15
Ameerpet,1446.2,3,3,2.0,1,0,4,8100650.0,5601.3,0.0,0
Financial District,1319.5,2,2,1.0,1,16,19,12595875.0,9545.9,0.842,4
Jubilee Hills,1411.9,3,3,1.0,0,6,12,21126217.0,14963.0,0.5,7
Hitech City,2242.2,4,5,2.0,20,1,22,15518960.0,6921.3,0.045,6
Madhapur,2647.9,4,5,1.0,10,0,2,20202888.0,7629.8,0.0,12
Hitech City,1887.3,3,4,1.0,5,5,16,18199199.0,9643.0,0.312,6
Banjara Hills,1514.8,3,3,1.0,10,6,15,19027233.0,12560.9,0.4,1
Nizampet,1765.0,3,3,2.0,3,17,18,11399149.0,6458.4,0.944,16
Madhapur,674.2,1,1,1.0,15,4,24,5224220.0,7748.8,0.167,12
Kompally,624.7,1,2,1.0,25,2,8,2496187.0,3995.8,0.25,8
Nallagandla,2535.3,4,5,1.0,0,1,5,17357884.0,6846.5,0.2,15
Tellapur,2415.9,4,5,1.0,25,0,14,13561989.0,5613.6,0.0,18
Financial District,1869.4,3,4,3.0,7,5,18,17339669.0,9275.5,0.278,4
Kondapur,1752.5,3,3,2.0,0,0,25,12411722.0,7082.3,0.0,9
Kompally,1714.6,3,4,1.0,7,3,4,8304395.0,4843.3,0.75,8
Shaikpet,1639.9,3,3,1.0,3,9,16,10065459.0,6137.8,0.562,17
Begumpet,1255.1,2,2,1.0,25,4,11,8041376.0,6407.0,0.364,2
Kukatpally,984.3,2,3,2.0,2,4,14,5253307.0,5337.1,0.286,10
Shaikpet,1127.7,2,2,1.0,5,19,22,7631862.0,6767.6,0.864,17
Manikonda,2781.9,4,5,2.0,1,13,17,16859908.0,6060.6,0.765,13
Begumpet,1714.7,3,3,1.0,2,0,9,12104759.0,7059.4,0.0,2
Gachibowli,1754.4,4,4,1.0,20,2,5,10867943.0,6194.7,0.4,5
Nallagandla,1938.8,3,3,1.0,0,2,11,14133040.0,7289.6,0.182,15
Kondapur,1816.8,3,3,2.0,5,1,4,12940391.0,7122.6,0.25,9
Kukatpally,706.7,1,1,0.0,2,16,16,4376880.0,6193.4,1.0,10
Nizampet,2320.0,4,4,2.0,1,15,19,12694379.0,5471.7,0.789,16
Kompally,1223.7,2,2,3.0,10,0,4,6021585.0,4920.8,0.0,8
Bowenpally,1302.5,2,2,3.0,3,5,8,7885280.0,6054.0,0.625,3
Banjara Hills,1660.5,3,4,1.0,3,5,13,24381572.0,14683.3,0.385,1
Kompally,1629.7,3,4,2.0,25,15,19,7709633.0,4730.7,0.789,8
Tellapur,1642.9,3,4,2.0,3,1,9,11448352.0,6968.4,0.111,18
Ameerpet,1785.8,3,4,1.0,5,4,6,11191402.0,6266.9,0.667,0
Banjara Hills,1211.5,2,3,1.0,10,2,19,16797629.0,13865.1,0.105,1
Madhapur,3131.1,4,4,1.0,20,5,17,23973473.0,7656.6,0.294,12
Tellapur,2230.4,4,4,1.0,5,4,4,14801276.0,6636.2,1.0,18
Begumpet,716.7,1,2,1.0,5,1,13,5480860.0,7647.4,0.077,2
Madhapur,1554.4,2,3,2.0,2,11,11,15617266.0,10047.1,1.0,12
Gachibowli,2353.7,4,4,1.0,2,11,13,20973395.0,8910.8,0.846,5
Kondapur,1895.8,3,4,0.0,2,2,12,12710392.0,6704.5,0.167,9
Financial District,1452.2,2,3,1.0,5,11,24,14725448.0,10140.1,0.458,4
Uppal,1378.2,3,4,2.0,15,17,21,5783297.0,4196.3,0.81,19
Begumpet,1984.7,3,3,1.0,3,5,5,15763484.0,7942.5,1.0,2
Jubilee Hills,1764.7,3,3,2.0,3,1,6,24861121.0,14088.0,0.167,7
Nizampet,2575.3,4,4,2.0,10,6,16,13583237.0,5274.4,0.375,16
Nizampet,1320.4,3,3,2.0,0,2,11,7437784.0,5633.0,0.182,16
Begumpet,1688.9,3,3,0.0,7,15,16,13476868.0,7979.7,0.938,2
Hitech City,1164.1,2,2,2.0,2,7,15,10196398.0,8759.0,0.467,6
Gachibowli,3029.0,5,5,2.0,10,1,7,24409919.0,8058.7,0.143,5
Shaikpet,544.5,1,1,0.0,1,0,10,3519941.0,6464.5,0.0,17
LB Nagar,2201.6,3,3,1.0,10,1,16,9483210.0,4307.4,0.062,11
Banjara Hills,1512.3,2,3,1.0,2,1,7,22349590.0,14778.5,0.143,1
Nizampet,3519.5,5,5,1.0,0,2,7,19658228.0,5585.5,0.286,16
Financial District,1548.9,3,3,1.0,1,8,11,15046834.0,9714.5,0.727,4
LB Nagar,1601.6,3,3,3.0,5,2,25,6769048.0,4226.4,0.08,11
Shaikpet,953.9,2,2,1.0,7,1,9,6558382.0,6875.3,0.111,17
Bowenpally,775.1,2,2,2.0,7,5,25,3663658.0,4726.7,0.2,3
Manikonda,1690.7,3,3,1.0,15,6,23,9206793.0,5445.6,0.261,13
Hitech City,1240.5,2,3,1.0,0,6,25,11298385.0,9107.9,0.24,6
Bowenpally,1717.2,3,4,1.0,3,13,15,8377978.0,4878.9,0.867,3
Tellapur,1315.1,3,4,1.0,10,10,10,8193809.0,6230.6,1.0,18
Manikonda,643.1,1,1,2.0,25,15,22,2958932.0,4601.0,0.682,13
Hitech City,1598.4,3,4,1.0,2,3,5,15424842.0,9650.2,0.6,6
Manikonda,866.3,2,2,1.0,0,19,20,6189434.0,7144.7,0.95,13
Bowenpally,1233.4,3,4,2.0,3,9,13,6797016.0,5510.8,0.692,3
Nizampet,2192.1,3,3,1.0,2,4,12,11460353.0,5228.0,0.333,16
Kukatpally,3360.4,5,5,0.0,2,0,17,19969404.0,5942.6,0.0,10
Banjara Hills,1118.9,2,2,2.0,5,17,20,15582698.0,13926.8,0.85,1
Nizampet,1686.9,3,3,1.0,7,0,25,8702514.0,5158.9,0.0,16
Manikonda,1268.7,2,2,1.0,5,3,4,7603003.0,5992.8,0.75,13
Nallagandla,1576.6,3,3,1.0,0,7,9,10416636.0,6607.0,0.778,15
LB Nagar,1509.2,3,3,3.0,0,3,3,7937750.0,5259.6,1.0,11
Tellapur,1317.9,3,4,1.0,10,8,22,8315329.0,6309.5,0.364,18
LB Nagar,2648.1,5,6,3.0,25,3,8,8755847.0,3306.5,0.375,11
Gachibowli,2306.2,4,5,1.0,5,16,16,20260559.0,8785.3,1.0,5
Shaikpet,1975.9,4,4,1.0,5,8,24,12999676.0,6579.1,0.333,17
Ameerpet,1179.6,2,2,1.0,20,6,16,6861477.0,5816.8,0.375,0
Nizampet,1487.8,2,3,3.0,20,8,8,6273453.0,4216.6,1.0,16
Hitech City,823.4,2,2,2.0,20,2,14,6500768.0,7895.0,0.143,6
Madhapur,1857.4,4,4,1.0,20,0,15,12374689.0,6662.4,0.0,12
Kukatpally,1943.3,3,4,1.0,2,2,14,11183646.0,5755.0,0.143,10
Kukatpally,2847.2,4,5,3.0,5,14,21,21015986.0,7381.3,0.667,10
Nizampet,1416.7,2,2,0.0,20,0,2,6070010.0,4284.6,0.0,16
Kukatpally,1990.2,3,4,3.0,10,1,5,10527243.0,5289.5,0.2,10
Hitech City,2708.1,4,4,1.0,5,21,23,24734116.0,9133.4,0.913,6
Nallagandla,1266.6,2,3,1.0,1,9,10,8458537.0,6678.1,0.9,15
Hitech City,735.7,1,2,1.0,5,6,6,6266308.0,8517.5,1.0,6
Jubilee Hills,1176.0,2,3,1.0,10,9,15,16591685.0,14108.6,0.6,7
Ameerpet,1437.1,2,2,3.0,3,9,19,9381764.0,6528.3,0.474,0
Madhapur,1410.4,3,3,1.0,10,0,4,9901019.0,7020.0,0.0,12
Hitech City,1918.0,3,3,1.0,7,11,12,19251073.0,10037.1,0.917,6
Manikonda,1126.1,2,2,0.0,3,1,6,6858892.0,6090.8,0.167,13
Gachibowli,1561.6,3,4,2.0,5,8,25,12541076.0,8030.9,0.32,5
Miyapur,1223.2,2,3,0.0,5,14,25,5999022.0,4904.4,0.56,14
LB Nagar,1098.4,2,3,3.0,7,20,23,5106290.0,4648.8,0.87,11
Nallagandla,1500.4,3,3,0.0,2,2,2,10222146.0,6812.9,1.0,15
Hitech City,2614.6,4,5,2.0,1,0,16,25648235.0,9809.6,0.0,6
Begumpet,623.0,1,1,1.0,7,3,6,4316429.0,6928.5,0.5,2
Nallagandla,2007.7,4,4,2.0,10,23,23,13854719.0,6900.8,1.0,15
Manikonda,625.0,1,1,1.0,7,2,2,3329811.0,5327.7,1.0,13
Nizampet,655.9,1,2,3.0,15,18,18,3220608.0,4910.2,1.0,16
Uppal,1414.6,3,4,1.0,7,4,9,6522859.0,4611.1,0.444,19
Begumpet,1049.9,2,2,1.0,20,12,13,7446903.0,7093.0,0.923,2
Kompally,2092.1,4,4,1.0,2,22,23,11106195.0,5308.6,0.957,8
Ameerpet,1688.8,3,3,1.0,10,1,3,8674184.0,5136.3,0.333,0
Madhapur,1085.4,2,3,2.0,10,2,5,9074755.0,8360.7,0.4,12
Tellapur,1992.7,3,3,1.0,15,3,14,12826951.0,6437.0,0.214,18
Shaikpet,1118.0,2,3,2.0,1,9,19,9429368.0,8434.1,0.474,17
Kondapur,3672.8,5,6,2.0,7,0,7,23438619.0,6381.7,0.0,9
Madhapur,1465.0,3,3,2.0,3,1,8,13238682.0,9036.6,0.125,12
Banjara Hills,1092.0,2,3,1.0,3,7,19,16932466.0,15505.9,0.368,1
Nizampet,1285.7,2,3,1.0,7,2,6,6058067.0,4711.9,0.333,16
Kukatpally,1580.9,3,3,1.0,10,10,12,9253837.0,5853.5,0.833,10
Gachibowli,1262.8,2,2,1.0,3,2,7,9429164.0,7466.9,0.286,5
Kompally,1132.5,2,2,2.0,20,10,12,6167593.0,5446.0,0.833,8
Begumpet,1245.3,2,2,1.0,3,1,2,9784216.0,7856.9,0.5,2
Uppal,1292.0,3,4,1.0,1,2,10,6170061.0,4775.6,0.2,19
LB Nagar,2253.1,4,4,1.0,2,14,14,9521283.0,4225.9,1.0,11
LB Nagar,1820.2,3,4,2.0,3,16,17,8018171.0,4405.1,0.941,11
Gachibowli,886.5,2,3,2.0,1,0,9,7345819.0,8286.3,0.0,5
Bowenpally,1332.7,3,3,1.0,3,6,11,7046203.0,5287.2,0.545,3
Tellapur,1424.2,3,4,1.0,3,1,4,10518019.0,7385.2,0.25,18
Madhapur,1175.4,2,3,2.0,7,2,9,8875909.0,7551.4,0.222,12
Shaikpet,963.5,2,2,1.0,5,9,10,6124199.0,6356.2,0.9,17
Bowenpally,1330.8,3,3,2.0,15,7,10,6423455.0,4826.8,0.7,3
Begumpet,1880.2,3,4,2.0,0,5,8,13790890.0,7334.8,0.625,2
Uppal,897.9,2,2,1.0,10,1,18,3790991.0,4222.1,0.056,19
Tellapur,928.0,2,3,1.0,10,5,13,6792789.0,7319.8,0.385,18
Jubilee Hills,1067.4,2,2,2.0,10,18,20,15166181.0,14208.5,0.9,7
Nizampet,1705.7,3,3,0.0,0,11,24,9208680.0,5398.8,0.458,16
Banjara Hills,1096.4,2,2,1.0,1,11,22,15899163.0,14501.2,0.5,1
Manikonda,1684.2,3,3,1.0,1,0,5,11429803.0,6786.5,0.0,13
Jubilee Hills,1483.6,3,3,1.0,20,18,21,19008978.0,12812.7,0.857,7
Kondapur,2242.0,4,4,1.0,5,2,5,15323301.0,6834.7,0.4,9
LB Nagar,1520.5,4,5,0.0,15,1,5,5361067.0,3525.9,0.2,11
Madhapur,562.8,1,1,1.0,7,2,3,4769772.0,8475.1,0.667,12
Tellapur,2865.2,5,5,1.0,5,10,21,20266353.0,7073.3,0.476,18
Gachibowli,1940.8,3,4,1.0,0,0,6,16835455.0,8674.5,0.0,5
Ameerpet,1442.6,3,3,1.0,25,5,24,7270639.0,5040.0,0.208,0
Kukatpally,1198.8,2,3,2.0,10,4,9,7796413.0,6503.5,0.444,10
Kukatpally,1538.9,3,3,2.0,2,9,22,9645989.0,6268.1,0.409,10
Financial District,1249.9,2,3,1.0,15,9,17,11562366.0,9250.6,0.529,4
Ameerpet,656.4,1,1,1.0,2,9,16,3973920.0,6054.1,0.562,0
Miyapur,1772.3,3,3,1.0,7,2,19,8121472.0,4582.4,0.105,14
Kondapur,1769.6,3,3,2.0,10,0,13,12529344.0,7080.3,0.0,9
Financial District,980.6,2,3,1.0,5,14,14,9115265.0,9295.6,1.0,4
Uppal,1276.2,2,3,0.0,3,2,9,4987428.0,3908.0,0.222,19
Ameerpet,1453.1,3,3,1.0,7,10,12,9627783.0,6625.7,0.833,0
Kondapur,624.7,1,2,1.0,7,2,2,4716546.0,7550.1,1.0,9
Ameerpet,1143.5,2,3,0.0,2,2,18,6239376.0,5456.4,0.111,0
Gachibowli,1401.3,3,4,1.0,1,5,5,11006263.0,7854.3,1.0,5
LB Nagar,972.0,2,2,1.0,10,6,21,4158180.0,4278.0,0.286,11
Hitech City,1980.6,3,3,1.0,7,4,4,16874958.0,8520.1,1.0,6
Manikonda,1655.2,3,3,2.0,2,18,19,10664864.0,6443.2,0.947,13
Manikonda,1118.4,2,3,2.0,1,11,18,6498032.0,5810.1,0.611,13
Manikonda,2271.8,4,4,1.0,15,3,22,12805854.0,5636.9,0.136,13
Madhapur,773.4,1,2,0.0,25,8,8,5154951.0,6665.3,1.0,12
Kompally,1540.2,3,3,1.0,3,9,13,8715400.0,5658.6,0.692,8
Uppal,1874.3,3,3,1.0,25,5,20,6777638.0,3616.1,0.25,19
LB Nagar,1487.7,3,4,1.0,5,14,15,6928609.0,4657.3,0.933,11
Uppal,2274.8,4,4,2.0,3,6,23,11706265.0,5146.1,0.261,19
Nallagandla,1090.4,2,2,2.0,0,3,6,6859707.0,6291.0,0.5,15
Begumpet,2526.0,4,4,1.0,10,13,21,17703182.0,7008.4,0.619,2
Gachibowli,2305.9,4,4,1.0,0,2,2,19589836.0,8495.5,1.0,5
Tellapur,2276.4,4,5,1.0,3,15,21,16210504.0,7121.1,0.714,18
Miyapur,1356.7,2,2,1.0,7,18,20,7908835.0,5829.5,0.9,14
Madhapur,2641.6,4,5,0.0,20,2,16,18023505.0,6823.0,0.125,12
Begumpet,1752.2,3,3,1.0,2,3,16,14694234.0,8386.2,0.188,2
Begumpet,1737.0,3,4,2.0,3,12,23,14255823.0,8207.2,0.522,2
LB Nagar,1257.2,2,2,1.0,20,5,5,4555886.0,3623.8,1.0,11
Ameerpet,1256.6,2,3,1.0,20,13,13,6404219.0,5096.5,1.0,0
Begumpet,1409.0,3,4,3.0,10,8,23,10146516.0,7201.2,0.348,2
Bowenpally,2805.0,5,6,0.0,3,7,11,13012458.0,4639.0,0.636,3
Begumpet,2068.8,4,5,1.0,7,5,24,15160207.0,7328.0,0.208,2
Financial District,639.2,1,2,1.0,5,0,25,5700701.0,8918.5,0.0,4
Ameerpet,2304.2,4,5,1.0,2,17,17,16458653.0,7142.9,1.0,0
